"","AA","AB","BA","BB"
"EV",0.415723677921209,0.415723677921415,0.415723677921379,0.415723677922361
"STD",9.17378975012587e-08,9.1737897501464e-08,9.1737897500549e-08,9.17378975008568e-08
"Q.05",0.415723527025799,0.415723527026005,0.415723527025969,0.415723527026951
"Q.95",0.415723828816626,0.415723828816832,0.415723828816796,0.415723828817778
"theta0",16863346717535.9,16863346717535.9,16863346717535.9,16863346717535.9
"theta1",11998590828639.3,11998590828639.3,11998590828639.3,11998590828639.3
