"","AA","AB","BA","BB"
"EV",0.415639200844163,0.415639193086722,0.415639201833553,0.415639194149708
"STD",8.42023909205321e-06,8.42024045442936e-06,8.42023763245799e-06,8.42023998929566e-06
"Q.05",0.415625350811353,0.415625343051671,0.415625351803144,0.415625344115422
"Q.95",0.415653050932974,0.415653043177774,0.415653051919963,0.415653044239995
"theta0",2001841058.67985,2001841058.67985,2001841058.67985,2001841058.67985
"theta1",1423852536.8082,1423852536.8082,1423852536.8082,1423852536.8082
