"","AA","AB","BA","BB"
"EV",0.420083278338263,0.411733023358853,0.415052778996626,0.417005824279694
"STD",0.00626984120447957,0.00587804933402327,0.00603767720148851,0.00547237921002059
"Q.05",0.409784872296462,0.40207873225019,0.405136100988003,0.408016121366767
"Q.95",0.43041101753545,0.421415954337864,0.424998468525552,0.426018780098874
"theta0",3205.21735384202,3205.21735384202,3205.21735384202,3205.21735384202
"theta1",2282.87463596256,2282.87463596256,2282.87463596256,2282.87463596256
