"","AA","AB","BA","BB"
"EV",0.275472121502552,0.275472119827,0.275472109635664,0.275472122560297
"STD",1.25690828910358e-05,1.25690847974441e-05,1.25690870211974e-05,1.25690882933615e-05
"Q.05",0.275451447403048,0.275451445724361,0.275451435529368,0.275451448451908
"Q.95",0.275492796006208,0.275492794333792,0.275492784146115,0.27549279707284
"theta0",915334765.488808,915334765.488808,915334765.488808,915334765.488808
"theta1",348018638.384715,348018638.384715,348018638.384715,348018638.384715
