"","AA","AB","BA","BB"
"EV",0.275499192640586,0.275499195573167,0.275499194058577,0.275499191176821
"STD",5.8015286633015e-06,5.80152899206667e-06,5.80152863244439e-06,5.80152896680317e-06
"Q.05",0.275489650018167,0.275489652950207,0.275489651436208,0.275489648553903
"Q.95",0.275508735349094,0.275508738282216,0.275508736767034,0.275508733885828
"theta0",4296482634.10642,4296482634.10642,4296482634.10642,4296482634.10642
"theta1",1633783550.1948,1633783550.1948,1633783550.1948,1633783550.1948
