"","AA","AB","BA","BB"
"EV",0.275499695162654,0.275499650042349,0.275499681683265,0.275499651963947
"STD",1.74604644739652e-05,1.74604504933681e-05,1.74604882247836e-05,1.74604854409276e-05
"Q.05",0.275470975644227,0.275470930546917,0.275470962125772,0.275470932411033
"Q.95",0.275528415460859,0.275528370317557,0.275528402020538,0.27552837229664
"theta0",474335130.235375,474335130.235375,474335130.235375,474335130.235375
"theta1",180371445.321856,180371445.321856,180371445.321856,180371445.321856
