"","AA","AB","BA","BB"
"EV",0.41565795127881,0.415658191951751,0.415656070304138,0.415652068549435
"STD",0.000215281435423625,0.000215271040723939,0.000215325837891091,0.000215301168064105
"Q.05",0.41530386312384,0.415304120892718,0.415301909121587,0.415297947941865
"Q.95",0.416012076031643,0.416012299605001,0.416010268100515,0.416006225764281
"theta0",3061109.22724201,3061109.22724201,3061109.22724201,3061109.22724201
"theta1",2177431.07698473,2177431.07698473,2177431.07698473,2177431.07698473
