"","AA","AB","BA","BB"
"EV",0.275495087911838,0.275495031674624,0.275495042339286,0.27549506112319
"STD",2.05954120846803e-05,2.05954897835284e-05,2.05954930506056e-05,2.05955051500545e-05
"Q.05",0.275461212016055,0.275461155651042,0.27546116631033,0.275461185074333
"Q.95",0.27552896489258,0.275528908783173,0.27552891945321,0.275528938257016
"theta0",340919229.423275,340919229.423275,340919229.423275,340919229.423275
"theta1",129635501.948365,129635501.948365,129635501.948365,129635501.948365
