"","AA","AB","BA","BB"
"EV",0.275480025897008,0.275480040940269,0.275480049087355,0.275480008552484
"STD",1.97579470456734e-05,1.97579490417244e-05,1.97579739938224e-05,1.97579731122257e-05
"Q.05",0.275447527465461,0.275447542505439,0.275447550611484,0.275447510078063
"Q.95",0.275512525327174,0.275512540373717,0.275512548561848,0.275512508025526
"theta0",370429293.238242,370429293.238242,370429293.238242,370429293.238242
"theta1",140846184.479481,140846184.479481,140846184.479481,140846184.479481
