"","AA","AB","BA","BB"
"EV",0.415645257520646,0.415645447221654,0.415645400511446,0.415645402918989
"STD",3.22952462204262e-05,3.22955079618031e-05,3.22954991168383e-05,3.22955459498152e-05
"Q.05",0.415592136979622,0.415592326250109,0.41559227955445,0.415592281884961
"Q.95",0.415698378885407,0.415698569016947,0.415698522292191,0.415698524776768
"theta0",136078788.627415,136078788.627415,136078788.627415,136078788.627415
"theta1",96791429.6661275,96791429.6661275,96791429.6661275,96791429.6661275
