"","AA","AB","BA","BB"
"EV",0.415654816024221,0.415654697828166,0.41565477774051,0.415654801381666
"STD",2.49652926780562e-05,2.49652698399099e-05,2.4965281871851e-05,2.49652489563124e-05
"Q.05",0.4156137520181,0.415613633859611,0.415613713752164,0.41561373744746
"Q.95",0.415695880522532,0.415695762288912,0.415695842221046,0.41569586580806
"theta0",227718042.701658,227718042.701658,227718042.701658,227718042.701658
"theta1",161979745.986292,161979745.986292,161979745.986292,161979745.986292
