"","AA","AB","BA","BB"
"EV",0.41565604024064,0.415656044930765,0.415656077068827,0.41565604228051
"STD",1.60657936726462e-05,1.60658042839379e-05,1.60657946719929e-05,1.60658042179338e-05
"Q.05",0.415629614463558,0.415629619136229,0.415629651290102,0.415629616486083
"Q.95",0.415682466221546,0.415682470929125,0.415682503051377,0.415682468278762
"theta0",549877365.996671,549877365.996671,549877365.996671,549877365.996671
"theta1",391139251.113477,391139251.113477,391139251.113477,391139251.113477
