"","AA","AB","BA","BB"
"EV",0.239674851862301,0.239674814130443,0.239674836884087,0.239674843180292
"STD",1.88321055588906e-05,1.88321061197611e-05,1.883207000862e-05,1.8832111024411e-05
"Q.05",0.23964387638123,0.23964383864845,0.239643861461489,0.239643867690232
"Q.95",0.239705828495481,0.239705790764546,0.23970581345879,0.239705819822463
"theta0",390681164.709581,390681164.709581,390681164.709581,390681164.709581
"theta1",123153157.067166,123153157.067166,123153157.067166,123153157.067166
