"","AA","AB","BA","BB"
"EV",0.415670386914372,0.415670448943036,0.415670539639476,0.41567065440677
"STD",4.25987347034912e-05,4.25990067816739e-05,4.25990257869084e-05,4.25991428566875e-05
"Q.05",0.415600318947431,0.415600380528575,0.415600471193754,0.415600585768489
"Q.95",0.415740456314055,0.415740518790256,0.415740609517957,0.415740724477817
"theta0",78209873.0242121,78209873.0242121,78209873.0242121,78209873.0242121
"theta1",55635626.8934181,55635626.8934181,55635626.8934181,55635626.8934181
