"","AA","AB","BA","BB"
"EV",0.239698808567322,0.239698812411422,0.239698813382164,0.239698817467033
"STD",7.0615172665907e-06,7.06151701940332e-06,7.0615187362559e-06,7.06151861998531e-06
"Q.05",0.239687193486017,0.239687197330523,0.239687198298442,0.239687202383502
"Q.95",0.239710423810592,0.239710427654285,0.239710428627851,0.239710432712529
"theta0",2778695202.24581,2778695202.24581,2778695202.24581,2778695202.24581
"theta1",876034330.781523,876034330.781523,876034330.781523,876034330.781523
