"","AA","AB","BA","BB"
"EV",0.27549553753341,0.275495806550212,0.275495482090644,0.27549552085862
"STD",4.36701333823766e-05,4.36696650959052e-05,4.36703716237848e-05,4.36702819401252e-05
"Q.05",0.275423708995148,0.275423978782156,0.275423653160538,0.275423692076019
"Q.95",0.275567370949651,0.275567639196133,0.275567315898785,0.275567354519234
"theta0",75826642.5370737,75826642.5370737,75826642.5370737,75826642.5370737
"theta1",28833372.1461787,28833372.1461787,28833372.1461787,28833372.1461787
