"","AA","AB","BA","BB"
"EV",0.415633094344383,0.415633097685961,0.415633130432862,0.415633137934302
"STD",2.05055361445145e-05,2.05055201937279e-05,2.0505527597786e-05,2.05054976013114e-05
"Q.05",0.415599365904949,0.415599369272763,0.415599402007486,0.415599409558265
"Q.95",0.415666823115956,0.415666826431297,0.415666859190377,0.415666866642476
"theta0",337550388.607167,337550388.607167,337550388.607167,337550388.607167
"theta1",240083966.268356,240083966.268356,240083966.268356,240083966.268356
