"","AA","AB","BA","BB"
"EV",0.415648952647982,0.415648972977582,0.41564899552097,0.415648969543485
"STD",1.94040149411532e-05,1.94040417138274e-05,1.94040018295481e-05,1.9404039946053e-05
"Q.05",0.415617036032303,0.415617056317866,0.415617078926857,0.415617052886677
"Q.95",0.415680869561016,0.415680889934653,0.415680912412437,0.415680886497648
"theta0",376955154.626039,376955154.626039,376955154.626039,376955154.626039
"theta1",268128257.543094,268128257.543094,268128257.543094,268128257.543094
