"","AA","AB","BA","BB"
"EV",0.239674973281881,0.239675115489331,0.239674800178807,0.239674909548459
"STD",3.97674949954216e-05,3.97674464755686e-05,3.97676054342782e-05,3.97675890423946e-05
"Q.05",0.239609564142312,0.239609706429562,0.239609390857601,0.23960950025421
"Q.95",0.239740387558951,0.239740529686584,0.23974021463755,0.239740323980235
"theta0",87610919.2550493,87610919.2550493,87610919.2550493,87610919.2550493
"theta1",27617323.2077079,27617323.2077079,27617323.2077079,27617323.2077079
