"","AA","AB","BA","BB"
"EV",0.419303910629465,0.39534118516131,0.431598769374874,0.414491259670514
"STD",0.0130870753291268,0.0111359471770831,0.010315040496778,0.00803755629186849
"Q.05",0.397841280491728,0.377085474740673,0.414665318693221,0.401296339562954
"Q.95",0.44089576090912,0.413720460166663,0.44859972902402,0.427737962948737
"theta0",493.965748034243,493.965748034243,493.965748034243,493.965748034243
"theta1",350.683991364712,350.683991364712,350.683991364712,350.683991364712
