"","AA","AB","BA","BB"
"EV",0.415670456592986,0.415670493256944,0.415670465546666,0.415670443836372
"STD",1.80198665576718e-05,1.80198807957594e-05,1.80198551586178e-05,1.80198760538845e-05
"Q.05",0.415640816678307,0.415640853318846,0.415640825650737,0.415640803906073
"Q.95",0.415700096764041,0.415700133451419,0.415700105698971,0.415700084023047
"theta0",437079742.467466,437079742.467466,437079742.467466,437079742.467466
"theta1",310922397.015924,310922397.015924,310922397.015924,310922397.015924
