"","AA","AB","BA","BB"
"EV",0.275475382677684,0.27547537730873,0.275475378946524,0.275475380540264
"STD",7.2195360103978e-06,7.21953674167258e-06,7.2195376901079e-06,7.21953795663123e-06
"Q.05",0.27546350766436,0.275463502294204,0.275463503930438,0.27546350552374
"Q.95",0.275487257824343,0.275487252456592,0.275487254095947,0.275487255690125
"theta0",2774407247.51166,2774407247.51166,2774407247.51166,2774407247.51166
"theta1",1054872214.33411,1054872214.33411,1054872214.33411,1054872214.33411
