"","AA","AB","BA","BB"
"EV",0.275443766359971,0.27544376615579,0.275443766664625,0.275443766600486
"STD",2.68958731908457e-06,2.68958730384344e-06,2.68958728486204e-06,2.68958725780995e-06
"Q.05",0.275439342391769,0.275439342187613,0.275439342696479,0.275439342632385
"Q.95",0.275448190346683,0.275448190142476,0.27544819065128,0.275448190587097
"theta0",19989679493.7191,19989679493.7191,19989679493.7191,19989679493.7191
"theta1",7599179131.59329,7599179131.59329,7599179131.59329,7599179131.59329
