"","AA","AB","BA","BB"
"EV",0.275483831904803,0.275483834125651,0.27548383179052,0.275483843057316
"STD",1.07313200497661e-05,1.07313162314839e-05,1.07313205406328e-05,1.07313174909706e-05
"Q.05",0.27546618060139,0.275466182828518,0.2754661804863,0.275466191758112
"Q.95",0.275501483502801,0.275501485717368,0.275501483389325,0.275501494651105
"theta0",1255699513.19511,1255699513.19511,1255699513.19511,1255699513.19511
"theta1",477456452.412193,477456452.412193,477456452.412193,477456452.412193
