"","AA","AB","BA","BB"
"EV",0.275500970646531,0.275501509356404,0.275501638688715,0.275501424865022
"STD",5.49968958405728e-05,5.49984455989863e-05,5.49982744042209e-05,5.49986270705685e-05
"Q.05",0.275410512671134,0.275411048832085,0.275411178445959,0.275410964042236
"Q.95",0.275591436358195,0.275591977617397,0.27559210666809,0.275591893424537
"theta0",47807301.1420343,47807301.1420343,47807301.1420343,47807301.1420343
"theta1",18179438.114626,18179438.114626,18179438.114626,18179438.114626
