"","AA","AB","BA","BB"
"EV",0.27541690336049,0.275416903358867,0.275416903362529,0.275416903406958
"STD",7.94328573326126e-07,7.94328571854231e-07,7.94328573162194e-07,7.94328571401212e-07
"Q.05",0.275415596807062,0.275415596805442,0.275415596809102,0.275415596853534
"Q.95",0.275418209915532,0.275418209913907,0.275418209917571,0.275418209961997
"theta0",229174670973.282,229174670973.282,229174670973.282,229174670973.282
"theta1",87110199650.5754,87110199650.5754,87110199650.5754,87110199650.5754
