"","AA","AB","BA","BB"
"EV",0.275517505192402,0.275517502203345,0.275517490128509,0.275517501065327
"STD",1.13532962269057e-05,1.13533083809322e-05,1.13533057560592e-05,1.13533098730162e-05
"Q.05",0.27549883084675,0.275498827837702,0.275498815767183,0.275498826697229
"Q.95",0.275536179867702,0.275536176898637,0.275536164819484,0.275536175763073
"theta0",1121914988.70418,1121914988.70418,1121914988.70418,1121914988.70418
"theta1",426659322.175516,426659322.175516,426659322.175516,426659322.175516
