"","AA","AB","BA","BB"
"EV",0.275459491377512,0.275483811219667,0.275562535326818,0.275469576513934
"STD",0.000683458145019361,0.000683379285713636,0.000682546837052946,0.000682207274575668
"Q.05",0.274335900438051,0.27436034975681,0.274440441350694,0.274348040847023
"Q.95",0.276584277408512,0.276608467303513,0.276685820386497,0.276592302821342
"theta0",308995.539404334,308995.539404334,308995.539404334,308995.539404334
"theta1",117495.720165368,117495.720165368,117495.720165368,117495.720165368
