"","AA","AB","BA","BB"
"EV",0.41568803577942,0.415688024908974,0.415688037244685,0.415688027816288
"STD",1.44013483923438e-05,1.44013712534111e-05,1.44013700792284e-05,1.44013744836117e-05
"Q.05",0.415664347751139,0.41566433684309,0.415664349180733,0.415664339745091
"Q.95",0.415711723971414,0.415711713138571,0.415711725472351,0.415711716051198
"theta0",684304107.103042,684304107.103042,684304107.103042,684304107.103042
"theta1",486823892.948272,486823892.948272,486823892.948272,486823892.948272
