"","AA","AB","BA","BB"
"EV",0.275493343798685,0.275493370329501,0.275493346883831,0.275493353794544
"STD",1.32910442624981e-05,1.32910598806773e-05,1.32910563599892e-05,1.32910628213102e-05
"Q.05",0.275471482202251,0.275471508707377,0.275471485267498,0.275471492167583
"Q.95",0.275515205846971,0.275515232403477,0.275515208952016,0.275515215873357
"theta0",818608649.714214,818608649.714214,818608649.714214,818608649.714214
"theta1",311275601.705685,311275601.705685,311275601.705685,311275601.705685
