"","AA","AB","BA","BB"
"EV",0.275519697621452,0.275519696671972,0.275519697554073,0.275519697610075
"STD",2.68917351390726e-06,2.68917370247895e-06,2.68917370962827e-06,2.68917373517725e-06
"Q.05",0.275515274333891,0.275515273384101,0.275515274266191,0.27551527432215
"Q.95",0.275524120927506,0.275524119978337,0.27552412086045,0.275524120916494
"theta0",19997149538.8462,19997149538.8462,19997149538.8462,19997149538.8462
"theta1",7604911505.63641,7604911505.63641,7604911505.63641,7604911505.63641
