"","AA","AB","BA","BB"
"EV",0.415660933931776,0.41566086710406,0.415660882058043,0.415660913586664
"STD",2.28229760333142e-05,2.28230402588661e-05,2.28229984553224e-05,2.28230444939677e-05
"Q.05",0.415623393682521,0.415623326749164,0.415623341771907,0.415623373224802
"Q.95",0.415698474592343,0.415698407870269,0.415698422755491,0.41569845435984
"theta0",272471849.509717,272471849.509717,272471849.509717,272471849.509717
"theta1",193818784.007131,193818784.007131,193818784.007131,193818784.007131
