"","AA","AB","BA","BB"
"EV",0.275521751296973,0.275521749745681,0.275521754671834,0.275521753805415
"STD",1.65093451959757e-05,1.65093816528543e-05,1.65093673281022e-05,1.65093654860404e-05
"Q.05",0.275494596189168,0.275494594577911,0.275494599527626,0.275494598664237
"Q.95",0.275548907101813,0.275548905610489,0.275548910513079,0.27554890964363
"theta0",530572778.172162,530572778.172162,530572778.172162,530572778.172162
"theta1",201778786.481853,201778786.481853,201778786.481853,201778786.481853
