"","AA","AB","BA","BB"
"EV",0.417883392971271,0.413391500222859,0.418692478317734,0.42018951929581
"STD",0.00533949090567275,0.00499837007191477,0.00601403651595203,0.00595321878420656
"Q.05",0.40911159486726,0.405180010498308,0.408813920914266,0.410410462641748
"Q.95",0.426677081047625,0.421623284410946,0.42859851860432,0.429994983663921
"theta0",3758.20320076605,3758.20320076605,3758.20320076605,3758.20320076605
"theta1",2694.08269762949,2694.08269762949,2694.08269762949,2694.08269762949
