"","AA","AB","BA","BB"
"EV",0.27545776689876,0.275457766909746,0.275457766900219,0.275457766904707
"STD",3.87285443686458e-07,3.87285443617608e-07,3.87285443931144e-07,3.87285443757157e-07
"Q.05",0.275457129871085,0.275457129882071,0.275457129872544,0.275457129877032
"Q.95",0.275458403926818,0.275458403937804,0.275458403928278,0.275458403932766
"theta0",964095562925.76,964095562925.76,964095562925.76,964095562925.76
"theta1",366531581892.586,366531581892.586,366531581892.586,366531581892.586
