"","AA","AB","BA","BB"
"EV",0.27549966627843,0.275499675210709,0.27549961807931,0.275499699261878
"STD",2.3638826332965e-05,2.36388689911e-05,2.36388322318429e-05,2.36388723439107e-05
"Q.05",0.275460784583834,0.275460793445949,0.275460736375011,0.275460817491603
"Q.95",0.275538549402285,0.275538558404733,0.275538501212868,0.275538582461416
"theta0",258787761.307859,258787761.307859,258787761.307859,258787761.307859
"theta1",98407051.0316905,98407051.0316905,98407051.0316905,98407051.0316905
