"","AA","AB","BA","BB"
"EV",0.239681752253549,0.239681933645478,0.239681669043074,0.239681802816113
"STD",4.0316307755087e-05,4.03161729265943e-05,4.03164437444956e-05,4.03165429664833e-05
"Q.05",0.239615440468594,0.239615622082276,0.239615357034456,0.2396154906443
"Q.95",0.239748069318544,0.239748250488679,0.239747986331771,0.239748120268026
"theta0",85242701.4053228,85242701.4053228,85242701.4053228,85242701.4053228
"theta1",26871805.694164,26871805.694164,26871805.694164,26871805.694164
