"","AA","AB","BA","BB"
"EV",0.421051783032296,0.40597337424435,0.410637036413309,0.425914763648603
"STD",0.00751295932642106,0.00859468596163999,0.00915629050602484,0.0101322500651534
"Q.05",0.408714682083206,0.3918688943515,0.39561119506822,0.409283647708545
"Q.95",0.43343046977811,0.420143380004854,0.425733312660001,0.44261666209007
"theta0",995.725404560196,995.725404560196,995.725404560196,995.725404560196
"theta1",708.975784075884,708.975784075884,708.975784075884,708.975784075884
