"","AA","AB","BA","BB"
"EV",0.275497201194824,0.275497188845923,0.275497183453939,0.275497195588055
"STD",1.70206158049971e-05,1.7020594249012e-05,1.70206335240652e-05,1.70206309030361e-05
"Q.05",0.275469205143684,0.275469192830239,0.275469187373655,0.275469199512083
"Q.95",0.27552519798696,0.275525185602602,0.275525180275221,0.275525192405026
"theta0",499166798.326095,499166798.326095,499166798.326095,499166798.326095
"theta1",189811619.692314,189811619.692314,189811619.692314,189811619.692314
