"","AA","AB","BA","BB"
"EV",0.275443766161099,0.2754437662315,0.275443766939262,0.275443766449011
"STD",2.6895872787563e-06,2.68958731382137e-06,2.68958726668297e-06,2.68958730633935e-06
"Q.05",0.275439342192963,0.275439342263307,0.275439342971146,0.27543934248083
"Q.95",0.275448190147744,0.275448190218203,0.275448190925888,0.275448190435702
"theta0",19989679493.7191,19989679493.7191,19989679493.7191,19989679493.7191
"theta1",7599179131.59329,7599179131.59329,7599179131.59329,7599179131.59329
