"","AA","AB","BA","BB"
"EV",0.239681448489093,0.239681342101565,0.239681351192991,0.239681431498507
"STD",2.64114719671344e-05,2.64115747147169e-05,2.64116234344131e-05,2.64116424887489e-05
"Q.05",0.239638006616657,0.239637900060134,0.239637909071427,0.239637989345603
"Q.95",0.239724892627539,0.239724786409025,0.239724795580593,0.239724875917451
"theta0",198625199.633591,198625199.633591,198625199.633591,198625199.633591
"theta1",62614230.6505812,62614230.6505812,62614230.6505812,62614230.6505812
