"","AA","AB","BA","BB"
"EV",0.275519573843714,0.275519562465854,0.275519559879454,0.275519553524778
"STD",1.66724240198953e-05,1.66724529563215e-05,1.66724527453028e-05,1.66724121113971e-05
"Q.05",0.275492150502038,0.275492139076584,0.27549213649053,0.27549213020269
"Q.95",0.275546997896273,0.275546986566011,0.275546983979263,0.275546977557749
"theta0",520243621.727755,520243621.727755,520243621.727755,520243621.727755
"theta1",197848399.498471,197848399.498471,197848399.498471,197848399.498471
