"","AA","AB","BA","BB"
"EV",0.415669446256092,0.415669566176173,0.415669485391368,0.415669515003295
"STD",2.86798422015798e-05,2.86797300048734e-05,2.86799007197652e-05,2.8679881007122e-05
"Q.05",0.415622272438332,0.415622392542958,0.415622311477356,0.415622341121707
"Q.95",0.415716620723283,0.415716740458814,0.415716659954814,0.415716689534316
"theta0",172547888.10086,172547888.10086,172547888.10086,172547888.10086
"theta1",122743713.254331,122743713.254331,122743713.254331,122743713.254331
