"","AA","AB","BA","BB"
"EV",0.239677121980285,0.239677431704995,0.23967718607079,0.239677178011945
"STD",3.98066228173887e-05,3.98064581926249e-05,3.98065992905655e-05,3.98063880401924e-05
"Q.05",0.239611648486197,0.239611958481664,0.239611712615396,0.239611704904
"Q.95",0.239742600621915,0.239742910075814,0.239742664673717,0.23974265626737
"theta0",87439711.1164182,87439711.1164182,87439711.1164182,87439711.1164182
"theta1",27563698.6272946,27563698.6272946,27563698.6272946,27563698.6272946
