"","AA","AB","BA","BB"
"EV",0.239670217083441,0.239670206495946,0.23967022591932,0.239670211685212
"STD",1.57022173266743e-05,1.57022359339641e-05,1.57022378037469e-05,1.57022439324834e-05
"Q.05",0.239644389634822,0.239644379016722,0.239644398437021,0.239644384192832
"Q.95",0.239696045333057,0.239696034776169,0.239696054202619,0.239696039978592
"theta0",561945646.097175,561945646.097175,561945646.097175,561945646.097175
"theta1",177135812.231938,177135812.231938,177135812.231938,177135812.231938
