"","AA","AB","BA","BB"
"EV",0.275507054207094,0.275507056360465,0.275507055828906,0.275507055639108
"STD",3.77334413714974e-06,3.7733444018569e-06,3.7733440872395e-06,3.77334441534896e-06
"Q.05",0.275500847626512,0.275500849779448,0.275500849248406,0.275500849058069
"Q.95",0.275513260824092,0.275513262977898,0.275513262445821,0.275513262256563
"theta0",10156595111.1854,10156595111.1854,10156595111.1854,10156595111.1854
"theta1",3862306229.983,3862306229.983,3862306229.983,3862306229.983
