"","AA","AB","BA","BB"
"EV",0.415679763477971,0.415679775739225,0.415679828754671,0.415679792541458
"STD",1.90951258050552e-05,1.9095145235498e-05,1.90951676307207e-05,1.90951703862176e-05
"Q.05",0.415648354934957,0.41564836716425,0.41564842014286,0.415648383925114
"Q.95",0.415711172308837,0.415711184602051,0.415711237654334,0.415711201445654
"theta0",389236438.586098,389236438.586098,389236438.586098,389236438.586098
"theta1",276899067.329268,276899067.329268,276899067.329268,276899067.329268
