"","AA","AB","BA","BB"
"EV",0.239677401932695,0.23967739954067,0.239677397689971,0.239677400944648
"STD",5.16254190075726e-06,5.16254187783132e-06,5.16254141267327e-06,5.16254132681864e-06
"Q.05",0.239668910350215,0.239668907958228,0.239668906108294,0.239668909363112
"Q.95",0.239685893601754,0.239685891209692,0.239685889358228,0.239685892612763
"theta0",5198710757.50675,5198710757.50675,5198710757.50675,5198710757.50675
"theta1",1638795792.60118,1638795792.60118,1638795792.60118,1638795792.60118
