"","AA","AB","BA","BB"
"EV",0.239605317232801,0.239605317222189,0.239605317166251,0.239605317268249
"STD",1.12106202447783e-06,1.12106201954644e-06,1.12106202405414e-06,1.12106201964731e-06
"Q.05",0.239603473251906,0.239603473241303,0.239603473185357,0.239603473287362
"Q.95",0.23960716121778,0.239607161207161,0.23960716115123,0.23960716125322
"theta0",110233934599.256,110233934599.256,110233934599.256,110233934599.256
"theta1",34735430778.8399,34735430778.8399,34735430778.8399,34735430778.8399
