"","AA","AB","BA","BB"
"EV",0.239673908732576,0.239673912747683,0.239673959924786,0.2396739279034
"STD",1.66832179346339e-05,1.66832434733e-05,1.66832552233627e-05,1.66832593526112e-05
"Q.05",0.239646467733145,0.239646471706246,0.239646518864022,0.239646486835845
"Q.95",0.239701350636194,0.23970135469331,0.239701401889741,0.239701369875147
"theta0",497804198.964072,497804198.964072,497804198.964072,497804198.964072
"theta1",156920420.977707,156920420.977707,156920420.977707,156920420.977707
