"","AA","AB","BA","BB"
"EV",0.415656729005852,0.415656871670984,0.415656820265684,0.415656772201461
"STD",2.81379383263204e-05,2.81379806284476e-05,2.81379696698067e-05,2.81379992393018e-05
"Q.05",0.415610446528543,0.415610589124094,0.41561053773682,0.41561048962396
"Q.95",0.415703012108383,0.415703154843096,0.415703103419771,0.415703055404186
"theta0",179259903.861277,179259903.861277,179259903.861277,179259903.861277
"theta1",127511704.560224,127511704.560224,127511704.560224,127511704.560224
