"","AA","AB","BA","BB"
"EV",0.42536230095673,0.400482093762869,0.427141766538445,0.416731832287491
"STD",0.0110499872363571,0.00927191694969936,0.0101102514729023,0.00826317938750666
"Q.05",0.40722854778049,0.385271392097535,0.410546072965391,0.403166490749502
"Q.95",0.443580906373103,0.415773871871562,0.443806717079175,0.430350389197157
"theta0",686.758611215879,686.758611215879,686.758611215879,686.758611215879
"theta1",492.082289285677,492.082289285677,492.082289285677,492.082289285677
