"","AA","AB","BA","BB"
"EV",0.239672757441393,0.239672007659802,0.239672712231157,0.239672680710863
"STD",6.00228036694735e-05,6.00229648463041e-05,6.00232471720486e-05,6.00233791596562e-05
"Q.05",0.239574034567283,0.23957328452064,0.239573988627638,0.239573956890271
"Q.95",0.239771492019508,0.23977074250309,0.239771447538858,0.239771416235691
"theta0",38456508.7752164,38456508.7752164,38456508.7752164,38456508.7752164
"theta1",12122367.7879054,12122367.7879054,12122367.7879054,12122367.7879054
