"","AA","AB","BA","BB"
"EV",0.415641843579609,0.415641839681123,0.415641840777991,0.415641840930043
"STD",4.77417928357539e-06,4.77417883110681e-06,4.7741795932162e-06,4.77417953074546e-06
"Q.05",0.4156339907625,0.415633986864758,0.415633987960373,0.415633988112527
"Q.95",0.41564969641472,0.415649692515491,0.415649693613612,0.415649693765561
"theta0",6227015832.69513,6227015832.69513,6227015832.69513,6227015832.69513
"theta1",4429147240.15096,4429147240.15096,4429147240.15096,4429147240.15096
