"","AA","AB","BA","BB"
"EV",0.415636925524939,0.415636901467238,0.415636927465641,0.415636922918946
"STD",1.36977280928011e-05,1.36977424115783e-05,1.36977404559951e-05,1.3697745412992e-05
"Q.05",0.415614394841304,0.415614370760051,0.415614396761671,0.415614392206822
"Q.95",0.415659456356775,0.415659432322627,0.415659458317813,0.415659453779271
"theta0",756451993.238762,756451993.238762,756451993.238762,756451993.238762
"theta1",538037714.01409,538037714.01409,538037714.01409,538037714.01409
