"","AA","AB","BA","BB"
"EV",0.239677993396455,0.239677975401258,0.239677879804051,0.239678005262148
"STD",2.64528680457526e-05,2.64529630003874e-05,2.64528420159746e-05,2.64529615385608e-05
"Q.05",0.239634483437109,0.239634465285734,0.239634369887519,0.239634495149029
"Q.95",0.239721505628971,0.239721487789969,0.239721391993751,0.239721517648455
"theta0",198003962.717271,198003962.717271,198003962.717271,198003962.717271
"theta1",62417218.3186775,62417218.3186775,62417218.3186775,62417218.3186775
