"","AA","AB","BA","BB"
"EV",0.229469786516589,0.237013185996295,0.25591416057802,0.246348434473842
"STD",0.00689363966137449,0.00917835466492802,0.00848545496205477,0.0105261469547987
"Q.05",0.218213842636689,0.222056296354625,0.242062229512832,0.229207683711444
"Q.95",0.24089114299916,0.252248861330685,0.269976091416535,0.263833723347962
"theta0",787.097487221019,787.097487221019,787.097487221019,787.097487221019
"theta1",251.545736454756,251.545736454756,251.545736454756,251.545736454756
