"","AA","AB","BA","BB"
"EV",0.415665322067633,0.415665323780794,0.415665322693439,0.415665315743916
"STD",6.98763341417287e-06,6.98763287681597e-06,6.98763304414698e-06,6.98763202432746e-06
"Q.05",0.415653828452744,0.415653830166789,0.41565382907916,0.415653822131314
"Q.95",0.415676815721075,0.415676817433352,0.415676816346273,0.415676809395072
"theta0",2906744301.04537,2906744301.04537,2906744301.04537,2906744301.04537
"theta1",2067706824.09883,2067706824.09883,2067706824.09883,2067706824.09883
