"","AA","AB","BA","BB"
"EV",0.415569676441354,0.415569676440655,0.41556967644264,0.415569676441194
"STD",2.01794079474575e-07,2.01794079429578e-07,2.01794079477136e-07,2.01794079476357e-07
"Q.05",0.415569344519646,0.415569344518947,0.415569344520933,0.415569344519487
"Q.95",0.415570008363093,0.415570008362394,0.41557000836438,0.415570008362934
"theta0",3485719956362.66,3485719956362.66,3485719956362.66,3485719956362.66
"theta1",2478583769594.47,2478583769594.47,2478583769594.47,2478583769594.47
