"","AA","AB","BA","BB"
"EV",0.4181487310264,0.413436734983892,0.411860845976428,0.413735030004141
"STD",0.00484123738092604,0.00530936444874256,0.00541475075524947,0.00562766587258912
"Q.05",0.41019452447113,0.404714991002466,0.402966443169378,0.404491081704593
"Q.95",0.426120870918902,0.422181365167057,0.420779513618458,0.423004597372018
"theta0",4227.48852480934,4227.48852480934,4227.48852480934,4227.48852480934
"theta1",2990.29209415046,2990.29209415046,2990.29209415046,2990.29209415046
