"","AA","AB","BA","BB"
"EV",0.269393098260739,0.273912053390256,0.284356473091024,0.276320692707895
"STD",0.00677936299317633,0.00692901443853981,0.00721476209920565,0.00723473175448544
"Q.05",0.258303432156499,0.262577053415616,0.272552095304829,0.264487357447906
"Q.95",0.280605263108179,0.285371212060101,0.296286334694321,0.288287221018735
"theta0",1832.05805690175,1832.05805690175,1832.05805690175,1832.05805690175
"theta1",698.393499954872,698.393499954872,698.393499954872,698.393499954872
