"","AA","AB","BA","BB"
"EV",0.239670103836995,0.239670106154157,0.239670082002416,0.239670116831981
"STD",2.28241013515499e-05,2.28241320283315e-05,2.28240252789001e-05,2.2824115053185e-05
"Q.05",0.239632562377304,0.23963256464401,0.239632540667849,0.239632575349754
"Q.95",0.239707646989062,0.239707649356685,0.23970762502935,0.239707660006586
"theta0",265967794.634667,265967794.634667,265967794.634667,265967794.634667
"theta1",83837987.5649038,83837987.5649038,83837987.5649038,83837987.5649038
