"","AA","AB","BA","BB"
"EV",0.275494765747699,0.275494686062296,0.275494750616536,0.275494760610222
"STD",2.79221226210343e-05,2.79220925246716e-05,2.79220726844014e-05,2.79220105583772e-05
"Q.05",0.275448838940145,0.275448759304245,0.275448823891117,0.275448833986987
"Q.95",0.275540694549459,0.27554061481455,0.275540679336154,0.275540689227648
"theta0",185480591.713102,185480591.713102,185480591.713102,185480591.713102
"theta1",70529408.6793249,70529408.6793249,70529408.6793249,70529408.6793249
