"","AA","AB","BA","BB"
"EV",0.415660572982977,0.415660574130278,0.415660726554992,0.415660711984442
"STD",3.6009692324184e-05,3.60097832705826e-05,3.60099555077385e-05,3.60099692635961e-05
"Q.05",0.415601342821894,0.415601343819605,0.415601495961018,0.415601481367842
"Q.95",0.415719804167981,0.415719805464879,0.415719958172902,0.415719943624979
"theta0",109451837.349499,109451837.349499,109451837.349499,109451837.349499
"theta1",77856850.1145232,77856850.1145232,77856850.1145232,77856850.1145232
