"","AA","AB","BA","BB"
"EV",0.415672833240883,0.41567306710183,0.415672897158249,0.415672912166892
"STD",3.67082603851447e-05,3.6708648982327e-05,3.67086518060333e-05,3.67087163528314e-05
"Q.05",0.415612454057565,0.415612687279336,0.415612517331112,0.415612532233587
"Q.95",0.415733213488072,0.415733447988214,0.415733278049279,0.415733293164094
"theta0",105323480.807881,105323480.807881,105323480.807881,105323480.807881
"theta1",74923996.6283928,74923996.6283928,74923996.6283928,74923996.6283928
