"","AA","AB","BA","BB"
"EV",0.275492820371003,0.275492785653703,0.275492870733016,0.275492833784158
"STD",2.21894954928571e-05,2.21895460802949e-05,2.21895656379932e-05,2.21895784278109e-05
"Q.05",0.27545632252858,0.275456287728074,0.275456372775218,0.275456335805324
"Q.95",0.275529319472855,0.275529284838767,0.27552936995025,0.275529333022431
"theta0",293695444.257376,293695444.257376,293695444.257376,293695444.257376
"theta1",111677277.292657,111677277.292657,111677277.292657,111677277.292657
