"","AA","AB","BA","BB"
"EV",0.239665906353142,0.239665885739649,0.239665903831397,0.23966591408785
"STD",1.29992263013225e-05,1.29992365504074e-05,1.29992269656943e-05,1.29992368900233e-05
"Q.05",0.239644524803105,0.239644504172754,0.239644522280267,0.239644532520396
"Q.95",0.239687288452159,0.239687267855525,0.239687285931507,0.239687296204284
"theta0",819934593.014501,819934593.014501,819934593.014501,819934593.014501
"theta1",258452652.408462,258452652.408462,258452652.408462,258452652.408462
