"","AA","AB","BA","BB"
"EV",0.239663126789098,0.239663119481335,0.239663119099433,0.239663118644199
"STD",8.44271367522627e-06,8.44271693083487e-06,8.44271288895676e-06,8.44271682331455e-06
"Q.05",0.239649239876677,0.239649232563559,0.239649232188305,0.239649231726599
"Q.95",0.239677013933096,0.239677006630687,0.239677006242137,0.239677005793374
"theta0",1943787565.66712,1943787565.66712,1943787565.66712,1943787565.66712
"theta1",612694461.371777,612694461.371777,612694461.371777,612694461.371777
