"","AA","AB","BA","BB"
"EV",0.275527996821841,0.274498674781764,0.274313730844731,0.276770016096262
"STD",0.00335900944789275,0.00330142941584045,0.00329470252334099,0.00321900879481385
"Q.05",0.270017360555762,0.269082354974369,0.268908435973742,0.271488370525997
"Q.95",0.281067489031763,0.279943062590574,0.279747014097563,0.282077942330466
"theta0",12245.2788862942,12245.2788862942,12245.2788862942,12245.2788862942
"theta1",4651.23065730577,4651.23065730577,4651.23065730577,4651.23065730577
