"","AA","AB","BA","BB"
"EV",0.275495358711383,0.275495349522697,0.275495275346873,0.275495341387932
"STD",2.30206522425298e-05,2.30207392567259e-05,2.30206918609297e-05,2.30207443637636e-05
"Q.05",0.275457493785813,0.275457484454006,0.275457410356139,0.275457476310842
"Q.95",0.275533224992475,0.27553321594692,0.275533141693134,0.275533207820556
"theta0",272871117.230098,272871117.230098,272871117.230098,272871117.230098
"theta1",103760157.884103,103760157.884103,103760157.884103,103760157.884103
