"","AA","AB","BA","BB"
"EV",0.239667446559243,0.239667397969491,0.23966742668491,0.239667415871259
"STD",2.25085038399e-05,2.25084643547901e-05,2.25084983509647e-05,2.25084499741963e-05
"Q.05",0.239630424188039,0.239630375663232,0.239630404322734,0.239630393588652
"Q.95",0.239704470576375,0.239704421921673,0.239704450693012,0.239704439799785
"theta0",273477800.828334,273477800.828334,273477800.828334,273477800.828334
"theta1",86204012.956528,86204012.956528,86204012.956528,86204012.956528
