"","AA","AB","BA","BB"
"EV",0.27545864538828,0.275458644987335,0.275458645744533,0.275458644057631
"STD",3.04799807328392e-06,3.04799818583951e-06,3.04799798994445e-06,3.04799807475081e-06
"Q.05",0.275453631889479,0.275453631488348,0.275453632245869,0.275453630558828
"Q.95",0.27546365891085,0.27546365851009,0.275463659266966,0.275463657580204
"theta0",15565151630.7955,15565151630.7955,15565151630.7955,15565151630.7955
"theta1",5917613327.02438,5917613327.02438,5917613327.02438,5917613327.02438
