"","AA","AB","BA","BB"
"EV",0.415643653515439,0.415643789818678,0.415643692020802,0.41564365288905
"STD",3.18755419658173e-05,3.1875527206824e-05,3.18756702698658e-05,3.18756657696036e-05
"Q.05",0.415591223315854,0.415591359643368,0.415591261610178,0.415591222485829
"Q.95",0.415696084517507,0.415696220796469,0.415696123233914,0.41569608409476
"theta0",139687373.781066,139687373.781066,139687373.781066,139687373.781066
"theta1",99357491.5819023,99357491.5819023,99357491.5819023,99357491.5819023
