"","AA","AB","BA","BB"
"EV",0.274137693004974,0.268982692873311,0.285375915403298,0.281260325061773
"STD",0.00620186086839908,0.00775158498371899,0.00821563027947325,0.00921728813453099
"Q.05",0.263986290679115,0.256312993414755,0.271943367066721,0.266204078796844
"Q.95",0.284388404869022,0.281813001998912,0.298970078547841,0.296525754668449
"theta0",1411.47528391306,1411.47528391306,1411.47528391306,1411.47528391306
"theta1",541.959278030364,541.959278030364,541.959278030364,541.959278030364
