"","AA","AB","BA","BB"
"EV",0.23965298986986,0.239652943577072,0.239652970693501,0.239652949719753
"STD",2.48239455966608e-05,2.48239934011354e-05,2.48238421630678e-05,2.48239771228568e-05
"Q.05",0.23961215911401,0.239612112742595,0.239612140107776,0.23961211891205
"Q.95",0.239693822627881,0.239693776413729,0.239693803281381,0.239693782529633
"theta0",224834469.060726,224834469.060726,224834469.060726,224834469.060726
"theta1",70865334.0874283,70865334.0874283,70865334.0874283,70865334.0874283
