"","AA","AB","BA","BB"
"EV",0.275496809831634,0.275496704674749,0.275496747821658,0.275496716039033
"STD",2.57988527748321e-05,2.57989289563598e-05,2.57989292620707e-05,2.57989624506308e-05
"Q.05",0.275454375346295,0.275454270064108,0.275454313210515,0.275454281373301
"Q.95",0.275539246019397,0.275539140987825,0.275539184135238,0.275539152407205
"theta0",217266102.221011,217266102.221011,217266102.221011,217266102.221011
"theta1",82616749.3627174,82616749.3627174,82616749.3627174,82616749.3627174
