"","AA","AB","BA","BB"
"EV",0.27547700612463,0.275477002783052,0.275477003108891,0.275477004958332
"STD",6.33069706906842e-06,6.33069662386534e-06,6.33069798892237e-06,6.33069788259955e-06
"Q.05",0.275466593105857,0.275466589765012,0.275466590088605,0.275466591938221
"Q.95",0.275487419245927,0.275487415903617,0.275487416231701,0.275487418080968
"theta0",3608165578.06178,3608165578.06178,3608165578.06178,3608165578.06178
"theta1",1371891092.54563,1371891092.54563,1371891092.54563,1371891092.54563
