"","AA","AB","BA","BB"
"EV",0.415651457398233,0.415651482153275,0.415651403951282,0.415651500031706
"STD",2.57668181082646e-05,2.5766793255383e-05,2.57667934360341e-05,2.57667226298942e-05
"Q.05",0.415609075016167,0.415609099812088,0.415609021609799,0.415609117806687
"Q.95",0.415693840304622,0.415693865018784,0.415693786817089,0.415693882781045
"theta0",213772130.027729,213772130.027729,213772130.027729,213772130.027729
"theta1",152057705.60713,152057705.60713,152057705.60713,152057705.60713
