"","AA","AB","BA","BB"
"EV",0.415648949818796,0.415648996158954,0.415648971650387,0.415648973061867
"STD",1.94040345040375e-05,1.94040129934228e-05,1.94040358844298e-05,1.94040150486382e-05
"Q.05",0.415617033170939,0.415617079546479,0.41561705500026,0.415617056446011
"Q.95",0.415680866764008,0.415680913068784,0.415680888597869,0.415680889975077
"theta0",376955154.626039,376955154.626039,376955154.626039,376955154.626039
"theta1",268128257.543094,268128257.543094,268128257.543094,268128257.543094
