"","AA","AB","BA","BB"
"EV",0.275483529872533,0.275483528370529,0.275483531514399,0.275483530340456
"STD",5.92341888023737e-06,5.92341933412596e-06,5.9234182341208e-06,5.92341911139863e-06
"Q.05",0.275473786760381,0.27547378525763,0.27547378840331,0.275473787227923
"Q.95",0.275493273074439,0.275493271573181,0.275493274715242,0.275493273542742
"theta0",4121422684.66665,4121422684.66665,4121422684.66665,4121422684.66665
"theta1",1567092146.16729,1567092146.16729,1567092146.16729,1567092146.16729
