"","AA","AB","BA","BB"
"EV",0.275509267232757,0.2755091367261,0.275509254793892,0.275509331099287
"STD",3.06972168000533e-05,3.06973020726092e-05,3.06973821602873e-05,3.06974079822967e-05
"Q.05",0.27545877600941,0.2754586453625,0.275458763298565,0.275458839561488
"Q.95",0.275559760866169,0.275559630499781,0.275559748699311,0.275559825047181
"theta0",153460868.906054,153460868.906054,153460868.906054,153460868.906054
"theta1",58358078.9272485,58358078.9272485,58358078.9272485,58358078.9272485
