"","AA","AB","BA","BB"
"EV",0.238180655036267,0.239807181995149,0.242088505654792,0.238988561847367
"STD",0.00383143553790733,0.00385413353280818,0.0039123016482436,0.00390113899329877
"Q.05",0.231902646146968,0.233491859388144,0.235677861705969,0.232596652666713
"Q.95",0.244506838630656,0.246170723364234,0.248548082078522,0.245430144971516
"theta0",8084.69311118093,8084.69311118093,8084.69311118093,8084.69311118093
"theta1",2549.78971558973,2549.78971558973,2549.78971558973,2549.78971558973
