"","AA","AB","BA","BB"
"EV",0.239679315503107,0.239679318391089,0.239679334593698,0.239679313051503
"STD",1.36206159752759e-05,1.36206290728104e-05,1.36206338114545e-05,1.36206368589133e-05
"Q.05",0.239656911884854,0.239656914751293,0.239656930946108,0.2396569093989
"Q.95",0.239701719724026,0.239701722633552,0.239701738843956,0.239701717306773
"theta0",746842768.847508,746842768.847508,746842768.847508,746842768.847508
"theta1",235430617.734833,235430617.734833,235430617.734833,235430617.734833
