"","AA","AB","BA","BB"
"EV",0.275499935466416,0.275499909535599,0.275499947895452,0.275499916106346
"STD",1.97773195591954e-05,1.97773148160742e-05,1.97773088870268e-05,1.97773034516327e-05
"Q.05",0.275467405170833,0.275467379247818,0.275467417617422,0.275467385837257
"Q.95",0.275532466762444,0.275532440823825,0.275532479173924,0.275532447375879
"theta0",369711156.465294,369711156.465294,369711156.465294,369711156.465294
"theta1",140587144.89957,140587144.89957,140587144.89957,140587144.89957
