"","AA","AB","BA","BB"
"EV",0.275497934167463,0.275497906737,0.275497954626397,0.27549794330425
"STD",2.08183349655295e-05,2.08183158120778e-05,2.08183285057303e-05,2.0818309435658e-05
"Q.05",0.275463691607967,0.275463664209008,0.275463712077526,0.275463700786745
"Q.95",0.27553217783551,0.275532150373542,0.275532198283819,0.275532186930303
"theta0",333660449.272991,333660449.272991,333660449.272991,333660449.272991
"theta1",126877160.282521,126877160.282521,126877160.282521,126877160.282521
