"","AA","AB","BA","BB"
"EV",0.415651495942037,0.415651492237356,0.415651505936451,0.415651509756634
"STD",1.70427013061693e-05,1.70427357273273e-05,1.70427379279873e-05,1.70427418534821e-05
"Q.05",0.415623463307669,0.41562345954637,0.415623473241845,0.415623477055572
"Q.95",0.415679528805786,0.415679525157722,0.415679538860438,0.415679542687078
"theta0",488645775.646385,488645775.646385,488645775.646385,488645775.646385
"theta1",347577430.961775,347577430.961775,347577430.961775,347577430.961775
