"","AA","AB","BA","BB"
"EV",0.239672745936252,0.239673157696529,0.239673039142025,0.239673006517681
"STD",4.38114148430753e-05,4.38120250767535e-05,4.38120848032603e-05,4.38122078256444e-05
"Q.05",0.239600685689512,0.239601096446122,0.239600977793388,0.239600944966708
"Q.95",0.239744812418568,0.239745225182667,0.239745106726416,0.239745074304443
"theta0",72181881.3868846,72181881.3868846,72181881.3868846,72181881.3868846
"theta1",22753429.5784642,22753429.5784642,22753429.5784642,22753429.5784642
