"","AA","AB","BA","BB"
"EV",0.275511735091633,0.275511737770658,0.275511731142582,0.275511736498478
"STD",8.29428345123504e-06,8.29428116641525e-06,8.29428457930855e-06,8.29428369305268e-06
"Q.05",0.275498092297389,0.275498094980172,0.275498088346482,0.275498093703836
"Q.95",0.275525378061824,0.275525380737091,0.275525374114628,0.275525379469067
"theta0",2102058821.27276,2102058821.27276,2102058821.27276,2102058821.27276
"theta1",799380612.881407,799380612.881407,799380612.881407,799380612.881407
