"","AA","AB","BA","BB"
"EV",0.415667488646828,0.415667475981453,0.415667455007962,0.415667466001112
"STD",2.31757188459953e-05,2.31757587704023e-05,2.31756812654302e-05,2.31757526169432e-05
"Q.05",0.415629368193666,0.415629355462623,0.415629334616614,0.415629345492403
"Q.95",0.415705609524078,0.415705596924374,0.415705575823397,0.415705586933912
"theta0",264239629.617319,264239629.617319,264239629.617319,264239629.617319
"theta1",187968003.371081,187968003.371081,187968003.371081,187968003.371081
