"","AA","AB","BA","BB"
"EV",0.415665497246168,0.41566546775877,0.415665527480334,0.415665516655417
"STD",2.44053259680079e-05,2.44053837408012e-05,2.44053039309274e-05,2.4405380983192e-05
"Q.05",0.415625354292375,0.41562532470995,0.415625384562787,0.415625373611132
"Q.95",0.415705640670257,0.415705611277888,0.415705670868174,0.415705660169998
"theta0",238284282.466149,238284282.466149,238284282.466149,238284282.466149
"theta1",169503180.724638,169503180.724638,169503180.724638,169503180.724638
