"","AA","AB","BA","BB"
"EV",0.239679981354118,0.239679973963057,0.239679969890249,0.23967992169911
"STD",2.43807754139453e-05,2.4380738613977e-05,2.43807047529232e-05,2.43807445873472e-05
"Q.05",0.23963987951275,0.239639872182216,0.239639868165102,0.239639819908445
"Q.95",0.239720085126458,0.239720077674863,0.239720073546356,0.239720025420743
"theta0",233092696.947661,233092696.947661,233092696.947661,233092696.947661
"theta1",73479121.7888537,73479121.7888537,73479121.7888537,73479121.7888537
