"","AA","AB","BA","BB"
"EV",0.415665035602214,0.415665061964546,0.415665097092147,0.4156650606691
"STD",1.93870916377656e-05,1.93871274712567e-05,1.93870985018601e-05,1.93871287675779e-05
"Q.05",0.415633146822603,0.415633173125995,0.415633208301245,0.415633171828416
"Q.95",0.415696924678602,0.415696951099875,0.415696986179824,0.415696949806561
"theta0",377606964.22839,377606964.22839,377606964.22839,377606964.22839
"theta1",268609684.592678,268609684.592678,268609684.592678,268609684.592678
