"","AA","AB","BA","BB"
"EV",0.275474339646585,0.275474338284943,0.275474336008986,0.275474337357457
"STD",5.04538595058273e-06,5.04538541647178e-06,5.04538639068227e-06,5.04538629505419e-06
"Q.05",0.275466040757766,0.275466039397001,0.275466037119443,0.27546603846807
"Q.95",0.275482638600526,0.275482637238005,0.275482634963651,0.275482636311964
"theta0",5680673273.84812,5680673273.84812,5680673273.84812,5680673273.84812
"theta1",2159867883.45149,2159867883.45149,2159867883.45149,2159867883.45149
