"","AA","AB","BA","BB"
"EV",0.256561984968133,0.279289897444833,0.284094714541782,0.279294136098137
"STD",0.00852101111079711,0.0134664355963935,0.00679883645891575,0.0119908745110434
"Q.05",0.242651994429941,0.257366820570478,0.272967527497925,0.259750941296064
"Q.95",0.270682827944686,0.301665762830036,0.295333526822796,0.29919621879892
"theta0",635.244553683514,635.244553683514,635.244553683514,635.244553683514
"theta1",240.723602652737,240.723602652737,240.723602652737,240.723602652737
