"","AA","AB","BA","BB"
"EV",0.415643533070778,0.415643537683228,0.415643553830206,0.415643543081662
"STD",1.15203078097805e-05,1.15203105728416e-05,1.1520312277288e-05,1.15203145539798e-05
"Q.05",0.415624583903103,0.415624588511008,0.415624604655183,0.415624593902895
"Q.95",0.415662482343273,0.415662486960268,0.41566250311005,0.415662492365251
"theta0",1069419122.63731,1069419122.63731,1069419122.63731,1069419122.63731
"theta1",760660972.863518,760660972.863518,760660972.863518,760660972.863518
