"","AA","AB","BA","BB"
"EV",0.225743756865623,0.253312119238228,0.239019705423238,0.25355902473826
"STD",0.00764106931943314,0.0095186427593018,0.00850660797502408,0.0100534710020008
"Q.05",0.213280088835319,0.237790402346265,0.225146290182874,0.237172996589817
"Q.95",0.238415862364751,0.269102748176482,0.253129368081594,0.270244564082691
"theta0",650.03077383483,650.03077383483,650.03077383483,650.03077383483
"theta1",208.558300364855,208.558300364855,208.558300364855,208.558300364855
