"","AA","AB","BA","BB"
"EV",0.27548439588475,0.275484393139257,0.27548439691601,0.275484391039934
"STD",1.06330752007246e-05,1.06330810947831e-05,1.06330818687724e-05,1.06330836747405e-05
"Q.05",0.275466906177049,0.275466903421861,0.27546690719734,0.275466901318295
"Q.95",0.275501885881667,0.275501883145869,0.275501886923894,0.27550188105079
"theta0",1279009938.81872,1279009938.81872,1279009938.81872,1279009938.81872
"theta1",486321171.557746,486321171.557746,486321171.557746,486321171.557746
