"","AA","AB","BA","BB"
"EV",0.415609037305325,0.415609037453271,0.415609036605585,0.415609037939311
"STD",4.4160152358548e-06,4.41601531834228e-06,4.41601494952878e-06,4.4160151425117e-06
"Q.05",0.415601773614352,0.415601773762162,0.415601772915082,0.415601774248491
"Q.95",0.415616301011707,0.415616301159788,0.415616300311495,0.415616301645539
"theta0",7278314215.2156,7278314215.2156,7278314215.2156,7278314215.2156
"theta1",5176214824.44874,5176214824.44874,5176214824.44874,5176214824.44874
