"","AA","AB","BA","BB"
"EV",0.275500691031147,0.275500635116191,0.275500637403337,0.275500660972294
"STD",2.06246184860374e-05,2.06246462864734e-05,2.06246188243481e-05,2.06246472159254e-05
"Q.05",0.275466767096628,0.275466711135946,0.275466713468262,0.27546673699052
"Q.95",0.275534616053664,0.275534560184437,0.27553456242641,0.275534586042068
"theta0",339957626.434368,339957626.434368,339957626.434368,339957626.434368
"theta1",129273476.822623,129273476.822623,129273476.822623,129273476.822623
