"","AA","AB","BA","BB"
"EV",0.415655249973786,0.415654535608078,0.415656076136055,0.415655487516095
"STD",0.000126725244145495,0.000126729921911443,0.000126732210422444,0.00012672038254932
"Q.05",0.415446811836443,0.415446089777019,0.415447626540837,0.41544705737486
"Q.95",0.415863700793005,0.415862994122062,0.415864538414411,0.415863930338194
"theta0",8836704.22595544,8836704.22595544,8836704.22595544,8836704.22595544
"theta1",6285713.73491736,6285713.73491736,6285713.73491736,6285713.73491736
