"","AA","AB","BA","BB"
"EV",0.415664544303374,0.41566450290518,0.415664579633705,0.415664548015547
"STD",2.1063141967882e-05,2.10631256215891e-05,2.10631308572951e-05,2.10631029827816e-05
"Q.05",0.415629898693065,0.415629857321757,0.415629934041671,0.415629902469361
"Q.95",0.415699190263994,0.415699148838912,0.41569922557605,0.415699193912041
"theta0",319904712.482498,319904712.482498,319904712.482498,319904712.482498
"theta1",227562857.817655,227562857.817655,227562857.817655,227562857.817655
