"","AA","AB","BA","BB"
"EV",0.275568510369525,0.275568510365127,0.275568510378752,0.275568510370088
"STD",2.70349969918067e-07,2.70349969878474e-07,2.70349969997235e-07,2.70349969984605e-07
"Q.05",0.27556806568349,0.275568065679092,0.275568065692717,0.275568065684053
"Q.95",0.275568955055747,0.275568955051349,0.275568955064975,0.27556895505631
"theta0",1978661835043.67,1978661835043.67,1978661835043.67,1978661835043.67
"theta1",752668681878.983,752668681878.983,752668681878.983,752668681878.983
