"","AA","AB","BA","BB"
"EV",0.415658219076849,0.415658164564809,0.415658154990927,0.415658611589752
"STD",5.63306542365784e-05,5.63299864378969e-05,5.63308009036714e-05,5.63304326764259e-05
"Q.05",0.415565564648701,0.415565511235064,0.415565500321542,0.415565957526023
"Q.95",0.415750876010705,0.415750820400205,0.415750812166037,0.415751268159158
"theta0",44727532.1930545,44727532.1930545,44727532.1930545,44727532.1930545
"theta1",31815920.4502841,31815920.4502841,31815920.4502841,31815920.4502841
