"","AA","AB","BA","BB"
"EV",0.415647984628527,0.415648064702745,0.41564806171664,0.415648063638326
"STD",2.62023735590939e-05,2.62023987297314e-05,2.62023583363085e-05,2.620239120228e-05
"Q.05",0.415604885830448,0.415604965863264,0.4156049629436,0.415604964811227
"Q.95",0.415691083968829,0.415691164084449,0.415691161031903,0.415691163007649
"theta0",206724236.840067,206724236.840067,206724236.840067,206724236.840067
"theta1",147042417.976069,147042417.976069,147042417.976069,147042417.976069
