"","AA","AB","BA","BB"
"EV",0.415656976627072,0.415657110562051,0.415656909708617,0.415656899474919
"STD",3.40379332140202e-05,3.4037935203008e-05,3.4037914644343e-05,3.4037926213494e-05
"Q.05",0.415600989666606,0.415601123598313,0.415600922778694,0.415600912525968
"Q.95",0.41571296450244,0.41571309844069,0.415712897553439,0.415712887338772
"theta0",122501516.275062,122501516.275062,122501516.275062,122501516.275062
"theta1",87138217.3110838,87138217.3110838,87138217.3110838,87138217.3110838
