"","AA","AB","BA","BB"
"EV",0.239654726985522,0.23965472899464,0.239654730371439,0.239654728991697
"STD",8.68508250991245e-06,8.68508933699984e-06,8.68508890647873e-06,8.68509020700778e-06
"Q.05",0.239640441418594,0.239640443416483,0.23964044479399,0.239640443412108
"Q.95",0.239669012797526,0.239669014817875,0.239669016193965,0.239669014816362
"theta0",1836787900.18118,1836787900.18118,1836787900.18118,1836787900.18118
"theta1",578940808.6177,578940808.6177,578940808.6177,578940808.6177
