"","AA","AB","BA","BB"
"EV",0.415693823385242,0.41569383093074,0.415693820127222,0.415693822637412
"STD",7.4429915944484e-06,7.44298994183235e-06,7.44299219800686e-06,7.4429915449844e-06
"Q.05",0.415681580775386,0.415681588323602,0.415681577516372,0.415681580027637
"Q.95",0.415706066038825,0.415706073581605,0.415706062781797,0.415706065290913
"theta0",2561883349.8528,2561883349.8528,2561883349.8528,2561883349.8528
"theta1",1822604537.35346,1822604537.35346,1822604537.35346,1822604537.35346
