"","AA","AB","BA","BB"
"EV",0.22866513596933,0.259156170146589,0.245079989254094,0.241302153447242
"STD",0.00647808549808395,0.00876885944532481,0.0105670947693919,0.0133716564929969
"Q.05",0.218083382850359,0.244842827732046,0.227874744443979,0.219597602269777
"Q.95",0.239393750390888,0.273688990850725,0.262635414313088,0.263582084189071
"theta0",633.075753681371,633.075753681371,633.075753681371,633.075753681371
"theta1",203.829157947905,203.829157947905,203.829157947905,203.829157947905
