"","AA","AB","BA","BB"
"EV",0.2408973837875,0.230351609484479,0.245507199637563,0.241609604530081
"STD",0.00624346544203538,0.00703115039408123,0.00716798037620016,0.00773424593695948
"Q.05",0.230690839516289,0.218872319621385,0.233797523181701,0.22898427774401
"Q.95",0.251229567907937,0.242001957700667,0.257377469507538,0.254426848567563
"theta0",1694.32012002489,1694.32012002489,1694.32012002489,1694.32012002489
"theta1",533.849619856798,533.849619856798,533.849619856798,533.849619856798
