"","AA","AB","BA","BB"
"EV",0.415654568829774,0.415654631501383,0.415654621633569,0.415654606923318
"STD",2.50773785030386e-05,2.50774018716748e-05,2.50773689961568e-05,2.50773960736597e-05
"Q.05",0.415613320461093,0.415613383094264,0.415613373280525,0.415613358525736
"Q.95",0.415695817695076,0.415695880405123,0.415695870483234,0.415695855817521
"theta0",225686514.341182,225686514.341182,225686514.341182,225686514.341182
"theta1",160534575.318938,160534575.318938,160534575.318938,160534575.318938
