"","AA","AB","BA","BB"
"EV",0.239676096738473,0.23967611746,0.239676095105558,0.239676120145878
"STD",1.72645114118841e-05,1.72645281035429e-05,1.72644799141618e-05,1.72645228468406e-05
"Q.05",0.239647699628405,0.239647720322477,0.239647698047297,0.239647723017001
"Q.95",0.239704494816822,0.239704515565805,0.239704493132096,0.239704518243036
"theta0",464849539.731526,464849539.731526,464849539.731526,464849539.731526
"theta1",146534035.393002,146534035.393002,146534035.393002,146534035.393002
