"","AA","AB","BA","BB"
"EV",0.274425958187429,0.274397536656674,0.277252389701708,0.276303825815394
"STD",0.00360689537788225,0.00367413252492093,0.0036614291539898,0.00372482615812375
"Q.05",0.26850992156043,0.268371539888554,0.271246838630635,0.270194701441574
"Q.95",0.28037551396043,0.280458320647884,0.283291832763605,0.282448250107764
"theta0",9667.35138628029,9667.35138628029,9667.35138628029,9667.35138628029
"theta1",3677.87774316912,3677.87774316912,3677.87774316912,3677.87774316912
