"","AA","AB","BA","BB"
"EV",0.275510294351631,0.275510243953954,0.275510252405394,0.275510405687612
"STD",2.94976808498171e-05,2.94976368088794e-05,2.94976293741365e-05,2.94975920262374e-05
"Q.05",0.275461776096997,0.275461725771758,0.275461734235426,0.275461887579072
"Q.95",0.275558814831642,0.275558764361522,0.275558772800731,0.275558926021514
"theta0",166197706.795099,166197706.795099,166197706.795099,166197706.795099
"theta1",63201974.9415453,63201974.9415453,63201974.9415453,63201974.9415453
