"","AA","AB","BA","BB"
"EV",0.275383868121859,0.275383868114926,0.275383868101375,0.27538386810715
"STD",3.4801741151274e-07,3.48017411641409e-07,3.48017411388222e-07,3.48017411566333e-07
"Q.05",0.275383295684312,0.275383295677379,0.275383295663829,0.275383295669603
"Q.95",0.275384440559715,0.275384440552782,0.275384440539231,0.275384440545006
"theta0",1193857651400.35,1193857651400.35,1193857651400.35,1193857651400.35
"theta1",453714903034.019,453714903034.019,453714903034.019,453714903034.019
