"","AA","AB","BA","BB"
"EV",0.415667352687569,0.415667435848575,0.415667359014587,0.41566735913833
"STD",2.63940543335373e-05,2.63941058167029e-05,2.6394160224746e-05,2.63941680612231e-05
"Q.05",0.415623938606587,0.415624021682912,0.415623944759431,0.415623944870285
"Q.95",0.415710767318603,0.415710850564292,0.415710773819798,0.415710773956432
"theta0",203727607.965591,203727607.965591,203727607.965591,203727607.965591
"theta1",144922458.532554,144922458.532554,144922458.532554,144922458.532554
