"","AA","AB","BA","BB"
"EV",0.239670567226602,0.23967059095722,0.239670582907693,0.239670592259287
"STD",1.62700445477445e-05,1.62700172577373e-05,1.62700594475706e-05,1.62700554461314e-05
"Q.05",0.239643805814809,0.239643829590313,0.239643821471392,0.239643830829568
"Q.95",0.239697329498371,0.239697353184098,0.23969734520397,0.239697354548982
"theta0",523407454.88211,523407454.88211,523407454.88211,523407454.88211
"theta1",164988184.435987,164988184.435987,164988184.435987,164988184.435987
