"","AA","AB","BA","BB"
"EV",0.241154665448765,0.237928060424676,0.239674588083123,0.239405933027086
"STD",0.00346195253737126,0.00349629697766582,0.00339957259397854,0.00348801641147746
"Q.05",0.235479575296405,0.23219729658867,0.234101599548263,0.233688495790131
"Q.95",0.246868310245654,0.243699007018339,0.245285124499407,0.245162968660166
"theta0",10418.9471216267,10418.9471216267,10418.9471216267,10418.9471216267
"theta1",3281.91655770707,3281.91655770707,3281.91655770707,3281.91655770707
