"","AA","AB","BA","BB"
"EV",0.275500627225133,0.275500640682323,0.275500647037872,0.275500638525249
"STD",1.21313889911843e-05,1.21314052665443e-05,1.21314066457942e-05,1.21314085824841e-05
"Q.05",0.275480673054164,0.275480686484583,0.275480692837864,0.275480684322055
"Q.95",0.275520581772526,0.275520595256487,0.275520601614305,0.275520593104868
"theta0",982598565.411793,982598565.411793,982598565.411793,982598565.411793
"theta1",373646336.165823,373646336.165823,373646336.165823,373646336.165823
