"","AA","AB","BA","BB"
"EV",0.27548338607232,0.275483352783493,0.275483370505922,0.275483378842143
"STD",2.55335697871186e-05,2.5533627840065e-05,2.55334903560769e-05,2.55336158692213e-05
"Q.05",0.275441387921325,0.275441354537013,0.275441372485574,0.275441380615353
"Q.95",0.275525385891059,0.275525352697724,0.275525370194003,0.275525378736683
"theta0",221802624.940648,221802624.940648,221802624.940648,221802624.940648
"theta1",84336138.9699139,84336138.9699139,84336138.9699139,84336138.9699139
