"","AA","AB","BA","BB"
"EV",0.419086689122341,0.417270451351176,0.4094982132444,0.422167010330706
"STD",0.00735872602855935,0.00772291063913603,0.00642712198784865,0.00704298131183753
"Q.05",0.407002969100066,0.404590288549856,0.398944018085522,0.410600192708368
"Q.95",0.431211350271631,0.429996778101865,0.420087575155484,0.433769830002693
"theta0",1940.10685312204,1940.10685312204,1940.10685312204,1940.10685312204
"theta1",1387.72362197435,1387.72362197435,1387.72362197435,1387.72362197435
