"","AA","AB","BA","BB"
"EV",0.275495551684303,0.275495584962142,0.275495472895051,0.275495484090935
"STD",2.41586817032899e-05,2.41586259880543e-05,2.41586941852665e-05,2.41586644665763e-05
"Q.05",0.275455814935514,0.275455848304992,0.275455736125731,0.275455747370497
"Q.95",0.275535289925947,0.275535323112138,0.275535211157227,0.275535222304226
"theta0",247770077.775312,247770077.775312,247770077.775312,247770077.775312
"theta1",94215494.1172025,94215494.1172025,94215494.1172025,94215494.1172025
