"","AA","AB","BA","BB"
"EV",0.238558153154317,0.240392839468652,0.241138638324384,0.241067535141392
"STD",0.00317167534518782,0.00344454063466616,0.00331445340649678,0.00347149071893414
"Q.05",0.233357705800963,0.234746293509309,0.235704552142227,0.235376874145712
"Q.95",0.243791527962311,0.24607774832961,0.246608067346017,0.246796986155067
"theta0",11253.8458122712,11253.8458122712,11253.8458122712,11253.8458122712
"theta1",3559.48490980111,3559.48490980111,3559.48490980111,3559.48490980111
