"","AA","AB","BA","BB"
"EV",0.277378439442442,0.274353795882283,0.274483476516722,0.276455812278115
"STD",0.00384391192031747,0.00389308739502625,0.00361110805920518,0.00376081387570617
"Q.05",0.271074449305462,0.267969795028595,0.268560543382216,0.270287818252594
"Q.95",0.283719752840511,0.280776865624408,0.28043999420458,0.282659755024419
"theta0",9069.02170770557,9069.02170770557,9069.02170770557,9069.02170770557
"theta1",3451.50811360582,3451.50811360582,3451.50811360582,3451.50811360582
