"","AA","AB","BA","BB"
"EV",0.237709108220871,0.237006067629862,0.244024612660507,0.238531075929796
"STD",0.00469102392872513,0.00573433612456286,0.00518821573251624,0.00586997347225907
"Q.05",0.230029385667153,0.227628500865865,0.235533353996839,0.228932437090478
"Q.95",0.245461279437791,0.246492414152507,0.252600825988445,0.248242542774638
"theta0",3770.23566903268,3770.23566903268,3770.23566903268,3770.23566903268
"theta1",1186.15100358573,1186.15100358573,1186.15100358573,1186.15100358573
