"","AA","AB","BA","BB"
"EV",0.275480033555831,0.27548001463414,0.275480025534318,0.275480050752897
"STD",1.97579619393754e-05,1.97579293474886e-05,1.97579808321027e-05,1.97579710745433e-05
"Q.05",0.275447535099787,0.275447516231703,0.275447527047199,0.275447552281828
"Q.95",0.275512533010496,0.275512514035194,0.275512525020059,0.275512550222588
"theta0",370429293.238242,370429293.238242,370429293.238242,370429293.238242
"theta1",140846184.479481,140846184.479481,140846184.479481,140846184.479481
