"","AA","AB","BA","BB"
"EV",0.239727340907664,0.23972734090767,0.23972734090767,0.239727340907704
"STD",1.47139089286715e-08,1.47139089286642e-08,1.47139089286667e-08,1.47139089286549e-08
"Q.05",0.239727316705438,0.239727316705444,0.239727316705444,0.239727316705478
"Q.95",0.239727365109891,0.239727365109897,0.239727365109897,0.239727365109931
"theta0",640029786498359,640029786498359,640029786498359,640029786498359
"theta1",201812648375572,201812648375572,201812648375572,201812648375572
