"","AA","AB","BA","BB"
"EV",0.415657795437807,0.415657863283027,0.415657811163816,0.415657838333887
"STD",2.98312629228324e-05,2.98312717136801e-05,2.98312969134878e-05,2.9831297249589e-05
"Q.05",0.415608727728144,0.415608795558904,0.415608743398245,0.415608770567762
"Q.95",0.415706863850196,0.415706931709875,0.415706879632116,0.415706906802739
"theta0",159486594.38453,159486594.38453,159486594.38453,159486594.38453
"theta1",113446973.940515,113446973.940515,113446973.940515,113446973.940515
