"","AA","AB","BA","BB"
"EV",0.275489005891131,0.275489035867031,0.275489037643283,0.275489037960497
"STD",1.68152116140665e-05,1.6815259918284e-05,1.68152606546026e-05,1.68152667230717e-05
"Q.05",0.275461347690952,0.275461377587401,0.275461379362442,0.275461379669673
"Q.95",0.275516664814571,0.275516694869926,0.27551669664739,0.275516696974585
"theta0",511430553.696074,511430553.696074,511430553.696074,511430553.696074
"theta1",194467043.97776,194467043.97776,194467043.97776,194467043.97776
