"","AA","AB","BA","BB"
"EV",0.414167336521466,0.419074885623998,0.414352767320844,0.412889623310294
"STD",0.00502199865283918,0.00510913370874047,0.00545379533627807,0.0054526252530165
"Q.05",0.405916979146123,0.410680921331763,0.405393945977885,0.403932938522121
"Q.95",0.422437986001877,0.427488585003253,0.423335466107701,0.421870608344513
"theta0",4273.39913545221,4273.39913545221,4273.39913545221,4273.39913545221
"theta1",3033.06984736373,3033.06984736373,3033.06984736373,3033.06984736373
