"","AA","AB","BA","BB"
"EV",0.239669110903884,0.239669070882142,0.239669055125025,0.239669089897587
"STD",2.12559835357839e-05,2.12560700438551e-05,2.12560532538481e-05,2.12560810301115e-05
"Q.05",0.239634148656193,0.239634108492164,0.239634092762663,0.239634127489539
"Q.95",0.239704074619402,0.239704034739959,0.239704018955224,0.239704053773475
"theta0",306655450.355072,306655450.355072,306655450.355072,306655450.355072
"theta1",96662950.8390119,96662950.8390119,96662950.8390119,96662950.8390119
