"","AA","AB","BA","BB"
"EV",0.415656859477203,0.415656832085669,0.415656727207828,0.415656774373258
"STD",2.81379308875622e-05,2.81380208289513e-05,2.81379179464693e-05,2.81380182012763e-05
"Q.05",0.415610577012129,0.415610549472656,0.41561044476404,0.415610491764568
"Q.95",0.415703142567498,0.415703115323905,0.415703010276836,0.415703057607173
"theta0",179259903.861277,179259903.861277,179259903.861277,179259903.861277
"theta1",127511704.560224,127511704.560224,127511704.560224,127511704.560224
