"","AA","AB","BA","BB"
"EV",0.275503710853468,0.27550371966292,0.275503708355,0.275503734475573
"STD",1.59256238016251e-05,1.59256170892847e-05,1.59256189103411e-05,1.59256104743638e-05
"Q.05",0.275477515857745,0.275477524678237,0.275477513367322,0.275477539501771
"Q.95",0.275529906497885,0.275529915296296,0.275529903991371,0.275529930098068
"theta0",570172660.191141,570172660.191141,570172660.191141,570172660.191141
"theta1",216819177.620853,216819177.620853,216819177.620853,216819177.620853
