"","AA","AB","BA","BB"
"EV",0.239679538900488,0.239679539219802,0.239679539054178,0.239679539208501
"STD",1.40922288892903e-06,1.40922289864793e-06,1.40922287335142e-06,1.4092228956766e-06
"Q.05",0.239677220938334,0.239677221257631,0.239677221092049,0.239677221246336
"Q.95",0.239681856869094,0.239681857188423,0.239681857022758,0.239681857177118
"theta0",69769391046.0178,69769391046.0178,69769391046.0178,69769391046.0178
"theta1",21993746517.1187,21993746517.1187,21993746517.1187,21993746517.1187
