"","AA","AB","BA","BB"
"EV",0.415677278341643,0.415677289997248,0.415677282578622,0.415677282491417
"STD",1.20960610154221e-05,1.20960579384326e-05,1.20960648987392e-05,1.20960663520444e-05
"Q.05",0.415657382149564,0.415657393810231,0.415657386380156,0.415657386290561
"Q.95",0.415697174649232,0.415697186299776,0.415697178892599,0.415697178807785
"theta0",970003697.71126,970003697.71126,970003697.71126,970003697.71126
"theta1",690044200.65852,690044200.65852,690044200.65852,690044200.65852
