"","AA","AB","BA","BB"
"EV",0.275498397099976,0.275500009917326,0.275499765916889,0.275499718133678
"STD",8.84241007694706e-05,8.84297067888914e-05,8.8430278411862e-05,8.84311588576273e-05
"Q.05",0.275352962396781,0.275354565994209,0.275354321053682,0.275354271822469
"Q.95",0.275643851801968,0.275645473841559,0.275645230781504,0.2756451844467
"theta0",18492045.3316466,18492045.3316466,18492045.3316466,18492045.3316466
"theta1",7031808.18151436,7031808.18151436,7031808.18151436,7031808.18151436
