"","AA","AB","BA","BB"
"EV",0.23897617732055,0.239102240157419,0.240030189894092,0.239921688870764
"STD",0.00226284911294178,0.00228935107306194,0.00221993183695675,0.00227360694384645
"Q.05",0.235262489336345,0.235345150361869,0.236386723127443,0.236190332147199
"Q.95",0.242706578436747,0.242876422428847,0.243689628636512,0.243669811482245
"theta0",25949.8578112898,25949.8578112898,25949.8578112898,25949.8578112898
"theta1",8172.58333785226,8172.58333785226,8172.58333785226,8172.58333785226
