"","AA","AB","BA","BB"
"EV",0.415652056253816,0.415652099412415,0.415652140195734,0.415652083859578
"STD",2.53089922939079e-05,2.53090382272806e-05,2.53089986383258e-05,2.53090374564966e-05
"Q.05",0.415610426918967,0.415610470002013,0.415610510850449,0.415610454450443
"Q.95",0.415693686094519,0.415693729328672,0.415693770046871,0.415693713774566
"theta0",221574963.2354,221574963.2354,221574963.2354,221574963.2354
"theta1",157608330.3209,157608330.3209,157608330.3209,157608330.3209
