"","AA","AB","BA","BB"
"EV",0.41565821432575,0.415658117499703,0.41565762851819,0.415658227504071
"STD",5.59987089367963e-05,5.59986770500191e-05,5.59982641196475e-05,5.59984926595812e-05
"Q.05",0.415566105884312,0.415566009110715,0.415565520808401,0.415566119418368
"Q.95",0.415750325243452,0.415750228364957,0.415749738704223,0.415750338066019
"theta0",45259372.6433714,45259372.6433714,45259372.6433714,45259372.6433714
"theta1",32194201.258958,32194201.258958,32194201.258958,32194201.258958
