"","AA","AB","BA","BB"
"EV",0.415655609000597,0.415655628229531,0.415655621350003,0.41565559813169
"STD",1.96099163574834e-05,1.96099283330063e-05,1.96099323068005e-05,1.96099372404717e-05
"Q.05",0.415623353710386,0.415623372919622,0.415623366033558,0.41562334280713
"Q.95",0.415687864594482,0.415687883843114,0.415687876970122,0.415687853759925
"theta0",369078156.274366,369078156.274366,369078156.274366,369078156.274366
"theta1",262532526.101027,262532526.101027,262532526.101027,262532526.101027
