"","AA","AB","BA","BB"
"EV",0.239664377948733,0.239664366636674,0.239664364111029,0.23966436238489
"STD",1.30436466854849e-05,1.30436565583681e-05,1.30436497096876e-05,1.30436367745751e-05
"Q.05",0.239642923335548,0.23964291200725,0.23964290949287,0.239642907788007
"Q.95",0.239685833114662,0.239685821818843,0.239685819281933,0.239685817534517
"theta0",814358142.081303,814358142.081303,814358142.081303,814358142.081303
"theta1",256692730.120138,256692730.120138,256692730.120138,256692730.120138
