"","AA","AB","BA","BB"
"EV",0.239676393179142,0.23967638202256,0.23967637681825,0.239676388848197
"STD",1.80791432526941e-05,1.80791499850557e-05,1.80791288864566e-05,1.80791398656915e-05
"Q.05",0.239646656165702,0.239646644998046,0.239646639828439,0.239646651840328
"Q.95",0.239706131254393,0.239706120108885,0.23970611486987,0.239706126917877
"theta0",423902004.678346,423902004.678346,423902004.678346,423902004.678346
"theta1",133626390.387459,133626390.387459,133626390.387459,133626390.387459
