"","AA","AB","BA","BB"
"EV",0.415675728875128,0.415675716376518,0.415675730352739,0.415675730337403
"STD",1.07975021286541e-05,1.07974991328114e-05,1.079750214715e-05,1.07974993976381e-05
"Q.05",0.415657968610611,0.415657956116929,0.415657970088191,0.415657970077378
"Q.95",0.415693489231689,0.415693476728151,0.41569349070933,0.415693490689472
"theta0",1217350739.10581,1217350739.10581,1217350739.10581,1217350739.10581
"theta1",865997145.470356,865997145.470356,865997145.470356,865997145.470356
