"","AA","AB","BA","BB"
"EV",0.415679440741838,0.415679413095744,0.415679498794547,0.415679427301939
"STD",2.55550885519327e-05,2.55551271281304e-05,2.55550539903658e-05,2.55551405840502e-05
"Q.05",0.41563740661952,0.415637378909974,0.415637464729077,0.415637393094037
"Q.95",0.415721475379717,0.415721447797076,0.415721533375576,0.415721462025404
"theta0",217322083.351318,217322083.351318,217322083.351318,217322083.351318
"theta1",154600625.029291,154600625.029291,154600625.029291,154600625.029291
