"","AA","AB","BA","BB"
"EV",0.239679701439224,0.239679713724429,0.239679720459297,0.239679717540857
"STD",1.14458287125414e-05,1.14458380469123e-05,1.14458334257079e-05,1.14458392818583e-05
"Q.05",0.239660874939142,0.239660887208993,0.239660893951463,0.23966089102339
"Q.95",0.239698528364882,0.23969854066544,0.239698547392707,0.2396985444839
"theta0",1057618431.02517,1057618431.02517,1057618431.02517,1057618431.02517
"theta1",333398551.581178,333398551.581178,333398551.581178,333398551.581178
