"","AA","AB","BA","BB"
"EV",0.415646195141726,0.41564617765528,0.415646192980368,0.415646195569134
"STD",1.14852507936555e-05,1.14852538739251e-05,1.14852537791126e-05,1.14852557761358e-05
"Q.05",0.415627303637392,0.415627286145879,0.415627301471123,0.415627304056603
"Q.95",0.415665086750242,0.415665069268862,0.415665084593794,0.415665087185844
"theta0",1075954814.56443,1075954814.56443,1075954814.56443,1075954814.56443
"theta1",765318052.582571,765318052.582571,765318052.582571,765318052.582571
