"","AA","AB","BA","BB"
"EV",0.415672751907405,0.415672740113661,0.415672742764787,0.415672740367065
"STD",1.44948242320004e-05,1.44948455187844e-05,1.44948409180929e-05,1.44948478772303e-05
"Q.05",0.415648910126133,0.415648898297375,0.415648900956068,0.4156488985469
"Q.95",0.415696593854555,0.415696582095825,0.415696584739383,0.415696582353108
"theta0",675517245.964259,675517245.964259,675517245.964259,675517245.964259
"theta1",480542545.540982,480542545.540982,480542545.540982,480542545.540982
