"","AA","AB","BA","BB"
"EV",0.415668729051997,0.415668749580015,0.415668773887704,0.415668745735185
"STD",1.84246059098062e-05,1.84246337231329e-05,1.84246223680504e-05,1.84246380117915e-05
"Q.05",0.415638423406152,0.415638443888422,0.415638468214788,0.415638440036538
"Q.95",0.415699034965869,0.415699055539637,0.415699079828648,0.415699051701861
"theta0",418087681.056357,418087681.056357,418087681.056357,418087681.056357
"theta1",297410045.209217,297410045.209217,297410045.209217,297410045.209217
