"","AA","AB","BA","BB"
"EV",0.275508923202601,0.275508902733402,0.275508926889422,0.27550891116434
"STD",1.08454608768977e-05,1.08454626020693e-05,1.08454576656066e-05,1.08454605511077e-05
"Q.05",0.27549108415736,0.275491063685323,0.275491087849463,0.275491072119634
"Q.95",0.275526762548677,0.275526742082316,0.275526766230216,0.27552675050988
"theta0",1229434439.25507,1229434439.25507,1229434439.25507,1229434439.25507
"theta1",467528389.429714,467528389.429714,467528389.429714,467528389.429714
