"","AA","AB","BA","BB"
"EV",0.415915983158679,0.415915983158669,0.415915983158681,0.415915983158686
"STD",1.77738393666572e-08,1.77738393666699e-08,1.77738393666487e-08,1.77738393666653e-08
"Q.05",0.415915953923315,0.415915953923305,0.415915953923317,0.415915953923322
"Q.95",0.415916012394044,0.415916012394033,0.415916012394046,0.415916012394051
"theta0",449152429034279,449152429034279,449152429034279,449152429034279
"theta1",319833566273826,319833566273826,319833566273826,319833566273826
