"","AA","AB","BA","BB"
"EV",0.239657305618692,0.239657312309156,0.239657311853118,0.239657305615309
"STD",1.09120660997505e-05,1.09120616405294e-05,1.0912065148761e-05,1.09120603275502e-05
"Q.05",0.239639357060625,0.239639363758423,0.239639363296615,0.239639357066736
"Q.95",0.239675254563626,0.239675261246754,0.239675260796487,0.239675254550748
"theta0",1163577320.83176,1163577320.83176,1163577320.83176,1163577320.83176
"theta1",366755428.265796,366755428.265796,366755428.265796,366755428.265796
