"","AA","AB","BA","BB"
"EV",0.275486929756263,0.275486950835441,0.275486940676692,0.275486937597113
"STD",1.05566311239702e-05,1.05566251882636e-05,1.05566341801443e-05,1.05566322338362e-05
"Q.05",0.275469565785804,0.275469586874745,0.275469576701207,0.275469573624829
"Q.95",0.275504294011788,0.275504315081203,0.275504304937245,0.275504301854464
"theta0",1297604758.90492,1297604758.90492,1297604758.90492,1297604758.90492
"theta1",493397819.260679,493397819.260679,493397819.260679,493397819.260679
