"","AA","AB","BA","BB"
"EV",0.275495666334027,0.27549553310024,0.275495619926274,0.27549563059467
"STD",2.65976795980832e-05,2.65975742249221e-05,2.65977168606781e-05,2.65976848450028e-05
"Q.05",0.275451917949027,0.275451784888558,0.275451871479986,0.275451882201041
"Q.95",0.275539416528524,0.275539283121407,0.275539370182066,0.275539380797798
"theta0",204412484.985857,204412484.985857,204412484.985857,204412484.985857
"theta1",77728642.7977412,77728642.7977412,77728642.7977412,77728642.7977412
