"","AA","AB","BA","BB"
"EV",0.275439887781592,0.275439887847186,0.275439888356946,0.275439888010581
"STD",1.96614968200588e-06,1.96614968805409e-06,1.96614965311581e-06,1.96614966722154e-06
"Q.05",0.275436653758102,0.275436653823686,0.275436654333504,0.275436653987115
"Q.95",0.275443121814973,0.275443121880577,0.27544312239028,0.275443122043938
"theta0",37406107148.3261,37406107148.3261,37406107148.3261,37406107148.3261
"theta1",14219847039.1508,14219847039.1508,14219847039.1508,14219847039.1508
