"","AA","AB","BA","BB"
"EV",0.239674093658226,0.239674362587061,0.239674164682261,0.23967417465958
"STD",3.79247064046678e-05,3.79246873002935e-05,3.79249313074671e-05,3.79249207727292e-05
"Q.05",0.23961171540361,0.239611984363862,0.239611786057739,0.239611796052385
"Q.95",0.239736476585269,0.239736745482674,0.239736547979262,0.239736557939252
"theta0",96331585.9682336,96331585.9682336,96331585.9682336,96331585.9682336
"theta1",30366187.3118852,30366187.3118852,30366187.3118852,30366187.3118852
