"","AA","AB","BA","BB"
"EV",0.999080841624927,0.999080841624927,0.999080841624927,0.999080841624927
"STD",7.26700486203302e-19,7.26700486203302e-19,7.26700486203302e-19,7.26700486203302e-19
"Q.05",5.562684646268e-309,5.562684646268e-309,5.562684646268e-309,5.562684646268e-309
"Q.95",NA,NA,NA,NA
"theta0",1.59834463232258e+30,1.59834463232258e+30,1.59834463232258e+30,1.59834463232258e+30
"theta1",1.7373235600891e+33,1.7373235600891e+33,1.7373235600891e+33,1.7373235600891e+33
