"","AA","AB","BA","BB"
"EV",0.275493534011775,0.27549345092076,0.275493437697203,0.275493510420782
"STD",2.48366459030394e-05,2.4836592192292e-05,2.48366459756685e-05,2.48365998799852e-05
"Q.05",0.275452682153605,0.275452599150934,0.275452585838915,0.275452658638311
"Q.95",0.275534387447783,0.275534304268419,0.275534291133332,0.275534363781086
"theta0",234427673.909947,234427673.909947,234427673.909947,234427673.909947
"theta1",89141084.2472368,89141084.2472368,89141084.2472368,89141084.2472368
