"","AA","AB","BA","BB"
"EV",0.239667238513911,0.239667238033613,0.23966723773496,0.239667239057891
"STD",2.48433254844567e-06,2.48433252915518e-06,2.48433252022786e-06,2.48433248701685e-06
"Q.05",0.239663152160533,0.239663151680267,0.239663151381629,0.239663152704615
"Q.95",0.239671324887339,0.239671324407009,0.239671324108342,0.239671325431219
"theta0",22448979758.5087,22448979758.5087,22448979758.5087,22448979758.5087
"theta1",7076224060.59341,7076224060.59341,7076224060.59341,7076224060.59341
