"","AA","AB","BA","BB"
"EV",0.415635704736105,0.415635861846691,0.415635854025012,0.415635790275069
"STD",3.1336054445442e-05,3.13360288542138e-05,3.13360452385257e-05,3.13360098321495e-05
"Q.05",0.415584161901097,0.415584319053775,0.415584311205146,0.415584247513442
"Q.95",0.41568724834674,0.41568740541523,0.415687397620501,0.41568733381232
"theta0",144540457.840048,144540457.840048,144540457.840048,144540457.840048
"theta1",102806074.476748,102806074.476748,102806074.476748,102806074.476748
