"","AA","AB","BA","BB"
"EV",0.239657687066959,0.23965772099874,0.239657708824753,0.239657668870133
"STD",1.68456243960117e-05,1.68456118465715e-05,1.68456198827848e-05,1.68455950222789e-05
"Q.05",0.239629978941566,0.239630012893988,0.239630000706783,0.239629960793054
"Q.95",0.239685396114329,0.239685430025467,0.239685417864699,0.239685377869186
"theta0",488241893.752756,488241893.752756,488241893.752756,488241893.752756
"theta1",153892433.69543,153892433.69543,153892433.69543,153892433.69543
