"","AA","AB","BA","BB"
"EV",0.239680674343885,0.23968071680182,0.239680239836336,0.239680815156845
"STD",5.0891529362387e-05,5.08924528499464e-05,5.08919646589451e-05,5.08925504156659e-05
"Q.05",0.23959696943404,0.239597010373124,0.239596534210576,0.239597108567682
"Q.95",0.239764387667098,0.239764431644186,0.239763953875633,0.239764530159707
"theta0",53495169.2920899,53495169.2920899,53495169.2920899,53495169.2920899
"theta1",16863643.2177206,16863643.2177206,16863643.2177206,16863643.2177206
