"","AA","AB","BA","BB"
"EV",0.415673215145411,0.415673215983225,0.415673216061224,0.415673216062551
"STD",2.51347880353021e-06,2.51347878634832e-06,2.51347883855368e-06,2.51347882865039e-06
"Q.05",0.415669080843178,0.415669081681021,0.415669081758934,0.415669081760277
"Q.95",0.415677349452631,0.415677350290417,0.415677350368502,0.415677350369812
"theta0",22465348184.3626,22465348184.3626,22465348184.3626,22465348184.3626
"theta1",15981200548.8895,15981200548.8895,15981200548.8895,15981200548.8895
