"","AA","AB","BA","BB"
"EV",0.41628163481314,0.414733383573977,0.415338877012241,0.41538376018949
"STD",0.00258322641237822,0.00264114288774587,0.002623259675841,0.00266027152699109
"Q.05",0.412035212733658,0.410391869029541,0.411026719578949,0.411010799316245
"Q.95",0.420533285365926,0.419080470755281,0.41965649051879,0.419762329039475
"theta0",19696.8035139775,19696.8035139775,19696.8035139775,19696.8035139775
"theta1",13997.9680923663,13997.9680923663,13997.9680923663,13997.9680923663
