"","AA","AB","BA","BB"
"EV",0.275501928314036,0.27550192844667,0.275501928566493,0.275501928342097
"STD",2.11362545248649e-06,2.11362548936984e-06,2.11362544152018e-06,2.11362548571516e-06
"Q.05",0.275498451715258,0.275498451847831,0.275498451967732,0.275498451743263
"Q.95",0.275505404924241,0.275505405056936,0.275505405176679,0.275505404952356
"theta0",32370024626.2578,32370024626.2578,32370024626.2578,32370024626.2578
"theta1",12309217315.0566,12309217315.0566,12309217315.0566,12309217315.0566
