"","AA","AB","BA","BB"
"EV",0.275503891954424,0.275503902859841,0.275503920311667,0.27550382222844
"STD",2.43050208400939e-05,2.43050147002664e-05,2.43050220828385e-05,2.43050093310763e-05
"Q.05",0.275463914508202,0.275463925423718,0.275463942863402,0.275463844801149
"Q.95",0.275543870911555,0.275543881806873,0.275543899270843,0.27554380116664
"theta0",244796983.256893,244796983.256893,244796983.256893,244796983.256893
"theta1",93088863.1518751,93088863.1518751,93088863.1518751,93088863.1518751
