"","AA","AB","BA","BB"
"EV",0.415622024003288,0.41562203312162,0.415622022704058,0.415622044328206
"STD",1.476053557947e-05,1.47605372217435e-05,1.47605458079504e-05,1.47605463028205e-05
"Q.05",0.415597745168865,0.415597754284496,0.415597743852811,0.415597765476145
"Q.95",0.415646303009835,0.415646312130868,0.415646301727429,0.415646323352391
"theta0",651449984.099175,651449984.099175,651449984.099175,651449984.099175
"theta1",463325073.564373,463325073.564373,463325073.564373,463325073.564373
