"","AA","AB","BA","BB"
"EV",0.23967692587138,0.239676917346837,0.239676946110368,0.239676939273046
"STD",2.17651213838337e-05,2.17650965350498e-05,2.17651548009839e-05,2.17651467238193e-05
"Q.05",0.239641126201994,0.239641117718321,0.239641146386018,0.23964113956198
"Q.95",0.239712727079673,0.239712718514255,0.239712747373629,0.23971274052302
"theta0",292481460.626983,292481460.626983,292481460.626983,292481460.626983
"theta1",92199042.961117,92199042.961117,92199042.961117,92199042.961117
