"","AA","AB","BA","BB"
"EV",0.416097049757276,0.414853822089074,0.414232258428566,0.417379503197541
"STD",0.00383418242688358,0.00384078270062929,0.00380734327483825,0.00381332175822846
"Q.05",0.409796131050566,0.408542157743554,0.40797554044434,0.411112742591841
"Q.95",0.422409514404186,0.421177254014755,0.420500629473044,0.423657499996334
"theta0",8825.48537080355,8825.48537080355,8825.48537080355,8825.48537080355
"theta1",6277.35229929612,6277.35229929612,6277.35229929612,6277.35229929612
