"","AA","AB","BA","BB"
"EV",0.411918841328861,0.419127716738664,0.420449658241241,0.417374598941201
"STD",0.00548799718934223,0.0062537690902841,0.00619900157381289,0.00678895552434139
"Q.05",0.402904278048946,0.408855856873312,0.410267377481272,0.406225445099515
"Q.95",0.420958313028331,0.429429127110229,0.430660474600685,0.428559375897213
"theta0",2892.38236828833,2892.38236828833,2892.38236828833,2892.38236828833
"theta1",2070.67492015653,2070.67492015653,2070.67492015653,2070.67492015653
