"","AA","AB","BA","BB"
"EV",0.238082552617947,0.237999743696168,0.240970169599962,0.240057717771541
"STD",0.00372591729142617,0.00370581327075273,0.00361374234999213,0.00356802719798368
"Q.05",0.231976807903082,0.23192683361433,0.235047166399066,0.234209505334832
"Q.95",0.244233884788734,0.244117775603014,0.246935234696955,0.245947185791651
"theta0",9238.05696863595,9238.05696863595,9238.05696863595,9238.05696863595
"theta1",2905.73776128066,2905.73776128066,2905.73776128066,2905.73776128066
