"","AA","AB","BA","BB"
"EV",0.239676895828909,0.239676915429908,0.239676897358991,0.239676904328981
"STD",2.42095530793174e-05,2.42096146859043e-05,2.42095343670641e-05,2.42096301474209e-05
"Q.05",0.239637075609725,0.239637095109395,0.239637077170585,0.239637083983037
"Q.95",0.239716717952078,0.239716737654415,0.239716719451379,0.239716726578921
"theta0",236399103.125452,236399103.125452,236399103.125452,236399103.125452
"theta1",74520168.0828145,74520168.0828145,74520168.0828145,74520168.0828145
