"","AA","AB","BA","BB"
"EV",0.275501656738182,0.275501485480334,0.275501500494244,0.275501442375882
"STD",3.339476804498e-05,3.33949659234456e-05,3.33950385102251e-05,3.33950778432265e-05
"Q.05",0.275446728659055,0.275446557075744,0.275446571970266,0.275446513787211
"Q.95",0.275556587669706,0.275556416737357,0.275556431870669,0.275556373817007
"theta0",129668167.978693,129668167.978693,129668167.978693,129668167.978693
"theta1",49308285.0928856,49308285.0928856,49308285.0928856,49308285.0928856
