"","AA","AB","BA","BB"
"EV",0.239689041802649,0.239689004074527,0.239689009362256,0.239689044293934
"STD",1.89483355212587e-05,1.89483650932282e-05,1.89483553994942e-05,1.89483749360601e-05
"Q.05",0.23965787514738,0.239657837370619,0.239657842674291,0.239657877573836
"Q.95",0.239720209624181,0.239720171944703,0.239720177216486,0.2397202121803
"theta0",385910172.254936,385910172.254936,385910172.254936,385910172.254936
"theta1",121658684.313272,121658684.313272,121658684.313272,121658684.313272
