"","AA","AB","BA","BB"
"EV",0.275509140930348,0.275509075677595,0.275509149381711,0.275509163972688
"STD",2.64818822148404e-05,2.64819239080328e-05,2.64820017468166e-05,2.64820092991809e-05
"Q.05",0.275465583007153,0.275465517685824,0.275465591261911,0.275465605840466
"Q.95",0.275552700647158,0.275552635462987,0.275552709295141,0.275552723898541
"theta0",206205129.93525,206205129.93525,206205129.93525,206205129.93525
"theta1",78415614.361008,78415614.361008,78415614.361008,78415614.361008
