"","AA","AB","BA","BB"
"EV",0.275581821087372,0.275581821300343,0.275581821327681,0.27558182141659
"STD",1.64796923170197e-06,1.64796925002013e-06,1.6479692276186e-06,1.64796924773581e-06
"Q.05",0.275579110422675,0.275579110635616,0.275579110662991,0.275579110751867
"Q.95",0.275584531759011,0.275584531972012,0.275584531999313,0.275584532088256
"theta0",53251400644.987,53251400644.987,53251400644.987,53251400644.987
"theta1",20257799164.7413,20257799164.7413,20257799164.7413,20257799164.7413
