"","AA","AB","BA","BB"
"EV",0.415655403136729,0.415655587179116,0.415655673900974,0.415655530134398
"STD",4.01746710005309e-05,4.01749557532375e-05,4.01746862574785e-05,4.01749550908847e-05
"Q.05",0.415589322320677,0.415589505894695,0.415589593059825,0.415589448851067
"Q.95",0.415721485227343,0.415721669738114,0.415721756016681,0.415721612692307
"theta0",87934492.9721661,87934492.9721661,87934492.9721661,87934492.9721661
"theta1",62549511.3791468,62549511.3791468,62549511.3791468,62549511.3791468
