"","AA","AB","BA","BB"
"EV",0.239668670827609,0.239668284170768,0.239668521900403,0.239668629049565
"STD",5.22001768378582e-05,5.2199651579858e-05,5.22005891862908e-05,5.22004492593008e-05
"Q.05",0.239582813603709,0.239582427810764,0.239582663998325,0.239582771377619
"Q.95",0.239754536903841,0.23975414938295,0.239754388654962,0.239754495573938
"theta0",50846672.3184605,50846672.3184605,50846672.3184605,50846672.3184605
"theta1",16027676.6728147,16027676.6728147,16027676.6728147,16027676.6728147
