"","AA","AB","BA","BB"
"EV",0.239683934343494,0.239683877919611,0.239683657025176,0.239683828909744
"STD",3.69050987816146e-05,3.69050563648739e-05,3.69051824923394e-05,3.69051748664458e-05
"Q.05",0.239623233070095,0.239623176715977,0.239622955614099,0.239623127511207
"Q.95",0.239744640041169,0.239744583547512,0.239744362860556,0.239744534732577
"theta0",101729955.745238,101729955.745238,101729955.745238,101729955.745238
"theta1",32069585.8710374,32069585.8710374,32069585.8710374,32069585.8710374
