"","AA","AB","BA","BB"
"EV",0.237929533645493,0.242267202803606,0.240493329022105,0.240784680518969
"STD",0.00376383389107175,0.00400526950495865,0.00426994829977757,0.00432669709692707
"Q.05",0.231761913597824,0.235704790134213,0.233499418208621,0.233698158063414
"Q.95",0.244143721576534,0.248880840178671,0.247546154575837,0.247931576469753
"theta0",7215.12489851946,7215.12489851946,7215.12489851946,7215.12489851946
"theta1",2283.06808903349,2283.06808903349,2283.06808903349,2283.06808903349
