"","AA","AB","BA","BB"
"EV",0.415663331668626,0.415663511132131,0.415663373656484,0.41566335687779
"STD",3.23576186104421e-05,3.23575824779376e-05,3.23575618241073e-05,3.23574846410352e-05
"Q.05",0.415610108535649,0.415610288058585,0.41561015061691,0.415610133965169
"Q.95",0.415716555628338,0.415716735032409,0.415716597522789,0.415716580617138
"theta0",135554382.35507,135554382.35507,135554382.35507,135554382.35507
"theta1",96425577.1704493,96425577.1704493,96425577.1704493,96425577.1704493
