"","AA","AB","BA","BB"
"EV",0.275505746462458,0.275505694070096,0.275505600650454,0.275505692749295
"STD",2.50563751691915e-05,2.50564082121861e-05,2.50563763010078e-05,2.5056332594852e-05
"Q.05",0.275464533195763,0.275464480749052,0.275464387381898,0.275464479552626
"Q.95",0.275546961334901,0.275546908996892,0.27554681552476,0.275546907551708
"theta0",230336124.023563,230336124.023563,230336124.023563,230336124.023563
"theta1",87590626.7850152,87590626.7850152,87590626.7850152,87590626.7850152
