"","AA","AB","BA","BB"
"EV",0.415649112659605,0.415649118297715,0.415649196630175,0.415649143803395
"STD",2.20813838834099e-05,2.20814607031713e-05,2.20814681304615e-05,2.20814800265282e-05
"Q.05",0.415612792207769,0.415612797719522,0.415612876039766,0.415612823193419
"Q.95",0.415685433496515,0.415685439260983,0.41568551760566,0.415685464798448
"theta0",291083668.573258,291083668.573258,291083668.573258,291083668.573258
"theta1",207048001.805287,207048001.805287,207048001.805287,207048001.805287
