"","AA","AB","BA","BB"
"EV",0.415657800572338,0.415658056593997,0.415658101697286,0.415658035211138
"STD",3.90762997643153e-05,3.90764281578128e-05,3.90761132183869e-05,3.90763651006929e-05
"Q.05",0.415593526381811,0.415593782192284,0.415593827813593,0.415593760913143
"Q.95",0.41572207596865,0.4157223322015,0.41572237678675,0.415722310714919
"theta0",92947845.3322033,92947845.3322033,92947845.3322033,92947845.3322033
"theta1",66116273.1072018,66116273.1072018,66116273.1072018,66116273.1072018
