"","AA","AB","BA","BB"
"EV",0.415652109869962,0.415652116148615,0.4156520488464,0.415652104856565
"STD",2.53089764124752e-05,2.53090297307712e-05,2.53090160904141e-05,2.53090443823945e-05
"Q.05",0.415610480561235,0.415610486752189,0.41561041947241,0.415610475436038
"Q.95",0.415693739684541,0.415693746050896,0.415693678726244,0.415693734782946
"theta0",221574963.2354,221574963.2354,221574963.2354,221574963.2354
"theta1",157608330.3209,157608330.3209,157608330.3209,157608330.3209
