"","AA","AB","BA","BB"
"EV",0.239681100888004,0.239681290439613,0.239681239696561,0.239681358928848
"STD",3.8981511785471e-05,3.89814753713126e-05,3.89814345153746e-05,3.89813498173664e-05
"Q.05",0.239616984475128,0.239617174086626,0.239617123410771,0.239617242782361
"Q.95",0.239745222237106,0.239745411728811,0.239745360918553,0.239745480011511
"theta0",91180963.7398506,91180963.7398506,91180963.7398506,91180963.7398506
"theta1",28743690.8188108,28743690.8188108,28743690.8188108,28743690.8188108
