"","AA","AB","BA","BB"
"EV",0.415590564422397,0.415590561553468,0.415590564881391,0.415590563719479
"STD",4.95922819374468e-06,4.95922789678233e-06,4.959228206337e-06,4.95922792612672e-06
"Q.05",0.415582407227634,0.415582404359193,0.415582407686608,0.415582406525157
"Q.95",0.415598721636597,0.415598718767179,0.415598722095612,0.415598720933239
"theta0",5771276618.96119,5771276618.96119,5771276618.96119,5771276618.96119
"theta1",4104122818.20026,4104122818.20026,4104122818.20026,4104122818.20026
