"","AA","AB","BA","BB"
"EV",0.275512151429536,0.275512417418107,0.275512270482118,0.27551216233906
"STD",3.92069412237658e-05,3.92068244785738e-05,3.92069417932916e-05,3.92068065884914e-05
"Q.05",0.275447663715791,0.275447929896376,0.275447782767435,0.275447674846756
"Q.95",0.275576643074691,0.275576908871219,0.275576762128209,0.275576653762746
"theta0",94074826.9738647,94074826.9738647,94074826.9738647,94074826.9738647
"theta1",35775300.9874352,35775300.9874352,35775300.9874352,35775300.9874352
