"","AA","AB","BA","BB"
"EV",0.407639518162728,0.414017174132803,0.412393694098713,0.420071761211858
"STD",0.00761615985985011,0.00677861596292145,0.00733593925188395,0.00632011628711709
"Q.05",0.395137115897939,0.402885740515504,0.40034912060234,0.409690896034766
"Q.95",0.420192393221874,0.425185651778046,0.424482526205494,0.430482436489131
"theta0",2054.31259153466,2054.31259153466,2054.31259153466,2054.31259153466
"theta1",1448.53254689898,1448.53254689898,1448.53254689898,1448.53254689898
