"","AA","AB","BA","BB"
"EV",0.275508703545183,0.275508678530355,0.275508677576462,0.275508697337679
"STD",1.75775016967302e-05,1.75774755175387e-05,1.75775111688402e-05,1.75775019685348e-05
"Q.05",0.275479791522875,0.275479766551108,0.275479765538575,0.275479785314924
"Q.95",0.275537616357708,0.275537591299819,0.275537590404569,0.275537610150651
"theta0",468043862.651486,468043862.651486,468043862.651486,468043862.651486
"theta1",177987160.378679,177987160.378679,177987160.378679,177987160.378679
