"","AA","AB","BA","BB"
"EV",0.415610167430782,0.415417120136959,0.415621129622127,0.415903744150981
"STD",0.00148308296536169,0.0014779925450172,0.00148120514875737,0.00147594725240553
"Q.05",0.413171580699005,0.412986902551662,0.413185629310361,0.413476883128887
"Q.95",0.4180504921225,0.417849067952859,0.418058363257103,0.418332320111695
"theta0",63955.2533211108,63955.2533211108,63955.2533211108,63955.2533211108
"theta1",45489.3346750625,45489.3346750625,45489.3346750625,45489.3346750625
