"","AA","AB","BA","BB"
"EV",0.239680568523153,0.239680473695102,0.239680465794087,0.239680451485018
"STD",3.29479539242815e-05,3.29480105015998e-05,3.29477540956341e-05,3.2947926040895e-05
"Q.05",0.239626375724892,0.239626280803787,0.239626273324494,0.239626258732619
"Q.95",0.239734764847851,0.239734670112869,0.239734661790076,0.23973464776385
"theta0",127633676.468222,127633676.468222,127633676.468222,127633676.468222
"theta1",40234798.2675301,40234798.2675301,40234798.2675301,40234798.2675301
