"","AA","AB","BA","BB"
"EV",0.23967545843802,0.239675460201494,0.239675468672422,0.239675454641069
"STD",8.07078716592069e-06,8.07078908160786e-06,8.07078429664424e-06,8.07078846649017e-06
"Q.05",0.239662183280281,0.239662185040604,0.239662193519402,0.239662179481191
"Q.95",0.239688733807364,0.23968873557399,0.239688744037047,0.239688730012553
"theta0",2127108057.61288,2127108057.61288,2127108057.61288,2127108057.61288
"theta1",670523673.410389,670523673.410389,670523673.410389,670523673.410389
