"","AA","AB","BA","BB"
"EV",0.242078779353264,0.229425167939572,0.240234275935754,0.249017799365926
"STD",0.00594286081934308,0.00768034978469849,0.0109363665865168,0.00925546516343218
"Q.05",0.232360296922352,0.21689534125259,0.222440501038475,0.233925333658389
"Q.95",0.251910194852585,0.242160396896306,0.25841551394993,0.264371886204154
"theta0",1114.68014740423,1114.68014740423,1114.68014740423,1114.68014740423
"theta1",352.369102259279,352.369102259279,352.369102259279,352.369102259279
