"","AA","AB","BA","BB"
"EV",0.239674939548099,0.239674934843018,0.2396749388156,0.239674937607577
"STD",6.69819589991747e-06,6.69819786022385e-06,6.69819836658605e-06,6.69819872690331e-06
"Q.05",0.239663922069155,0.239663917360849,0.239663921332598,0.239663920123983
"Q.95",0.239685957172795,0.239685952470938,0.239685956444352,0.239685955236922
"theta0",3088198082.79699,3088198082.79699,3088198082.79699,3088198082.79699
"theta1",973483211.082352,973483211.082352,973483211.082352,973483211.082352
