"","AA","AB","BA","BB"
"EV",0.415605836446601,0.415605836446603,0.415605836446626,0.41560583644661
"STD",1.20624493038795e-08,1.20624493038844e-08,1.20624493038785e-08,1.2062449303888e-08
"Q.05",0.415605816605638,0.41560581660564,0.415605816605663,0.415605816605647
"Q.95",0.415605856287565,0.415605856287567,0.41560585628759,0.415605856287574
"theta0",975488997659005,975488997659005,975488997659005,975488997659005
"theta1",693742248128215,693742248128215,693742248128215,693742248128215
