"","AA","AB","BA","BB"
"EV",0.239687990234835,0.239688021782106,0.239688078805858,0.239687984107746
"STD",2.19073341442149e-05,2.19073666612475e-05,2.19073043765228e-05,2.19073530492116e-05
"Q.05",0.239651956656304,0.239651988150091,0.239652045276288,0.239651950498121
"Q.95",0.239724025372332,0.239724056973091,0.239724113894389,0.239724019276341
"theta0",288701466.258917,288701466.258917,288701466.258917,288701466.258917
"theta1",91013010.6818103,91013010.6818103,91013010.6818103,91013010.6818103
