"","AA","AB","BA","BB"
"EV",0.415685935937433,0.415685941503444,0.415685962355223,0.415685983278491
"STD",1.76945827231232e-05,1.76945732458987e-05,1.76945858619845e-05,1.7694578452074e-05
"Q.05",0.415656831062439,0.415656836644038,0.415656857475066,0.415656878410522
"Q.95",0.415715041059583,0.415715046610005,0.415715067482535,0.415715088393615
"theta0",453290519.99144,453290519.99144,453290519.99144,453290519.99144
"theta1",322474711.923166,322474711.923166,322474711.923166,322474711.923166
