"","AA","AB","BA","BB"
"EV",0.275488436214495,0.275488436893287,0.275488437061446,0.275488432791424
"STD",7.5117259253973e-06,7.51172528131452e-06,7.51172663015274e-06,7.51172620439459e-06
"Q.05",0.275476080597029,0.275476081276881,0.275476081442821,0.275476077173499
"Q.95",0.275500791976295,0.275500792654028,0.275500792824406,0.275500788553683
"theta0",2562797868.92768,2562797868.92768,2562797868.92768,2562797868.92768
"theta1",974478822.47446,974478822.47446,974478822.47446,974478822.47446
