"","AA","AB","BA","BB"
"EV",0.27554803082932,0.275548031408981,0.275548030854462,0.275548031366506
"STD",2.39522250435752e-06,2.3952225856335e-06,2.39522254837855e-06,2.39522259632674e-06
"Q.05",0.275544091046231,0.275544091625758,0.275544091071301,0.275544091583266
"Q.95",0.275551970627078,0.275551971206873,0.275551970652293,0.275551971164415
"theta0",25207207761.6599,25207207761.6599,25207207761.6599,25207207761.6599
"theta1",9587656279.52642,9587656279.52642,9587656279.52642,9587656279.52642
