"","AA","AB","BA","BB"
"EV",0.272167216287447,0.270243608490472,0.291720628982071,0.275972232107905
"STD",0.00706130237765941,0.00775902784354582,0.00907873101402793,0.0108515976722504
"Q.05",0.260617788871741,0.257561139008947,0.276882131639676,0.258273683870743
"Q.95",0.283847105124527,0.283085646384411,0.306748180082609,0.293971284476332
"theta0",978.813603609783,978.813603609783,978.813603609783,978.813603609783
"theta1",375.996499343021,375.996499343021,375.996499343021,375.996499343021
