"","AA","AB","BA","BB"
"EV",0.415657019873732,0.415656945197255,0.415657129589512,0.415656894118759
"STD",3.77566409669231e-05,3.77567650837652e-05,3.77565114382792e-05,3.77567226414161e-05
"Q.05",0.415594916288739,0.415594841408112,0.415595026217571,0.415594790399427
"Q.95",0.415719124584454,0.415719050112136,0.415719234087175,0.415718998963827
"theta0",99558835.518526,99558835.518526,99558835.518526,99558835.518526
"theta1",70818554.198931,70818554.198931,70818554.198931,70818554.198931
