"","AA","AB","BA","BB"
"EV",0.415636294671996,0.415636317061759,0.415636358293513,0.415636305074481
"STD",2.16176423691196e-05,2.16176582804978e-05,2.16176381467425e-05,2.16176544262449e-05
"Q.05",0.415600736999099,0.41560075936269,0.415600800627561,0.415600747381752
"Q.95",0.415671852714021,0.415671875129956,0.415671916328593,0.415671863136338
"theta0",303711871.375176,303711871.375176,303711871.375176,303711871.375176
"theta1",216019044.664265,216019044.664265,216019044.664265,216019044.664265
