"","AA","AB","BA","BB"
"EV",0.415655855764488,0.415655860261381,0.415655852513073,0.415655865465707
"STD",1.40778386121601e-05,1.40778546699762e-05,1.40778460857731e-05,1.40778558613495e-05
"Q.05",0.415632699858839,0.415632704329319,0.41563269659513,0.415632709531685
"Q.95",0.415679011826642,0.415679016349948,0.41567900858752,0.415679021556233
"theta0",716140387.280243,716140387.280243,716140387.280243,716140387.280243
"theta1",509405205.494312,509405205.494312,509405205.494312,509405205.494312
