"","AA","AB","BA","BB"
"EV",0.239663020772797,0.239663038257721,0.239663048746174,0.239663075570973
"STD",1.83475547120348e-05,1.83475277668277e-05,1.83475502933436e-05,1.83475288296317e-05
"Q.05",0.239632842277724,0.239632859806968,0.23963287025837,0.239632897118471
"Q.95",0.23969320036154,0.239693217802142,0.239693228327649,0.239693255117142
"theta0",411581984.145871,411581984.145871,411581984.145871,411581984.145871
"theta1",129733260.200028,129733260.200028,129733260.200028,129733260.200028
