"","AA","AB","BA","BB"
"EV",0.275499475161269,0.275499495622715,0.275499575437261,0.275499496030902
"STD",2.18021344739446e-05,2.18022086250842e-05,2.18021736926181e-05,2.18022136454597e-05
"Q.05",0.275463614449202,0.275463634788684,0.275463714660686,0.275463635188613
"Q.95",0.275535337089124,0.275535357672541,0.275535437429625,0.275535358088986
"theta0",304226255.757302,304226255.757302,304226255.757302,304226255.757302
"theta1",115685476.794271,115685476.794271,115685476.794271,115685476.794271
