"","AA","AB","BA","BB"
"EV",0.275587897768083,0.275710845053326,0.275085180103484,0.275380804688635
"STD",0.00164107274366588,0.00163802137335803,0.00164790959222447,0.00164722531038318
"Q.05",0.272892017218158,0.273019967930208,0.272378094444072,0.272674834774723
"Q.95",0.278290662721698,0.278408575350562,0.277799231081289,0.27809372036105
"theta0",52439.4716613936,52439.4716613936,52439.4716613936,52439.4716613936
"theta1",19934.8753056784,19934.8753056784,19934.8753056784,19934.8753056784
