"","AA","AB","BA","BB"
"EV",0.23964357606803,0.239643576607141,0.239643575219657,0.239643584466622
"STD",7.16138549817634e-06,7.16138461178218e-06,7.1613850773016e-06,7.1613837750989e-06
"Q.05",0.23963179672044,0.239631797261009,0.23963179587276,0.239631805121866
"Q.95",0.23965535558226,0.239655356119914,0.239655354733196,0.239655363978018
"theta0",2701506610.43286,2701506610.43286,2701506610.43286,2701506610.43286
"theta1",851441102.694626,851441102.694626,851441102.694626,851441102.694626
