"","AA","AB","BA","BB"
"EV",0.41566775960082,0.415667758818082,0.41566775938519,0.415667759813261
"STD",4.16877584157979e-06,4.16877601807067e-06,4.1687757935434e-06,4.16877599579811e-06
"Q.05",0.415660902581617,0.415660901798589,0.415660902366067,0.415660902793806
"Q.95",0.415674616633743,0.415674615851296,0.415674616418035,0.415674616846439
"theta0",8166743029.61134,8166743029.61134,8166743029.61134,8166743029.61134
"theta1",5809454863.04898,5809454863.04898,5809454863.04898,5809454863.04898
