"","AA","AB","BA","BB"
"EV",0.415650336268134,0.41565033617618,0.415650336723937,0.415650335917529
"STD",2.7749336683996e-06,2.77493370006978e-06,2.77493359120134e-06,2.77493366339908e-06
"Q.05",0.415645771911465,0.415645771819459,0.415645772367395,0.415645771560869
"Q.95",0.415654900630883,0.415654900538981,0.415654901086559,0.41565490028027
"theta0",18431832018.517,18431832018.517,18431832018.517,18431832018.517
"theta1",13110638462.0821,13110638462.0821,13110638462.0821,13110638462.0821
