"","AA","AB","BA","BB"
"EV",0.239664086391942,0.239664113718891,0.239664104506851,0.23966411273109
"STD",1.3420797885538e-05,1.34208061765038e-05,1.34207925684631e-05,1.34208053549946e-05
"Q.05",0.239642011436452,0.239642038749764,0.239642029560106,0.239642037763314
"Q.95",0.239686161932605,0.239686189273192,0.239686180038767,0.239686188284039
"theta0",769230493.988888,769230493.988888,769230493.988888,769230493.988888
"theta1",242467754.588531,242467754.588531,242467754.588531,242467754.588531
