"","AA","AB","BA","BB"
"EV",0.275491231388372,0.275491201635037,0.275491241068997,0.275491225886455
"STD",1.71692387303439e-05,1.71692537504529e-05,1.71692364576484e-05,1.71692528114733e-05
"Q.05",0.275462990880788,0.275462961102749,0.275463000565152,0.275462985355711
"Q.95",0.27551947264998,0.275519442921352,0.275519482326867,0.275519467171225
"theta0",490559493.22831,490559493.22831,490559493.22831,490559493.22831
"theta1",186533055.732037,186533055.732037,186533055.732037,186533055.732037
