"","AA","AB","BA","BB"
"EV",0.232991135739036,0.249196246562934,0.242617268361134,0.234873543458175
"STD",0.00762369184707566,0.00918705020998046,0.00603171523013094,0.00794667887006168
"Q.05",0.22055054095378,0.234214216342801,0.232754132244655,0.221908926458104
"Q.95",0.245629301633762,0.264435735321086,0.252596322565388,0.248050133548196
"theta0",1359.58971740415,1359.58971740415,1359.58971740415,1359.58971740415
"theta1",429.155355510695,429.155355510695,429.155355510695,429.155355510695
