"","AA","AB","BA","BB"
"EV",0.239668076629528,0.239668122282904,0.239668090207649,0.23966809401828
"STD",1.68491259308406e-05,1.68491418869141e-05,1.68491596469628e-05,1.68491626655099e-05
"Q.05",0.239640362744782,0.239640408371914,0.239640376267447,0.239640380073113
"Q.95",0.239695791436569,0.239695837116192,0.239695805070151,0.239695808885747
"theta0",488044887.09673,488044887.09673,488044887.09673,488044887.09673
"theta1",153839116.955527,153839116.955527,153839116.955527,153839116.955527
