"","AA","AB","BA","BB"
"EV",0.239666495171246,0.239666481890949,0.239666490942268,0.239666498404899
"STD",1.65031638793013e-05,1.65031341896446e-05,1.65031767043401e-05,1.65031712195396e-05
"Q.05",0.239639350324697,0.239639337093234,0.239639346074625,0.239639353546276
"Q.95",0.239693640902614,0.239693627573481,0.239693636694733,0.239693644148341
"theta0",508721744.498243,508721744.498243,508721744.498243,508721744.498243
"theta1",160355362.938,160355362.938,160355362.938,160355362.938
