"","AA","AB","BA","BB"
"EV",0.274044892693513,0.27877083808697,0.277402209224388,0.274694911746001
"STD",0.00416878338714884,0.00475576347963138,0.0047084900569097,0.0049230590417328
"Q.05",0.267210329410085,0.270976642064635,0.269685467885785,0.266628416302264
"Q.95",0.280924347794878,0.286621636717891,0.28517494573149,0.282823744739818
"theta0",5711.68659224175,5711.68659224175,5711.68659224175,5711.68659224175
"theta1",2179.87051384874,2179.87051384874,2179.87051384874,2179.87051384874
