"","AA","AB","BA","BB"
"EV",0.229859378380718,0.257907433053132,0.232991413142994,0.250168956032088
"STD",0.0087907266046439,0.0107318518489002,0.00749319443568513,0.0091009293958834
"Q.05",0.215534867776003,0.240421673854716,0.220762088743062,0.235325332458155
"Q.95",0.244452227977838,0.275724777792621,0.245411599333651,0.265263597178888
"theta0",637.449867721525,637.449867721525,637.449867721525,637.449867721525
"theta1",204.326594158554,204.326594158554,204.326594158554,204.326594158554
