"","AA","AB","BA","BB"
"EV",0.275494775866502,0.275494735714094,0.275494774473474,0.275494765065919
"STD",1.61446846307454e-05,1.61446855566233e-05,1.61447092832365e-05,1.61447090280682e-05
"Q.05",0.275468220556784,0.275468180402853,0.275468219123207,0.275468209716072
"Q.95",0.275521331842923,0.275521291692037,0.275521330490445,0.275521321082471
"theta0",554799097.788231,554799097.788231,554799097.788231,554799097.788231
"theta1",210963617.61535,210963617.61535,210963617.61535,210963617.61535
