"","AA","AB","BA","BB"
"EV",0.239726253712828,0.239726252976269,0.239726253452579,0.239726254280294
"STD",5.16050719072954e-06,5.16050751707697e-06,5.16050672206397e-06,5.16050735514395e-06
"Q.05",0.2397177654771,0.239717764740005,0.239717765217622,0.239717766044296
"Q.95",0.239734742035039,0.239734741299017,0.239734741774019,0.239734742602775
"theta0",5203202331.88954,5203202331.88954,5203202331.88954,5203202331.88954
"theta1",1640651420.318,1640651420.318,1640651420.318,1640651420.318
