"","AA","AB","BA","BB"
"EV",0.275500529797123,0.275500611250612,0.275500474617655,0.275500527352753
"STD",2.51691255868409e-05,2.51691649576005e-05,2.51691590526909e-05,2.51691877452275e-05
"Q.05",0.275459131079766,0.275459212468498,0.275459075845253,0.275459128533158
"Q.95",0.275541930134771,0.275542011653021,0.275541875010351,0.275541927792646
"theta0",228275386.061735,228275386.061735,228275386.061735,228275386.061735
"theta1",86804744.8775693,86804744.8775693,86804744.8775693,86804744.8775693
