"","AA","AB","BA","BB"
"EV",0.239681093512688,0.239681099829199,0.239681099259277,0.239681104403128
"STD",1.26580767511322e-05,1.26581015727927e-05,1.26581037995201e-05,1.2658099524197e-05
"Q.05",0.239660273089481,0.239660279365165,0.239660278791581,0.239660283942463
"Q.95",0.239701914456386,0.239701920813726,0.239701920247467,0.239701925384285
"theta0",864744992.039393,864744992.039393,864744992.039393,864744992.039393
"theta1",272600128.799949,272600128.799949,272600128.799949,272600128.799949
