"","AA","AB","BA","BB"
"EV",0.278559187892754,0.273917666425089,0.271180674638426,0.273207660963437
"STD",0.00483078864846944,0.00576386870332154,0.00521488606632711,0.00587670764295757
"Q.05",0.270642530233175,0.264479974326145,0.262638819435265,0.263586283095091
"Q.95",0.286534331574088,0.283441259499652,0.279794143171936,0.282918762488988
"theta0",3916.01352512093,3916.01352512093,3916.01352512093,3916.01352512093
"theta1",1479.5521940215,1479.5521940215,1479.5521940215,1479.5521940215
