"","AA","AB","BA","BB"
"EV",0.239682096399773,0.239682074856995,0.239682075666781,0.239682097941234
"STD",1.61440126349674e-05,1.61440376630248e-05,1.61440490761483e-05,1.61440534226172e-05
"Q.05",0.239655542285359,0.239655520701416,0.239655521492429,0.239655543759733
"Q.95",0.239708651360824,0.239708629859215,0.239708630687774,0.239708652969377
"theta0",531619291.510052,531619291.510052,531619291.510052,531619291.510052
"theta1",167587292.845195,167587292.845195,167587292.845195,167587292.845195
