"","AA","AB","BA","BB"
"EV",0.275501776491496,0.27550189955537,0.275501797313486,0.275501633369159
"STD",3.30898425389037e-05,3.3089789940636e-05,3.30899555839923e-05,3.30899294243447e-05
"Q.05",0.275447349944266,0.275447473094651,0.275447370580322,0.275447206679023
"Q.95",0.275556205839269,0.275556328816621,0.27555622684721,0.275556062859854
"theta0",132070278.100059,132070278.100059,132070278.100059,132070278.100059
"theta1",50221788.1183852,50221788.1183852,50221788.1183852,50221788.1183852
