"","AA","AB","BA","BB"
"EV",0.239668379509537,0.239668357849958,0.239668381937765,0.239668371001937
"STD",2.30696192471498e-05,2.30697136356103e-05,2.30697258499275e-05,2.30697442204166e-05
"Q.05",0.239630434227158,0.239630412412331,0.239630436480048,0.239630425514005
"Q.95",0.239706326520917,0.239706305016601,0.239706329124499,0.23970631821889
"theta0",260334067.82223,260334067.82223,260334067.82223,260334067.82223
"theta1",82061353.362587,82061353.362587,82061353.362587,82061353.362587
