"","AA","AB","BA","BB"
"EV",0.272865475631001,0.272676151919092,0.279818450651792,0.275931939498305
"STD",0.00509048466711249,0.00575946174052066,0.00530418839102405,0.00588045454932268
"Q.05",0.264526164725217,0.263246003612848,0.271128846638326,0.266303636748968
"Q.95",0.281272258563782,0.282192785689011,0.288577973184199,0.285648455451273
"theta0",3721.76809407921,3721.76809407921,3721.76809407921,3721.76809407921
"theta1",1413.99285182004,1413.99285182004,1413.99285182004,1413.99285182004
