"","AA","AB","BA","BB"
"EV",0.275500565507399,0.27550056734279,0.275500611907083,0.27550056429799
"STD",1.77394497034296e-05,1.77394780716024e-05,1.77394926791058e-05,1.77394966935286e-05
"Q.05",0.275471387111662,0.275471388900392,0.275471433440659,0.275471385824963
"Q.95",0.275529744708027,0.27552974659008,0.275529791178401,0.275529743575912
"theta0",459532077.56573,459532077.56573,459532077.56573,459532077.56573
"theta1",174743207.055576,174743207.055576,174743207.055576,174743207.055576
