"","AA","AB","BA","BB"
"EV",0.239666084114825,0.239665965535756,0.239665999040568,0.239665993921275
"STD",2.21303565731633e-05,2.21303956184894e-05,2.21303658384763e-05,2.21303999359198e-05
"Q.05",0.239629683713111,0.239629565069822,0.239629598623616,0.239629593448239
"Q.95",0.239702486107641,0.2397023675928,0.239702401048626,0.23970239598542
"theta0",282901841.527578,282901841.527578,282901841.527578,282901841.527578
"theta1",89173911.3362408,89173911.3362408,89173911.3362408,89173911.3362408
