"","AA","AB","BA","BB"
"EV",0.415667313805877,0.415667304346077,0.415667013593208,0.415667591918266
"STD",5.11121931677336e-05,5.11125495183106e-05,5.11124385290995e-05,5.11122833151799e-05
"Q.05",0.41558324276087,0.415583232714941,0.415582942144631,0.41558352072498
"Q.95",0.415751386913604,0.415751378039964,0.415751087104533,0.415751665174273
"theta0",54325936.4710861,54325936.4710861,54325936.4710861,54325936.4710861
"theta1",38644963.5584356,38644963.5584356,38644963.5584356,38644963.5584356
