"","AA","AB","BA","BB"
"EV",0.415652697605652,0.415652673872735,0.415652811075435,0.415652702894206
"STD",2.80268058938625e-05,2.80268654853628e-05,2.80267435505731e-05,2.80268483195608e-05
"Q.05",0.415606597922479,0.415606574091544,0.415606711494805,0.415606603141249
"Q.95",0.415698797909149,0.415698774274253,0.415698911276384,0.415698803267488
"theta0",180685392.187686,180685392.187686,180685392.187686,180685392.187686
"theta1",128523529.947532,128523529.947532,128523529.947532,128523529.947532
