"","AA","AB","BA","BB"
"EV",0.423964461571623,0.411343513630671,0.40561040333703,0.405869482197822
"STD",0.00710214977059679,0.00979714049622176,0.00822159416860746,0.0104298810444414
"Q.05",0.412300176477181,0.395268264585096,0.392116975846072,0.388761738194055
"Q.95",0.435664470393587,0.427498729175457,0.419164037415651,0.423073858574266
"theta0",1046.42295303277,1046.42295303277,1046.42295303277,1046.42295303277
"theta1",732.29045267228,732.29045267228,732.29045267228,732.29045267228
