"","AA","AB","BA","BB"
"EV",0.23967915006103,0.239679140314555,0.239679160588898,0.23967913511549
"STD",1.74948983860663e-05,1.7494883626936e-05,1.74948918615333e-05,1.74948640597386e-05
"Q.05",0.239650374011108,0.239650364288909,0.239650384549709,0.239650359122029
"Q.95",0.239707927105225,0.239707917334473,0.239707937622362,0.239707912103222
"theta0",452689889.724699,452689889.724699,452689889.724699,452689889.724699
"theta1",142703341.513289,142703341.513289,142703341.513289,142703341.513289
