"","AA","AB","BA","BB"
"EV",0.415672791692778,0.415672796148449,0.415672789624497,0.415672792858164
"STD",5.61504372803888e-06,5.61504395356466e-06,5.61504351627813e-06,5.61504379955366e-06
"Q.05",0.415663555780182,0.415663560235482,0.41566355371225,0.415663556945451
"Q.95",0.415682027630266,0.415682032086307,0.415682025561637,0.41568202879577
"theta0",4501501944.6706,4501501944.6706,4501501944.6706,4501501944.6706
"theta1",3202233030.42416,3202233030.42416,3202233030.42416,3202233030.42416
