"","AA","AB","BA","BB"
"EV",0.415637251917419,0.415637312605083,0.415637327981853,0.415637267416277
"STD",2.62180889103306e-05,2.62181545740609e-05,2.62180760243575e-05,2.62181499701936e-05
"Q.05",0.415594127270249,0.415594187849907,0.415594203355878,0.415594142668674
"Q.95",0.415680377107536,0.415680437903208,0.415680453150773,0.415680392706829
"theta0",206478403.263337,206478403.263337,206478403.263337,206478403.263337
"theta1",146861054.734649,146861054.734649,146861054.734649,146861054.734649
