"","AA","AB","BA","BB"
"EV",0.239691524031117,0.239691524677903,0.239691528006431,0.239691516714274
"STD",9.51401726745307e-06,9.51401159145125e-06,9.51402035762229e-06,9.51401939846401e-06
"Q.05",0.239675875012318,0.239675875668439,0.239675878982549,0.23967586769197
"Q.95",0.239707173343935,0.239707173981384,0.239707177324332,0.239707166030597
"theta0",1530749600.86634,1530749600.86634,1530749600.86634,1530749600.86634
"theta1",482577420.885405,482577420.885405,482577420.885405,482577420.885405
