"","AA","AB","BA","BB"
"EV",0.239672902717216,0.23967291313508,0.239672902156562,0.239672917807451
"STD",1.38203613975912e-05,1.38203558597067e-05,1.38203661450694e-05,1.3820362644334e-05
"Q.05",0.239650170555897,0.23965018098287,0.239650169987434,0.239650185644081
"Q.95",0.239695635499033,0.239695645907788,0.239695634946189,0.239695650591318
"theta0",725404730.97222,725404730.97222,725404730.97222,725404730.97222
"theta1",228664563.035614,228664563.035614,228664563.035614,228664563.035614
