"","AA","AB","BA","BB"
"EV",0.239667619141586,0.239667572060735,0.239667622664905,0.239667582710576
"STD",2.56862576504499e-05,2.56863403219946e-05,2.56863119067481e-05,2.56863601038118e-05
"Q.05",0.23962537007928,0.239625322862454,0.23962537351336,0.239625333479758
"Q.95",0.239709870347367,0.239709823402506,0.239709873959934,0.239709834084886
"theta0",209995629.882441,209995629.882441,209995629.882441,209995629.882441
"theta1",66193612.6582568,66193612.6582568,66193612.6582568,66193612.6582568
