"","AA","AB","BA","BB"
"EV",0.275492193239304,0.275492198509213,0.275492212605658,0.275492205276673
"STD",1.48588254468069e-05,1.48588353719526e-05,1.48588175523967e-05,1.48588328634832e-05
"Q.05",0.275467752928748,0.275467758182331,0.275467772308086,0.275467764953917
"Q.95",0.275516634114602,0.275516639400836,0.27551665346797,0.27551664616417
"theta0",654976343.764233,654976343.764233,654976343.764233,654976343.764233
"theta1",249053048.226441,249053048.226441,249053048.226441,249053048.226441
