"","AA","AB","BA","BB"
"EV",0.23967385261682,0.239673890298628,0.239673941225101,0.239673905673898
"STD",2.8125857045329e-05,2.81258959204057e-05,2.81257310639835e-05,2.81258475170931e-05
"Q.05",0.239627590983802,0.239627628601669,0.239627679799291,0.23962764405655
"Q.95",0.239720116819704,0.239720154565459,0.239720205220752,0.239720169861107
"theta0",175148697.28533,175148697.28533,175148697.28533,175148697.28533
"theta1",55211271.5454793,55211271.5454793,55211271.5454793,55211271.5454793
