"","AA","AB","BA","BB"
"EV",0.275502210381318,0.275502205905126,0.275502229037833,0.275502215551511
"STD",1.24947110443711e-05,1.24947100286238e-05,1.24947076857554e-05,1.2494706108501e-05
"Q.05",0.275481658610192,0.27548165413567,0.275481677272231,0.275481663788504
"Q.95",0.275522762551748,0.275522758073885,0.275522781202739,0.275522767713823
"theta0",926288846.152098,926288846.152098,926288846.152098,926288846.152098
"theta1",352236589.826624,352236589.826624,352236589.826624,352236589.826624
