"","AA","AB","BA","BB"
"EV",0.240642789818528,0.238386284056405,0.241295872641603,0.239341624464117
"STD",0.00360013455230542,0.00350714214348809,0.00350209655235848,0.0032862739339418
"Q.05",0.234742056948861,0.232637744328803,0.235555183746172,0.233953800862801
"Q.95",0.246585359957538,0.244175132193861,0.247075978329737,0.2447646130512
"theta0",10377.2502990182,10377.2502990182,10377.2502990182,10377.2502990182
"theta1",3275.5289219888,3275.5289219888,3275.5289219888,3275.5289219888
