"","AA","AB","BA","BB"
"EV",0.267682434019474,0.223082360431839,0.231720579309708,0.251213118524631
"STD",0.0112684792773527,0.00744153260340536,0.0128402035700813,0.00949425123871694
"Q.05",0.24931940245652,0.210943315450038,0.210885547649319,0.235732742701624
"Q.95",0.286388005670937,0.235422702337983,0.253121372163299,0.2669647979872
"theta0",341.813467394604,341.813467394604,341.813467394604,341.813467394604
"theta1",109.978239208605,109.978239208605,109.978239208605,109.978239208605
