"","AA","AB","BA","BB"
"EV",0.41565483087588,0.415654829441446,0.415654811054493,0.415654771117465
"STD",2.77797082259412e-05,2.77796043266413e-05,2.77797620520972e-05,2.77797465295775e-05
"Q.05",0.415609137626749,0.415609136363212,0.415609117716827,0.415609077805331
"Q.95",0.415700524734428,0.415700523129093,0.415700505001579,0.415700465039018
"theta0",183913838.28634,183913838.28634,183913838.28634,183913838.28634
"theta1",130821084.881144,130821084.881144,130821084.881144,130821084.881144
