"","AA","AB","BA","BB"
"EV",0.415652776273501,0.415652939029069,0.415652866068796,0.415652872373662
"STD",3.04792141286433e-05,3.04790786421547e-05,3.04792786715651e-05,3.04792558309721e-05
"Q.05",0.415602642794399,0.415602805772819,0.415602732483532,0.415602738825967
"Q.95",0.415702910486234,0.415703073018943,0.415703000387695,0.41570300665499
"theta0",152778692.919457,152778692.919457,152778692.919457,152778692.919457
"theta1",108673247.806554,108673247.806554,108673247.806554,108673247.806554
