"","AA","AB","BA","BB"
"EV",0.239690285868173,0.239690263746883,0.239690357820168,0.239690372077353
"STD",2.88285708913844e-05,2.88285977207767e-05,2.88287314887309e-05,2.88287392410903e-05
"Q.05",0.239642868438598,0.23964284627318,0.239642940126448,0.239642954370882
"Q.95",0.239737705997334,0.239737683920177,0.239737778213503,0.23973779248344
"theta0",166716905.300046,166716905.300046,166716905.300046,166716905.300046
"theta1",52558094.9820905,52558094.9820905,52558094.9820905,52558094.9820905
