"","AA","AB","BA","BB"
"EV",0.27550705466992,0.275507054973675,0.275507055505925,0.275507056886053
"STD",3.77334420236678e-06,3.77334406651828e-06,3.77334440361356e-06,3.77334436909647e-06
"Q.05",0.275500848089231,0.275500848393209,0.275500848924904,0.27550085030509
"Q.95",0.275513261287025,0.275513261590557,0.27551326212336,0.275513263503432
"theta0",10156595111.1854,10156595111.1854,10156595111.1854,10156595111.1854
"theta1",3862306229.983,3862306229.983,3862306229.983,3862306229.983
