"","AA","AB","BA","BB"
"EV",0.239663583390928,0.239663602043053,0.239663562463968,0.239663634048837
"STD",3.59685310023525e-05,3.596855200694e-05,3.59688288346728e-05,3.59688314917224e-05
"Q.05",0.239604422523867,0.239604441141444,0.239604401107051,0.23960447268755
"Q.95",0.239722748461131,0.239722767147807,0.239722728024096,0.239722799613335
"theta0",107092695.163081,107092695.163081,107092695.163081,107092695.163081
"theta1",33756400.7243933,33756400.7243933,33756400.7243933,33756400.7243933
