"","AA","AB","BA","BB"
"EV",0.275509251936132,0.275509227850834,0.275509245754426,0.275509242485083
"STD",1.08031756548358e-05,1.0803170912135e-05,1.08031788517419e-05,1.08031776244921e-05
"Q.05",0.27549148244272,0.275491458365224,0.275491476255756,0.275491472988432
"Q.95",0.275527021728036,0.275526997634938,0.275527015551589,0.275527012280227
"theta0",1239077881.95863,1239077881.95863,1239077881.95863,1239077881.95863
"theta1",471196360.050746,471196360.050746,471196360.050746,471196360.050746
