"","AA","AB","BA","BB"
"EV",0.415648964226676,0.415648991555667,0.415648997625549,0.41564896903115
"STD",1.94032476584794e-05,1.94032496020934e-05,1.9403236108722e-05,1.94032376003019e-05
"Q.05",0.415617048873053,0.415617076198847,0.415617082290924,0.415617053694071
"Q.95",0.41568087987763,0.415680907209818,0.415680913257506,0.415680884665559
"theta0",376985531.531964,376985531.531964,376985531.531964,376985531.531964
"theta1",268149873.403701,268149873.403701,268149873.403701,268149873.403701
