"","AA","AB","BA","BB"
"EV",0.239682167435692,0.239682130500978,0.239682158469064,0.239682163871147
"STD",1.65505023917558e-05,1.6550475385041e-05,1.65505117823996e-05,1.65505027552737e-05
"Q.05",0.239654944726713,0.239654907836421,0.23965493574464,0.239654941161571
"Q.95",0.239709391034479,0.239709354055342,0.239709382083298,0.239709387470533
"theta0",505828094.75649,505828094.75649,505828094.75649,505828094.75649
"theta1",159456954.3054,159456954.3054,159456954.3054,159456954.3054
