"","AA","AB","BA","BB"
"EV",0.415658106271741,0.415658102138449,0.415658104647626,0.415658106926985
"STD",8.30275565823698e-06,8.30275951683895e-06,8.30275863921442e-06,8.30275997248526e-06
"Q.05",0.4156444494812,0.415644445341561,0.415644447852182,0.415644450129348
"Q.95",0.415671763116717,0.415671758989772,0.415671761497506,0.415671763779058
"theta0",2058852861.91773,2058852861.91773,2058852861.91773,2058852861.91773
"theta1",1464517410.72894,1464517410.72894,1464517410.72894,1464517410.72894
