"","AA","AB","BA","BB"
"EV",0.239681882073202,0.239681933114775,0.239681936722895,0.239681901090274
"STD",2.2312748297534e-05,2.23127227982626e-05,2.23127995067505e-05,2.23127948049702e-05
"Q.05",0.239645181676881,0.239645232760394,0.239645236242346,0.239645200617459
"Q.95",0.239718584086789,0.239718635086417,0.239718638820717,0.239718603180363
"theta0",278302611.296116,278302611.296116,278302611.296116,278302611.296116
"theta1",87731836.8601763,87731836.8601763,87731836.8601763,87731836.8601763
