"","AA","AB","BA","BB"
"EV",0.281767206932552,0.27083921338908,0.278493448375393,0.279938869525184
"STD",0.0062415783740474,0.00552104063753237,0.00767202702511062,0.00745719848511538
"Q.05",0.27154858107258,0.261798211507616,0.265948055531017,0.267742066509836
"Q.95",0.292081393470354,0.279960669384297,0.291186460236359,0.292273787908693
"theta0",2289.34020343707,2289.34020343707,2289.34020343707,2289.34020343707
"theta1",880.435741414231,880.435741414231,880.435741414231,880.435741414231
