"","AA","AB","BA","BB"
"EV",0.239686404814588,0.239686393648293,0.239686399667121,0.239686405574343
"STD",1.76972810606122e-05,1.76973165309182e-05,1.7697300091777e-05,1.76973217139929e-05
"Q.05",0.239657295886334,0.239657284661698,0.239657290707565,0.239657296579222
"Q.95",0.239715514760203,0.239715503652254,0.239715509644041,0.239715515586829
"theta0",442398373.152074,442398373.152074,442398373.152074,442398373.152074
"theta1",139464655.088192,139464655.088192,139464655.088192,139464655.088192
