"","AA","AB","BA","BB"
"EV",0.234206235691928,0.234607401830775,0.251962104782634,0.251380606531156
"STD",0.00653167737405448,0.00854024958540081,0.0084978815308234,0.0104692018456153
"Q.05",0.223534787730202,0.220683230461031,0.238092892151719,0.234325921518615
"Q.95",0.24502150911854,0.24877685323721,0.266047552722176,0.268764857567085
"theta0",938.617270851139,938.617270851139,938.617270851139,938.617270851139
"theta1",301.364551231597,301.364551231597,301.364551231597,301.364551231597
