"","AA","AB","BA","BB"
"EV",0.275498004952486,0.275497720843954,0.275497891071016,0.275497882453664
"STD",3.77208756432021e-05,3.7721166237298e-05,3.77212690554352e-05,3.77213203199336e-05
"Q.05",0.275435961453082,0.275435676866597,0.275435846924547,0.275435838222877
"Q.95",0.275560052091268,0.275559768460752,0.275559938856943,0.275559930323919
"theta0",101630223.820698,101630223.820698,101630223.820698,101630223.820698
"theta1",38645726.0823206,38645726.0823206,38645726.0823206,38645726.0823206
