"","AA","AB","BA","BB"
"EV",0.239661630571186,0.239661660684819,0.239661619802037,0.239661598175778
"STD",1.97075411191997e-05,1.9707506662697e-05,1.97075713950588e-05,1.9707564989564e-05
"Q.05",0.239629215181618,0.239629245351924,0.239629204362671,0.239629182746948
"Q.95",0.23969404722258,0.239694077279535,0.239694036503232,0.239694014866436
"theta0",356735086.314282,356735086.314282,356735086.314282,356735086.314282
"theta1",112444293.691856,112444293.691856,112444293.691856,112444293.691856
