"","AA","AB","BA","BB"
"EV",0.415656438864366,0.415656195775068,0.415656147290103,0.415656188776016
"STD",4.15800041056133e-05,4.15802789602233e-05,4.15803726774631e-05,4.15804472716929e-05
"Q.05",0.415588046526412,0.415587802985029,0.415587754345917,0.415587795709135
"Q.95",0.415724832567594,0.415724589930402,0.415724541599592,0.415724583208204
"theta0",82090279.0550857,82090279.0550857,82090279.0550857,82090279.0550857
"theta1",58392575.470591,58392575.470591,58392575.470591,58392575.470591
