"","AA","AB","BA","BB"
"EV",0.41565344165859,0.415653417392498,0.415653532496709,0.415653574174114
"STD",3.1870841553213e-05,3.18708940653223e-05,3.18708992711724e-05,3.18709293883865e-05
"Q.05",0.415601019190328,0.415600994837862,0.41560110993351,0.415601151561377
"Q.95",0.415705864929,0.415705840749283,0.415705955862057,0.415705997589001
"theta0",139727274.750012,139727274.750012,139727274.750012,139727274.750012
"theta1",99389880.3875581,99389880.3875581,99389880.3875581,99389880.3875581
