"","AA","AB","BA","BB"
"EV",0.275498244212261,0.275498277767308,0.275498301740379,0.275498300329192
"STD",1.9181773600304e-05,1.91817761983151e-05,1.91818150278468e-05,1.91818153333193e-05
"Q.05",0.275466693472941,0.275466727023715,0.275466750932919,0.275466749521229
"Q.95",0.275529795892691,0.275529829452012,0.275529853488953,0.275529852078269
"theta0",393023061.236421,393023061.236421,393023061.236421,393023061.236421
"theta1",149450546.390515,149450546.390515,149450546.390515,149450546.390515
