"","AA","AB","BA","BB"
"EV",0.239685980840002,0.239686086301748,0.239686200026876,0.239686047570909
"STD",3.80354439428745e-05,3.8035408910048e-05,3.80352968777583e-05,3.80351561935103e-05
"Q.05",0.239623420451821,0.239623525971184,0.239623639880574,0.239623487655996
"Q.95",0.239748545927562,0.239748651331678,0.239748764872514,0.239748612185126
"theta0",95774346.7337058,95774346.7337058,95774346.7337058,95774346.7337058
"theta1",30192499.4144014,30192499.4144014,30192499.4144014,30192499.4144014
