"","AA","AB","BA","BB"
"EV",0.239650216459962,0.239650213902042,0.239650217418497,0.239650215123106
"STD",5.06810970107633e-06,5.06811040374965e-06,5.0681095854962e-06,5.06811038973056e-06
"Q.05",0.239641880203067,0.239641877643991,0.239641881161792,0.239641878865078
"Q.95",0.239658552800314,0.23965855024355,0.239658553758659,0.239658551464591
"theta0",5394019570.85194,5394019570.85194,5394019570.85194,5394019570.85194
"theta1",1700109581.77795,1700109581.77795,1700109581.77795,1700109581.77795
