"","AA","AB","BA","BB"
"EV",0.275512734570127,0.275512770585175,0.275512730143737,0.275512750532859
"STD",2.0256707557e-05,2.02567000282223e-05,2.02567063109972e-05,2.02567054845888e-05
"Q.05",0.275479415775956,0.275479451803387,0.275479411351616,0.275479431742096
"Q.95",0.27554605441374,0.275546090416404,0.275546049985301,0.275546070373063
"theta0",352423002.738387,352423002.738387,352423002.738387,352423002.738387
"theta1",134021722.17841,134021722.17841,134021722.17841,134021722.17841
