"","AA","AB","BA","BB"
"EV",0.41565553823483,0.415655636656785,0.415655596661294,0.415655585174753
"STD",2.65491649006196e-05,2.65491690439479e-05,2.65491952946548e-05,2.65491967682036e-05
"Q.05",0.415611869022952,0.415611967438092,0.415611927399423,0.415611915910458
"Q.95",0.415699208003326,0.415699306432096,0.415699266479784,0.415699254995667
"theta0",201357235.295582,201357235.295582,201357235.295582,201357235.295582
"theta1",143229333.112878,143229333.112878,143229333.112878,143229333.112878
