"","AA","AB","BA","BB"
"EV",0.239676925838582,0.239676907016564,0.239676947332803,0.23967694841363
"STD",2.17651049747858e-05,2.17651324529789e-05,2.17651206649163e-05,2.1765161350979e-05
"Q.05",0.239641126196185,0.239641107328971,0.239641147664599,0.239641148678506
"Q.95",0.239712727019883,0.239712708243064,0.239712748539913,0.239712749687665
"theta0",292481460.626983,292481460.626983,292481460.626983,292481460.626983
"theta1",92199042.961117,92199042.961117,92199042.961117,92199042.961117
