"","AA","AB","BA","BB"
"EV",0.239685042568023,0.239685034012089,0.239685061885826,0.23968507526056
"STD",1.42110007013066e-05,1.42109955432226e-05,1.4211006298338e-05,1.42110038453461e-05
"Q.05",0.239661667879988,0.239661659332539,0.239661687188585,0.239661700567354
"Q.95",0.239708417912075,0.239708409347657,0.239708437239085,0.239708450609784
"theta0",686084971.628271,686084971.628271,686084971.628271,686084971.628271
"theta1",216284467.168316,216284467.168316,216284467.168316,216284467.168316
