"","AA","AB","BA","BB"
"EV",0.239660727353368,0.239660729509604,0.239660721626266,0.23966073760295
"STD",8.72689433888591e-06,8.72689738028817e-06,8.72689267177499e-06,8.72689724047173e-06
"Q.05",0.23964637301328,0.239646375164513,0.239646367288919,0.239646383258088
"Q.95",0.239675081940889,0.239675084102128,0.239675076211044,0.239675092195243
"theta0",1819247993.11443,1819247993.11443,1819247993.11443,1819247993.11443
"theta1",573431252.238139,573431252.238139,573431252.238139,573431252.238139
