"","AA","AB","BA","BB"
"EV",0.415668510685934,0.4156683580135,0.415668425467372,0.415668440645569
"STD",2.89007154952345e-05,2.89006175606196e-05,2.89007825697702e-05,2.89007662738118e-05
"Q.05",0.415620973568961,0.415620821057614,0.415620888240073,0.415620903445074
"Q.95",0.415716048462388,0.415715895628865,0.415715963354156,0.415715978505548
"theta0",169920645.583787,169920645.583787,169920645.583787,169920645.583787
"theta1",120874265.0469,120874265.0469,120874265.0469,120874265.0469
