"","AA","AB","BA","BB"
"EV",0.239677991243962,0.239677980787221,0.239678001866527,0.239677970679656
"STD",1.3858090123305e-05,1.38580926911393e-05,1.38580948755727e-05,1.38580959157854e-05
"Q.05",0.239655197026097,0.239655186565133,0.239655207640845,0.239655176452264
"Q.95",0.239700786085696,0.239700775633179,0.239700796716078,0.239700765530918
"theta0",721465583.222889,721465583.222889,721465583.222889,721465583.222889
"theta1",227429187.781992,227429187.781992,227429187.781992,227429187.781992
