"","AA","AB","BA","BB"
"EV",0.41567945816039,0.415679486510866,0.415679396939014,0.415679438323852
"STD",2.55550691583771e-05,2.55550736699265e-05,2.55551331000497e-05,2.5555134326084e-05
"Q.05",0.415637424069971,0.415637452413027,0.415637362743422,0.415637404126243
"Q.95",0.415721492766369,0.415721521124266,0.415721431650169,0.415721473037023
"theta0",217322083.351318,217322083.351318,217322083.351318,217322083.351318
"theta1",154600625.029291,154600625.029291,154600625.029291,154600625.029291
