"","AA","AB","BA","BB"
"EV",0.415658103774377,0.415658107682681,0.415658105224498,0.415658103303244
"STD",8.3027582396297e-06,8.30275686410922e-06,8.30275957640076e-06,8.30275910663466e-06
"Q.05",0.415644446979591,0.415644450890157,0.415644448427513,0.415644446507031
"Q.95",0.415671760623599,0.41567176452964,0.41567176207592,0.415671760153892
"theta0",2058852861.91773,2058852861.91773,2058852861.91773,2058852861.91773
"theta1",1464517410.72894,1464517410.72894,1464517410.72894,1464517410.72894
