"","AA","AB","BA","BB"
"EV",0.239677438114659,0.239677417207955,0.239677424714908,0.239677492760668
"STD",2.55762753579122e-05,2.55763349589123e-05,2.55762425515096e-05,2.55763252790865e-05
"Q.05",0.239635369947898,0.239635348943164,0.239635356602106,0.239635424511797
"Q.95",0.23971950840644,0.239719487597775,0.239719494952724,0.239719563134565
"theta0",211809440.342252,211809440.342252,211809440.342252,211809440.342252
"theta1",66768958.3276433,66768958.3276433,66768958.3276433,66768958.3276433
