"","AA","AB","BA","BB"
"EV",0.41565510692405,0.4156551175868,0.415655121233173,0.415655138053908
"STD",1.86390793879847e-05,1.86390745647704e-05,1.86391046883137e-05,1.86391035707927e-05
"Q.05",0.415624448503888,0.415624459174572,0.415624462771397,0.41562447959397
"Q.95",0.415685765618562,0.415685776273379,0.415685779969301,0.415685796788198
"theta0",408527453.481227,408527453.481227,408527453.481227,408527453.481227
"theta1",290592994.260529,290592994.260529,290592994.260529,290592994.260529
