"","AA","AB","BA","BB"
"EV",0.415655542298401,0.415655590146655,0.415655597523585,0.41565556727475
"STD",2.65569300484143e-05,2.65570488984386e-05,2.65570251766308e-05,2.6557066231111e-05
"Q.05",0.415611860314154,0.41561190796692,0.415611915382868,0.415611885066505
"Q.95",0.415699224839591,0.415699272883338,0.415699280221249,0.415699250039943
"theta0",201238427.793834,201238427.793834,201238427.793834,201238427.793834
"theta1",143144814.252748,143144814.252748,143144814.252748,143144814.252748
