"","AA","AB","BA","BB"
"EV",0.415705567839348,0.415705566953047,0.415705567317129,0.415705567322099
"STD",7.93594164889174e-06,7.93594548402651e-06,7.93594549840417e-06,7.93594610234785e-06
"Q.05",0.415692514401794,0.415692513509185,0.415692513873244,0.415692513877221
"Q.95",0.415718621326604,0.415718620446611,0.415718620810717,0.415718620816681
"theta0",2253470637.00757,2253470637.00757,2253470637.00757,2253470637.00757
"theta1",1603267526.47265,1603267526.47265,1603267526.47265,1603267526.47265
