"","AA","AB","BA","BB"
"EV",0.239664256228885,0.239664282880433,0.239664266621184,0.239664266315462
"STD",1.94451333075271e-05,1.9445128984217e-05,1.94451330918753e-05,1.94451275153342e-05
"Q.05",0.239632272445057,0.239632299103715,0.23963228283771,0.23963228254116
"Q.95",0.239696241241138,0.239696267885574,0.239696251633082,0.239696251318187
"theta0",366429978.362123,366429978.362123,366429978.362123,366429978.362123
"theta1",115501835.348336,115501835.348336,115501835.348336,115501835.348336
