"","AA","AB","BA","BB"
"EV",0.415655318346658,0.415655424630871,0.415655384220594,0.415655365567919
"STD",2.62940524744031e-05,2.6293985409877e-05,2.62940663236895e-05,2.62940280192263e-05
"Q.05",0.415612068752058,0.41561217514658,0.415612134603214,0.415612116013544
"Q.95",0.415698568487232,0.415698674661132,0.415698634383948,0.415698615668267
"theta0",205284063.234523,205284063.234523,205284063.234523,205284063.234523
"theta1",146022432.64669,146022432.64669,146022432.64669,146022432.64669
