"","AA","AB","BA","BB"
"EV",0.237061585259514,0.239143821677423,0.241944160993994,0.238429446461494
"STD",0.00420472434515905,0.00449859487549131,0.00406066548976421,0.00442894104559059
"Q.05",0.230174731608451,0.231777371920201,0.235291403263555,0.231176703864304
"Q.95",0.244006896624973,0.246576259465815,0.248649684262376,0.245746456139564
"theta0",6385.09658254086,6385.09658254086,6385.09658254086,6385.09658254086
"theta1",2006.90281211595,2006.90281211595,2006.90281211595,2006.90281211595
