"","AA","AB","BA","BB"
"EV",0.275249960728905,0.275249960728905,0.275249960728905,0.275249960728905
"STD",2.28829832659784e-10,2.28829832659784e-10,2.28829832659784e-10,2.28829832659784e-10
"Q.05",0.275249960352596,0.275249960352596,5.562684646268e-309,5.562684646268e-309
"Q.95",0.275249961105214,1,0.275249961105214,1
"theta0",2761076723632730624,2761076723632730624,2761076723632730624,2761076723632730624
"theta1",1048618445766137216,1048618445766137216,1048618445766137216,1048618445766137216
