"","AA","AB","BA","BB"
"EV",0.239673159625742,0.239673174472349,0.23967315265761,0.239673190157584
"STD",1.48192338957563e-05,1.48192473364567e-05,1.48192212380146e-05,1.48192450610938e-05
"Q.05",0.239648784511839,0.239648799336338,0.239648777564526,0.239648815025315
"Q.95",0.239697535453077,0.239697550321792,0.239697528464124,0.239697566003284
"theta0",630910247.625683,630910247.625683,630910247.625683,630910247.625683
"theta1",198877972.504236,198877972.504236,198877972.504236,198877972.504236
