"","AA","AB","BA","BB"
"EV",0.239733267235139,0.239733267125891,0.239733267276997,0.23973326745757
"STD",1.38837134069415e-06,1.38837134625542e-06,1.38837133973463e-06,1.38837134576037e-06
"Q.05",0.239730983570633,0.239730983461376,0.239730983612493,0.239730983793057
"Q.95",0.239735550905904,0.239735550796665,0.23973555094776,0.239735551128344
"theta0",71886773255.9168,71886773255.9168,71886773255.9168,71886773255.9168
"theta1",22667900994.0523,22667900994.0523,22667900994.0523,22667900994.0523
