"","AA","AB","BA","BB"
"EV",0.241304538766846,0.237586045061061,0.216561272725782,0.242774953862311
"STD",0.00682667836382936,0.0152548706418479,0.0113961261747469,0.00769903959430434
"Q.05",0.23015084512068,0.212881552912375,0.198065471154192,0.230205910258617
"Q.95",0.252608041365454,0.263058618458929,0.235551006452832,0.255532693947996
"theta0",589.689511682601,589.689511682601,589.689511682601,589.689511682601
"theta1",180.695933380598,180.695933380598,180.695933380598,180.695933380598
