"","AA","AB","BA","BB"
"EV",0.415628351730664,0.415628350741873,0.415628351626921,0.415628352796187
"STD",3.25694523408415e-06,3.25694531105796e-06,3.25694542521522e-06,3.25694543642415e-06
"Q.05",0.415622994536673,0.415622993547755,0.415622994432616,0.415622995601863
"Q.95",0.415633708933035,0.415633707944371,0.415633708829607,0.41563370999889
"theta0",13380195766.8459,13380195766.8459,13380195766.8459,13380195766.8459
"theta1",9516527245.42486,9516527245.42486,9516527245.42486,9516527245.42486
