"","AA","AB","BA","BB"
"EV",0.423169186436793,0.41620146234172,0.405540568823617,0.420234303536019
"STD",0.0077994554839493,0.00868715009431796,0.0076284773942333,0.00847924311403494
"Q.05",0.41036180473565,0.401941714668579,0.393018606572161,0.406313715112658
"Q.95",0.436020126262333,0.430520425177962,0.418114402321106,0.434208445047731
"theta0",1274.05740662344,1274.05740662344,1274.05740662344,1274.05740662344
"theta1",908.616991158836,908.616991158836,908.616991158836,908.616991158836
