"","AA","AB","BA","BB"
"EV",0.275501834230858,0.275501492031618,0.275501560089009,0.27550151118312
"STD",4.53544125780879e-05,4.53544161552768e-05,4.53549223340451e-05,4.53549336282728e-05
"Q.05",0.275427235491508,0.275426893286391,0.275426960511249,0.275426911586785
"Q.95",0.275576438231491,0.275576096038141,0.275576164928179,0.27557611604087
"theta0",70298845.1767036,70298845.1767036,70298845.1767036,70298845.1767036
"theta1",26732211.2297142,26732211.2297142,26732211.2297142,26732211.2297142
