"","AA","AB","BA","BB"
"EV",0.227496907955812,0.235992004892495,0.257782966055284,0.252126774664073
"STD",0.00933672098863725,0.00697879369540003,0.0121038554851232,0.00953730253196958
"Q.05",0.212294149922552,0.224594374383757,0.238086129400467,0.236575984027296
"Q.95",0.243007274314865,0.247551874304246,0.277902042014729,0.267949674491166
"theta0",579.580947151795,579.580947151795,579.580947151795,579.580947151795
"theta1",186.402504930954,186.402504930954,186.402504930954,186.402504930954
