"","AA","AB","BA","BB"
"EV",0.275505869259116,0.275506072320715,0.275506132836268,0.275506089789222
"STD",3.81587979939061e-05,3.81591809793128e-05,3.81592029236305e-05,3.81592971162463e-05
"Q.05",0.275443105483945,0.275443307915623,0.275443368395083,0.275443325193113
"Q.95",0.275568636758463,0.275568840450051,0.275568901001701,0.275568858109598
"theta0",99311419.3535691,99311419.3535691,99311419.3535691,99311419.3535691
"theta1",37765526.7455175,37765526.7455175,37765526.7455175,37765526.7455175
