"","AA","AB","BA","BB"
"EV",0.2396797392752,0.239679805424733,0.239679781156262,0.239679790665459
"STD",2.18093116450788e-05,2.18093044842023e-05,2.18093479868825e-05,2.18093444407274e-05
"Q.05",0.239643866922415,0.239643933083726,0.239643908743703,0.239643918258731
"Q.95",0.239715613173117,0.239715679310871,0.239715655113959,0.239715664617322
"theta0",291298490.283473,291298490.283473,291298490.283473,291298490.283473
"theta1",91827569.3623657,91827569.3623657,91827569.3623657,91827569.3623657
