"","AA","AB","BA","BB"
"EV",0.275581821152667,0.275581821322691,0.275581821193025,0.275581821463603
"STD",1.64796922603894e-06,1.64796924366103e-06,1.64796923847754e-06,1.647969248899e-06
"Q.05",0.275579110487979,0.275579110657974,0.275579110528318,0.275579110798878
"Q.95",0.275584531824296,0.275584531994349,0.275584531864676,0.27558453213527
"theta0",53251400644.987,53251400644.987,53251400644.987,53251400644.987
"theta1",20257799164.7413,20257799164.7413,20257799164.7413,20257799164.7413
