"","AA","AB","BA","BB"
"EV",0.239675207170289,0.239675291547559,0.239675225196955,0.239675171846001
"STD",2.91504220581469e-05,2.91504726713725e-05,2.91504006524144e-05,2.91504572880613e-05
"Q.05",0.239627260373102,0.239627344667125,0.239627278434976,0.23962722499087
"Q.95",0.239723156727955,0.23972324118848,0.23972317471941,0.239723121461619
"theta0",163052776.533632,163052776.533632,163052776.533632,163052776.533632
"theta1",51398707.4481089,51398707.4481089,51398707.4481089,51398707.4481089
