"","AA","AB","BA","BB"
"EV",0.275486945931659,0.275486943281038,0.275486947429442,0.27548694554667
"STD",7.71210973750953e-06,7.71211108304524e-06,7.71210945864174e-06,7.71211105099183e-06
"Q.05",0.275474260716056,0.275474258063222,0.275474262214298,0.275474260328906
"Q.95",0.275499631299402,0.275499628650994,0.275499632796726,0.275499630916573
"theta0",2431346133.07652,2431346133.07652,2431346133.07652,2431346133.07652
"theta1",924488683.303071,924488683.303071,924488683.303071,924488683.303071
