"","AA","AB","BA","BB"
"EV",0.239677756777538,0.239677754256424,0.239677791253724,0.239677749818694
"STD",1.77807726417761e-05,1.77807751226967e-05,1.77807662373621e-05,1.77807672517173e-05
"Q.05",0.239648510522695,0.239648507997501,0.239648545009414,0.239648503572716
"Q.95",0.239707004059424,0.239707001542391,0.239707038525075,0.239706997091714
"theta0",438248912.618128,438248912.618128,438248912.618128,438248912.618128
"theta1",138150002.619397,138150002.619397,138150002.619397,138150002.619397
