"","AA","AB","BA","BB"
"EV",0.243229762156224,0.236879508451293,0.23852553088629,0.2434009022557
"STD",0.00527693765290889,0.00477528686034448,0.00586889835050232,0.00573085818529225
"Q.05",0.234594276908997,0.229062715908329,0.228928641807895,0.234026689061968
"Q.95",0.251953601252431,0.244771795328212,0.248235210825248,0.252879208388002
"theta0",3680.67157840991,3680.67157840991,3680.67157840991,3680.67157840991
"theta1",1165.56241136868,1165.56241136868,1165.56241136868,1165.56241136868
