"","AA","AB","BA","BB"
"EV",0.415648699877008,0.415648221030075,0.415649207076756,0.41564871995346
"STD",6.79818595532238e-05,6.79828003106025e-05,6.79821962078907e-05,6.79829369219256e-05
"Q.05",0.415536881493569,0.41553640109929,0.415537388139576,0.415536899797965
"Q.95",0.415760521910329,0.415760044610866,0.415761029663831,0.415760543758953
"theta0",30709191.6712499,30709191.6712499,30709191.6712499,30709191.6712499
"theta1",21843429.1369761,21843429.1369761,21843429.1369761,21843429.1369761
