"","AA","AB","BA","BB"
"EV",0.275491430229347,0.275491548571139,0.275491492834848,0.27549147986086
"STD",2.55688779653491e-05,2.55689563252336e-05,2.55689682479501e-05,2.5568994633172e-05
"Q.05",0.275449374003829,0.275449492216736,0.275449436460834,0.275449423443449
"Q.95",0.275533488127133,0.275533606597821,0.275533550881141,0.275533537950556
"theta0",221190902.121816,221190902.121816,221190902.121816,221190902.121816
"theta1",84106963.1265693,84106963.1265693,84106963.1265693,84106963.1265693
