"","AA","AB","BA","BB"
"EV",0.275505934577997,0.275505921490436,0.275505933340705,0.275505946247351
"STD",1.47904097084456e-05,1.47903956071524e-05,1.47904220396659e-05,1.47904202767791e-05
"Q.05",0.275481606798696,0.275481593734329,0.275481605541121,0.275481618450667
"Q.95",0.275530262916799,0.275530249806043,0.275530261699791,0.275530274603537
"theta0",661057697.528259,661057697.528259,661057697.528259,661057697.528259
"theta1",251382760.550262,251382760.550262,251382760.550262,251382760.550262
