"","AA","AB","BA","BB"
"EV",0.275483376390465,0.275483407363359,0.275483374589262,0.275483385693043
"STD",1.98292888303744e-05,1.98293358709419e-05,1.9829293263037e-05,1.98293353875737e-05
"Q.05",0.275450760615726,0.275450791511247,0.275450758807232,0.275450769841727
"Q.95",0.275515993171024,0.275516024221296,0.275515991377113,0.275516002550185
"theta0",367769296.185994,367769296.185994,367769296.185994,367769296.185994
"theta1",139837139.686435,139837139.686435,139837139.686435,139837139.686435
