"","AA","AB","BA","BB"
"EV",0.275539978279128,0.27554001307734,0.275539979327453,0.27553997017394
"STD",1.48388141921445e-05,1.48388052547225e-05,1.48388145942869e-05,1.48388053736305e-05
"Q.05",0.275515570883306,0.275515605696218,0.27551557193097,0.275515562792623
"Q.95",0.275564386237991,0.275564421021501,0.275564387286978,0.275564378118297
"theta0",656771969.949068,656771969.949068,656771969.949068,656771969.949068
"theta1",249795620.535746,249795620.535746,249795620.535746,249795620.535746
