"","AA","AB","BA","BB"
"EV",0.239679043286366,0.23967893902613,0.239678952381337,0.239679048479841
"STD",2.93179797307877e-05,2.93179978356087e-05,2.93180346948983e-05,2.93180529630524e-05
"Q.05",0.239630820897211,0.239630716607198,0.23963072990178,0.239630825970237
"Q.95",0.239727268467754,0.2397271642373,0.239727177653139,0.239727273781693
"theta0",161195049.208885,161195049.208885,161195049.208885,161195049.208885
"theta1",50814152.5930084,50814152.5930084,50814152.5930084,50814152.5930084
