"","AA","AB","BA","BB"
"EV",0.415617492313059,0.415617492425184,0.415617492127911,0.4156174922611
"STD",1.67591769920739e-06,1.67591771670552e-06,1.67591768842088e-06,1.67591771450718e-06
"Q.05",0.415614735674862,0.415614735786958,0.415614735489732,0.415614735622878
"Q.95",0.415620248953474,0.415620249065628,0.415620248768309,0.41562024890154
"theta0",50533903610.2119,50533903610.2119,50533903610.2119,50533903610.2119
"theta1",35940114593.1544,35940114593.1544,35940114593.1544,35940114593.1544
