"","AA","AB","BA","BB"
"EV",0.415646013799781,0.415646046977296,0.415646035383151,0.415646028812888
"STD",1.86848781433251e-05,1.86848904446657e-05,1.86848901411359e-05,1.86848987064617e-05
"Q.05",0.415615280048062,0.415615313205343,0.415615301611697,0.415615295027345
"Q.95",0.415676747827234,0.415676781024983,0.415676769430338,0.415676762874163
"theta0",406530965.442075,406530965.442075,406530965.442075,406530965.442075
"theta1",289162034.281179,289162034.281179,289162034.281179,289162034.281179
