"","AA","AB","BA","BB"
"EV",0.279090838044094,0.271750271199762,0.275843110409714,0.276413284434296
"STD",0.00534604287684929,0.00511476873253288,0.00528899932600167,0.00507592420662965
"Q.05",0.270333120202304,0.263371596988388,0.267179237147726,0.268096936547666
"Q.95",0.287919930830098,0.280197572982826,0.284578383339904,0.284795142897665
"theta0",4250.34625890304,4250.34625890304,4250.34625890304,4250.34625890304
"theta1",1618.46879115927,1618.46879115927,1618.46879115927,1618.46879115927
