"","AA","AB","BA","BB"
"EV",0.275500540391539,0.275500529860793,0.275500543634766,0.275500546146329
"STD",1.28477134189499e-05,1.28477073328809e-05,1.28477115746183e-05,1.2847702452427e-05
"Q.05",0.275479407994619,0.275479397473884,0.27547941124088,0.275479413767448
"Q.95",0.275521673210648,0.275521662669891,0.275521676450841,0.2755216789474
"theta0",876085884.461963,876085884.461963,876085884.461963,876085884.461963
"theta1",333143290.767867,333143290.767867,333143290.767867,333143290.767867
