"","AA","AB","BA","BB"
"EV",0.239682142327732,0.23968215545002,0.239682139859273,0.239682166571055
"STD",2.3595597780727e-05,2.35957552679798e-05,2.35957437488691e-05,2.35957193459495e-05
"Q.05",0.239643331927442,0.239643344790699,0.239643329218898,0.239643355970818
"Q.95",0.239720954536597,0.239720967917941,0.239720952308245,0.239720978979887
"theta0",248861769.09841,248861769.09841,248861769.09841,248861769.09841
"theta1",78451037.5832499,78451037.5832499,78451037.5832499,78451037.5832499
