"","AA","AB","BA","BB"
"EV",0.233732155181847,0.239624833306713,0.24252121687776,0.242621417721604
"STD",0.00563968729420681,0.00706723880090922,0.00604510305270054,0.00539427204033435
"Q.05",0.224509664223402,0.228081778224096,0.232636356499222,0.233795120116855
"Q.95",0.243062204311889,0.251330261698106,0.252522585455916,0.251540419229251
"theta0",2773.12263481417,2773.12263481417,2773.12263481417,2773.12263481417
"theta1",873.922608488425,873.922608488425,873.922608488425,873.922608488425
