"","AA","AB","BA","BB"
"EV",0.275581821196126,0.275581821280698,0.275581821221565,0.275581821433596
"STD",1.64796923902132e-06,1.64796925395182e-06,1.64796921392605e-06,1.64796925017731e-06
"Q.05",0.275579110531417,0.275579110615965,0.275579110556897,0.275579110768869
"Q.95",0.275584531867777,0.275584531952374,0.275584531893175,0.275584532105266
"theta0",53251400644.987,53251400644.987,53251400644.987,53251400644.987
"theta1",20257799164.7413,20257799164.7413,20257799164.7413,20257799164.7413
