"","AA","AB","BA","BB"
"EV",0.415663233183147,0.415663299168004,0.415663193092885,0.41566331561183
"STD",3.19629136705783e-05,3.19630023281915e-05,3.19627701805485e-05,3.19629806637431e-05
"Q.05",0.415610659272,0.415610725111029,0.415610619417754,0.41561074159049
"Q.95",0.415715807900984,0.415715874031671,0.415715767574698,0.415715890439863
"theta0",138922459.821624,138922459.821624,138922459.821624,138922459.821624
"theta1",98821379.2749345,98821379.2749345,98821379.2749345,98821379.2749345
