"","AA","AB","BA","BB"
"EV",0.275502773224484,0.275502752926619,0.275502500828966,0.275502885343941
"STD",4.12362024097871e-05,4.12363210852084e-05,4.12360763080579e-05,4.12362638173328e-05
"Q.05",0.275434947882005,0.275434927388948,0.275434675693896,0.27543505990046
"Q.95",0.275570602916141,0.275570582813492,0.275570330313195,0.275570715136609
"theta0",85042539.945927,85042539.945927,85042539.945927,85042539.945927
"theta1",32338909.5688595,32338909.5688595,32338909.5688595,32338909.5688595
