"","AA","AB","BA","BB"
"EV",0.275493336400263,0.275493359772274,0.275493361315309,0.275493357318724
"STD",1.32910449341432e-05,1.32910596816777e-05,1.3291056646316e-05,1.3291062062335e-05
"Q.05",0.275471474802724,0.275471498150478,0.275471499698505,0.275471495693012
"Q.95",0.275515198449654,0.275515221845923,0.275515223383965,0.275515219396288
"theta0",818608649.714214,818608649.714214,818608649.714214,818608649.714214
"theta1",311275601.705685,311275601.705685,311275601.705685,311275601.705685
