"","AA","AB","BA","BB"
"EV",0.415666013434082,0.415665983615108,0.415666023360209,0.41566603773803
"STD",2.74943485197986e-05,2.74943908921831e-05,2.74943048880791e-05,2.74943711713422e-05
"Q.05",0.415620789553629,0.415620759664959,0.415620799551523,0.415620813820319
"Q.95",0.415711237911412,0.415711208162136,0.415711247765771,0.41571126225262
"theta0",187749044.254905,187749044.254905,187749044.254905,187749044.254905
"theta1",133555293.569469,133555293.569469,133555293.569469,133555293.569469
