"","AA","AB","BA","BB"
"EV",0.275529115271919,0.275529115271675,0.275529115271761,0.275529115271808
"STD",3.32826285288986e-08,3.32826285291442e-08,3.32826285290768e-08,3.32826285292098e-08
"Q.05",0.275529060526868,0.275529060526624,0.27552906052671,0.275529060526757
"Q.95",0.275529170016973,0.275529170016728,0.275529170016814,0.275529170016862
"theta0",130549176071499,130549176071499,130549176071499,130549176071499
"theta1",49650165024831.7,49650165024831.7,49650165024831.7,49650165024831.7
