"","AA","AB","BA","BB"
"EV",0.27551280557015,0.275512776812462,0.275512768414352,0.275512735428915
"STD",1.89182670672506e-05,1.89182817199574e-05,1.89182812529437e-05,1.89182914229155e-05
"Q.05",0.275481688247622,0.275481659465833,0.275481651068491,0.275481618066327
"Q.95",0.27554392380802,0.275543895074433,0.275543886675555,0.275543853706848
"theta0",404053352.311263,404053352.311263,404053352.311263,404053352.311263
"theta1",153656068.179087,153656068.179087,153656068.179087,153656068.179087
