"","AA","AB","BA","BB"
"EV",0.275503419764375,0.275503424288734,0.275503492948613,0.27550341004716
"STD",1.95221552080323e-05,1.95221773184152e-05,1.95221504781616e-05,1.95221757569885e-05
"Q.05",0.275471309163965,0.275471313651956,0.275471382355982,0.275471299412951
"Q.95",0.275535531339559,0.275535535900286,0.275535604516016,0.275535521656145
"theta0",379439452.573492,379439452.573492,379439452.573492,379439452.573492
"theta1",144288984.288024,144288984.288024,144288984.288024,144288984.288024
