"","AA","AB","BA","BB"
"EV",0.239671760981363,0.239671529159811,0.239671694691941,0.239671618979064
"STD",3.30684199938551e-05,3.30686240507896e-05,3.30685397946018e-05,3.30686622273601e-05
"Q.05",0.239617370047072,0.239617137889902,0.23961730356061,0.239617227646363
"Q.95",0.239726155468133,0.239725923982251,0.23972608937578,0.239726013864302
"theta0",126702299.509945,126702299.509945,126702299.509945,126702299.509945
"theta1",39939256.9490904,39939256.9490904,39939256.9490904,39939256.9490904
