"","AA","AB","BA","BB"
"EV",0.275480617407044,0.275929344131353,0.275182030877187,0.274886510538541
"STD",0.00210644152848826,0.0020649511271455,0.0021146845430386,0.00208948171817505
"Q.05",0.272021508445193,0.272538242784105,0.271709419405918,0.2714552292166
"Q.95",0.278951077194931,0.279331320772465,0.278666105107607,0.278329005198445
"theta0",31894.867359854,31894.867359854,31894.867359854,31894.867359854
"theta1",12120.4928947459,12120.4928947459,12120.4928947459,12120.4928947459
