"","AA","AB","BA","BB"
"EV",0.239667219790731,0.239667154995265,0.239667205078704,0.239667227375951
"STD",1.90384734334834e-05,1.90384475296795e-05,1.90384705529149e-05,1.90384432878481e-05
"Q.05",0.239635904877438,0.239635840124578,0.239635890170149,0.239635912512241
"Q.95",0.239698535881582,0.239698471043507,0.239698521164817,0.239698543417215
"theta0",382253244.051291,382253244.051291,382253244.051291,382253244.051291
"theta1",120491402.700402,120491402.700402,120491402.700402,120491402.700402
