"","AA","AB","BA","BB"
"EV",0.415652053162599,0.41565209149607,0.415652143965844,0.415652091097029
"STD",2.5308984223889e-05,2.53090436976249e-05,2.53089927644679e-05,2.53090459301116e-05
"Q.05",0.415610423841024,0.41561046207667,0.41561051463022,0.415610461673957
"Q.95",0.415693682990027,0.415693721421324,0.41569377380732,0.415693721025955
"theta0",221574963.2354,221574963.2354,221574963.2354,221574963.2354
"theta1",157608330.3209,157608330.3209,157608330.3209,157608330.3209
