"","AA","AB","BA","BB"
"EV",0.23970133561045,0.239701335500071,0.239701335162976,0.239701335580827
"STD",2.89317618408273e-06,2.89317627332276e-06,2.89317637411695e-06,2.89317638972993e-06
"Q.05",0.239696576772704,0.239696576662178,0.239696576324917,0.239696576742742
"Q.95",0.239706094475383,0.239706094365152,0.239706094028222,0.239706094446098
"theta0",16553471277.7123,16553471277.7123,16553471277.7123,16553471277.7123
"theta1",5218855900.90425,5218855900.90425,5218855900.90425,5218855900.90425
