"","AA","AB","BA","BB"
"EV",0.27548375609122,0.275483758357024,0.275483765010311,0.275483756219494
"STD",9.24981187543255e-06,9.24981419678653e-06,9.24981117521381e-06,9.24981392276153e-06
"Q.05",0.27546854161404,0.275468543876025,0.275468550534282,0.275468541738946
"Q.95",0.275498970787263,0.275498973056885,0.275498979705202,0.275498970918904
"theta0",1690153245.51628,1690153245.51628,1690153245.51628,1690153245.51628
"theta1",642649181.339758,642649181.339758,642649181.339758,642649181.339758
