"","AA","AB","BA","BB"
"EV",0.415622018034532,0.415622035758309,0.415622041867125,0.415622028497214
"STD",1.47605301863452e-05,1.47605471261488e-05,1.47605388554853e-05,1.47605487440178e-05
"Q.05",0.41559773920898,0.415597756904894,0.415597763027314,0.415597749641137
"Q.95",0.415646297032208,0.415646314783849,0.415646320879061,0.415646307525415
"theta0",651449984.099175,651449984.099175,651449984.099175,651449984.099175
"theta1",463325073.564373,463325073.564373,463325073.564373,463325073.564373
