"","AA","AB","BA","BB"
"EV",0.239671554756411,0.239671554141998,0.23967156586587,0.239671539990373
"STD",1.62227483246216e-05,1.62227720441102e-05,1.62227838078519e-05,1.62227873668675e-05
"Q.05",0.239644871137483,0.239644870484056,0.239644882188579,0.239644856307228
"Q.95",0.239698239230316,0.239698238654919,0.239698250398142,0.2396982245285
"theta0",526462991.291887,526462991.291887,526462991.291887,526462991.291887
"theta1",165952232.472165,165952232.472165,165952232.472165,165952232.472165
