"","AA","AB","BA","BB"
"EV",0.275472622457836,0.27547262385766,0.275472620282667,0.27547261699694
"STD",7.11891330473019e-06,7.11891300593332e-06,7.11891292126677e-06,7.11891243581698e-06
"Q.05",0.275460912952291,0.275460914352607,0.275460910777752,0.275460907492824
"Q.95",0.275484332093029,0.275484333492362,0.275484329917229,0.275484326630704
"theta0",2853385941.35214,2853385941.35214,2853385941.35214,2853385941.35214
"theta1",1084886128.98407,1084886128.98407,1084886128.98407,1084886128.98407
