"","AA","AB","BA","BB"
"EV",0.239671050519623,0.239671040122007,0.239671053499756,0.239671034524879
"STD",1.50386039109932e-05,1.50386166777945e-05,1.50386300394058e-05,1.50386310222287e-05
"Q.05",0.239646314584799,0.239646304166185,0.239646317521956,0.239646298545463
"Q.95",0.239695787189167,0.239695776812552,0.239695790212279,0.239695771239019
"theta0",612635022.752716,612635022.752716,612635022.752716,612635022.752716
"theta1",193114933.827902,193114933.827902,193114933.827902,193114933.827902
