"","AA","AB","BA","BB"
"EV",0.239612360239721,0.239612361969738,0.239612361016173,0.239612362290539
"STD",3.96377224309558e-06,3.96377206678152e-06,3.9637722104079e-06,3.96377201561861e-06
"Q.05",0.239605840440102,0.239605842170409,0.239605841216607,0.239605842491294
"Q.95",0.239618880090403,0.239618881820129,0.2396188808668,0.239618882140846
"theta0",8817833587.52125,8817833587.52125,8817833587.52125,8817833587.52125
"theta1",2778664224.33041,2778664224.33041,2778664224.33041,2778664224.33041
