"","AA","AB","BA","BB"
"EV",0.239666076648357,0.239666131246761,0.239666111368248,0.239666102059072
"STD",1.90314026505572e-05,1.90313662136054e-05,1.90314201249552e-05,1.90314064810837e-05
"Q.05",0.239634773365034,0.239634828023368,0.239634808056183,0.239634798769449
"Q.95",0.239697381108372,0.23969743564684,0.239697415857007,0.239697406525388
"theta0",382536249.851075,382536249.851075,382536249.851075,382536249.851075
"theta1",120579884.415383,120579884.415383,120579884.415383,120579884.415383
