"","AA","AB","BA","BB"
"EV",0.275507633767116,0.27550766281983,0.275507606554926,0.275507592403356
"STD",2.0409752521176e-05,2.04097289096839e-05,2.04097397573235e-05,2.04097014177422e-05
"Q.05",0.275474063244358,0.275474092335908,0.275474036053162,0.275474021964653
"Q.95",0.27554120535527,0.275541234369145,0.275541178122085,0.27554116390745
"theta0",347156536.583101,347156536.583101,347156536.583101,347156536.583101
"theta1",132015567.965696,132015567.965696,132015567.965696,132015567.965696
