"","AA","AB","BA","BB"
"EV",0.239671617098763,0.239672076422567,0.239670658586085,0.239671170939375
"STD",8.81822043941332e-05,8.81790263217813e-05,8.8182896446067e-05,8.81810927095191e-05
"Q.05",0.239526582911659,0.239527047461977,0.239525623260937,0.239526138580549
"Q.95",0.239816676547834,0.239817130643225,0.23981571917376,0.239816228559607
"theta0",17817134.5429579,17817134.5429579,17817134.5429579,17817134.5429579
"theta1",5616331.04964793,5616331.04964793,5616331.04964793,5616331.04964793
