"","AA","AB","BA","BB"
"EV",0.239650743827301,0.239650718627588,0.239650743809599,0.239650668580887
"STD",2.04599783717414e-05,2.04600428517601e-05,2.04600192637707e-05,2.04599892388674e-05
"Q.05",0.239617090837736,0.239617065531966,0.239617090752774,0.239617015573448
"Q.95",0.239684398176984,0.239684373083335,0.239684398226545,0.239684322948446
"theta0",330972519.747023,330972519.747023,330972519.747023,330972519.747023
"theta1",104317586.859806,104317586.859806,104317586.859806,104317586.859806
