"","AA","AB","BA","BB"
"EV",0.275506333545772,0.27550619146224,0.275506321534367,0.275506330584268
"STD",2.64521182917222e-05,2.64521203701921e-05,2.64522139556887e-05,2.64522148276759e-05
"Q.05",0.275462824577875,0.275462682490926,0.275462812409123,0.275462821457591
"Q.95",0.275549844303287,0.275549702223174,0.275549832449241,0.275549841500577
"theta0",206669293.754297,206669293.754297,206669293.754297,206669293.754297
"theta1",78591008.8955597,78591008.8955597,78591008.8955597,78591008.8955597
