"","AA","AB","BA","BB"
"EV",0.275503709020379,0.275503714582985,0.275503732449228,0.275503717294355
"STD",1.59256138733719e-05,1.59256295952331e-05,1.59255989946237e-05,1.59256278124348e-05
"Q.05",0.275477514040986,0.275477519577732,0.275477537494308,0.275477522292035
"Q.95",0.275529904648465,0.275529910236931,0.27552992805284,0.275529912945369
"theta0",570172660.191141,570172660.191141,570172660.191141,570172660.191141
"theta1",216819177.620853,216819177.620853,216819177.620853,216819177.620853
