"","AA","AB","BA","BB"
"EV",0.415663494662073,0.415663450239091,0.415663498186655,0.415663523737424
"STD",2.05069125558172e-05,2.05068958537231e-05,2.05069031009454e-05,2.05068692332133e-05
"Q.05",0.415629763958603,0.415629719563094,0.415629767498737,0.415629793105213
"Q.95",0.4156972256976,0.415697181247146,0.41569722920663,0.415697254701691
"theta0",337494707.107472,337494707.107472,337494707.107472,337494707.107472
"theta1",240074385.917014,240074385.917014,240074385.917014,240074385.917014
