"","AA","AB","BA","BB"
"EV",0.229748500077796,0.237731274722635,0.259821768649518,0.239845972593091
"STD",0.00703242172362729,0.00876222924317029,0.00904961580071091,0.0120708592878242
"Q.05",0.218267504155873,0.223445769557061,0.245053283377459,0.220229499483993
"Q.95",0.241401314650256,0.252269622990988,0.274822986108502,0.259935794306019
"theta0",664.412284068425,664.412284068425,664.412284068425,664.412284068425
"theta1",211.876801829781,211.876801829781,211.876801829781,211.876801829781
