"","AA","AB","BA","BB"
"EV",0.275509831874174,0.275509831890208,0.275509831883452,0.275509831896807
"STD",3.93161186485178e-07,3.93161186396513e-07,3.93161186468272e-07,3.93161186159357e-07
"Q.05",0.275509185181769,0.275509185197802,0.275509185191046,0.275509185204401
"Q.95",0.275510478566976,0.275510478583009,0.275510478576253,0.275510478589608
"theta0",935536679991.491,935536679991.491,935536679991.491,935536679991.491
"theta1",355766806468.661,355766806468.661,355766806468.661,355766806468.661
