"","AA","AB","BA","BB"
"EV",0.414920765948849,0.413884271998217,0.41464826736795,0.418587601329445
"STD",0.00479623723522559,0.00447142466348652,0.00483860875430695,0.00457568734695499
"Q.05",0.407040781478741,0.406537468369139,0.406698781233369,0.41106919072867
"Q.95",0.422819086633102,0.421247218039485,0.422616478525805,0.426121941037371
"theta0",5646.79310196433,5646.79310196433,5646.79310196433,5646.79310196433
"theta1",4014.27017879223,4014.27017879223,4014.27017879223,4014.27017879223
