"","AA","AB","BA","BB"
"EV",0.275516232656434,0.27551608601183,0.275516052523741,0.275516142779959
"STD",3.1325411299195e-05,3.13254986860522e-05,3.13255554101127e-05,3.13255860788428e-05
"Q.05",0.275464708194853,0.275464561406519,0.275464527825133,0.275464618030906
"Q.95",0.275567759627612,0.275567613126755,0.275567579731974,0.275567670038639
"theta0",147368570.231934,147368570.231934,147368570.231934,147368570.231934
"theta1",56043232.3622588,56043232.3622588,56043232.3622588,56043232.3622588
