"","AA","AB","BA","BB"
"EV",0.232464709610717,0.253043258578979,0.23803915967022,0.248718348228795
"STD",0.00645660665084871,0.00812232922538009,0.00849724602838472,0.0108474103274918
"Q.05",0.221915926694645,0.239781650143909,0.224181670940834,0.231057018211899
"Q.95",0.243155687206987,0.266500984470306,0.252133930700413,0.266739846182917
"theta0",986.305880832657,986.305880832657,986.305880832657,986.305880832657
"theta1",316.723268650366,316.723268650366,316.723268650366,316.723268650366
