"","AA","AB","BA","BB"
"EV",0.410482591929343,0.416627678081789,0.418130217663605,0.416572953877741
"STD",0.00581856592434947,0.00583418245882055,0.0056964975889173,0.00572410359517826
"Q.05",0.400926068701727,0.407044500008021,0.408772655755853,0.407170356326997
"Q.95",0.420067601894419,0.426237413386911,0.427512616192233,0.426001133490586
"theta0",3386.03753454887,3386.03753454887,3386.03753454887,3386.03753454887
"theta1",2406.54961770689,2406.54961770689,2406.54961770689,2406.54961770689
