"","AA","AB","BA","BB"
"EV",0.239692084331137,0.239692084580358,0.239692085283807,0.239692087778411
"STD",4.48611523961047e-06,4.48611506682181e-06,4.48611532077025e-06,4.48611518441565e-06
"Q.05",0.2396847053609,0.239684705610405,0.239684706313436,0.239684708808265
"Q.95",0.239699463366745,0.239699463615682,0.239699464319548,0.239699466813929
"theta0",6884807477.27402,6884807477.27402,6884807477.27402,6884807477.27402
"theta1",2170480973.54798,2170480973.54798,2170480973.54798,2170480973.54798
