"","AA","AB","BA","BB"
"EV",0.275495045472741,0.275495095053993,0.275495125398497,0.275495061271632
"STD",1.97457714520147e-05,1.97457669796169e-05,1.97457631406951e-05,1.97457508778685e-05
"Q.05",0.275462567067598,0.275462616656206,0.275462647007024,0.275462582900329
"Q.95",0.275527524875172,0.275527574449067,0.275527604787256,0.27552754064022
"theta0",370891945.015435,370891945.015435,370891945.015435,370891945.015435
"theta1",141032730.287613,141032730.287613,141032730.287613,141032730.287613
