"","AA","AB","BA","BB"
"EV",0.275612122968423,0.275612122977381,0.275612122985926,0.275612122977589
"STD",5.22481980495752e-07,5.22481980895721e-07,5.22481981381891e-07,5.22481981466296e-07
"Q.05",0.275611263562391,0.275611263571348,0.275611263579893,0.275611263571556
"Q.95",0.275612982375152,0.275612982384111,0.275612982392657,0.275612982384321
"theta0",529783011560.475,529783011560.475,529783011560.475,529783011560.475
"theta1",201569663387.813,201569663387.813,201569663387.813,201569663387.813
