"","AA","AB","BA","BB"
"EV",0.415673210514854,0.415673249628511,0.415673246701384,0.415673227112067
"STD",2.181443244563e-05,2.18144209672874e-05,2.18144208169019e-05,2.18143991281732e-05
"Q.05",0.415637329154374,0.415637368286911,0.415637365360031,0.415637345806389
"Q.95",0.415709092251039,0.415709131345816,0.415709128418441,0.415709108793449
"theta0",298246298.881661,298246298.881661,298246298.881661,298246298.881661
"theta1",212163827.777552,212163827.777552,212163827.777552,212163827.777552
