"","AA","AB","BA","BB"
"EV",0.415631305765333,0.415631295231078,0.41563131765125,0.415631339795371
"STD",2.17504335547176e-05,2.17504895667789e-05,2.17504622410402e-05,2.17504940764772e-05
"Q.05",0.415595529672659,0.415595519046273,0.415595541511391,0.415595563603148
"Q.95",0.415667082231708,0.415667071789585,0.41566709416481,0.415667116361295
"theta0",300015414.831724,300015414.831724,300015414.831724,300015414.831724
"theta1",213385495.061625,213385495.061625,213385495.061625,213385495.061625
