"","AA","AB","BA","BB"
"EV",0.239670266904319,0.239670022759331,0.239670402836694,0.23967107048095
"STD",8.8004803970312e-05,8.80026451397559e-05,8.80048304107831e-05,8.80029301994047e-05
"Q.05",0.239525524464286,0.239525283869662,0.239525660353166,0.239526331122392
"Q.95",0.239815034505007,0.239814786808463,0.239815170480869,0.239815834998956
"theta0",17889059.5814467,17889059.5814467,17889059.5814467,17889059.5814467
"theta1",5638974.22576432,5638974.22576432,5638974.22576432,5638974.22576432
