"","AA","AB","BA","BB"
"EV",0.415700873058349,0.415700873173112,0.415700870941676,0.415700873770445
"STD",4.31921847375454e-06,4.3192184749218e-06,4.31921813718176e-06,4.3192185283982e-06
"Q.05",0.415693768583538,0.4156937686983,0.415693766467419,0.415693769295545
"Q.95",0.415707977547883,0.415707977662648,0.415707975430657,0.415707978260069
"theta0",7607483715.00882,7607483715.00882,7607483715.00882,7607483715.00882
"theta1",5412360676.50156,5412360676.50156,5412360676.50156,5412360676.50156
