"","AA","AB","BA","BB"
"EV",0.238034356508412,0.239331714679038,0.238013510721495,0.244798358514684
"STD",0.00503723879667658,0.00545449305820645,0.00506372225919918,0.00533592888678122
"Q.05",0.229790638766873,0.230408473379056,0.229726678968454,0.23606636374149
"Q.95",0.246361431716925,0.248351852129857,0.246384590713804,0.253619752058208
"theta0",3951.83632441326,3951.83632441326,3951.83632441326,3951.83632441326
"theta1",1248.25274834148,1248.25274834148,1248.25274834148,1248.25274834148
