"","AA","AB","BA","BB"
"EV",0.239671039782759,0.239671049992075,0.239671055392557,0.23967103349887
"STD",1.50386130776721e-05,1.50386307106122e-05,1.5038608373736e-05,1.50386294883914e-05
"Q.05",0.239646303832857,0.239646314013171,0.239646319450393,0.239646297521976
"Q.95",0.239695776467381,0.239695786705702,0.239695792069442,0.239695770210486
"theta0",612635022.752716,612635022.752716,612635022.752716,612635022.752716
"theta1",193114933.827902,193114933.827902,193114933.827902,193114933.827902
