"","AA","AB","BA","BB"
"EV",0.415611921846457,0.415611922233987,0.4156119225954,0.415611922357595
"STD",2.48682889338045e-06,2.48682895216066e-06,2.48682889162137e-06,2.48682896414017e-06
"Q.05",0.415607831379375,0.415607831766809,0.415607832128321,0.415607831890397
"Q.95",0.415616012318425,0.415616012706052,0.415616013067365,0.415616012829679
"theta0",22950854229.8417,22950854229.8417,22950854229.8417,22950854229.8417
"theta1",16322455928.1376,16322455928.1376,16322455928.1376,16322455928.1376
