"","AA","AB","BA","BB"
"EV",0.239664947303686,0.23966494645689,0.239664946933528,0.239664946089358
"STD",2.38278492903376e-06,2.38278496360583e-06,2.38278496326098e-06,2.38278498407025e-06
"Q.05",0.239661027980476,0.239661027133624,0.239661027610261,0.239661026766058
"Q.95",0.239668866645342,0.239668865798603,0.239668866275239,0.239668865431104
"theta0",24403090139.5842,24403090139.5842,24403090139.5842,24403090139.5842
"theta1",7692089523.01639,7692089523.01639,7692089523.01639,7692089523.01639
