"","AA","AB","BA","BB"
"EV",0.275483844318108,0.275483830512269,0.275483831263041,0.275483834784873
"STD",1.07313185309284e-05,1.07313146677863e-05,1.07313212432239e-05,1.07313198709162e-05
"Q.05",0.275466193017194,0.275466179217709,0.275466179957665,0.275466183481755
"Q.95",0.275501495913608,0.275501482101415,0.275501482863002,0.275501486382577
"theta0",1255699513.19511,1255699513.19511,1255699513.19511,1255699513.19511
"theta1",477456452.412193,477456452.412193,477456452.412193,477456452.412193
