"","AA","AB","BA","BB"
"EV",0.275509831876158,0.275509831881468,0.275509831897478,0.275509831889537
"STD",3.93161186526702e-07,3.93161186426749e-07,3.93161186425912e-07,3.93161186129959e-07
"Q.05",0.275509185183752,0.275509185189062,0.275509185205072,0.275509185197132
"Q.95",0.275510478568959,0.275510478574269,0.275510478590279,0.275510478582338
"theta0",935536679991.491,935536679991.491,935536679991.491,935536679991.491
"theta1",355766806468.661,355766806468.661,355766806468.661,355766806468.661
