"","AA","AB","BA","BB"
"EV",0.275497134518505,0.27549708506438,0.275497084747681,0.275497101810381
"STD",2.17403385051871e-05,2.17404312996599e-05,2.17404334283792e-05,2.1740450963086e-05
"Q.05",0.275461375448329,0.275461325841577,0.275461325521376,0.275461342555235
"Q.95",0.275532894797604,0.275532845496118,0.275532845182921,0.275532862274464
"theta0",305956817.925153,305956817.925153,305956817.925153,305956817.925153
"theta1",116342138.457932,116342138.457932,116342138.457932,116342138.457932
