"","AA","AB","BA","BB"
"EV",0.41565810766679,0.415658103790267,0.415658101616108,0.415658106911635
"STD",8.30275576123117e-06,8.30275934250873e-06,8.30275874476353e-06,8.30275993827201e-06
"Q.05",0.41564445087608,0.415644446993666,0.415644444820491,0.415644450114054
"Q.95",0.415671764511936,0.415671760641303,0.415671758466162,0.415671763763651
"theta0",2058852861.91773,2058852861.91773,2058852861.91773,2058852861.91773
"theta1",1464517410.72894,1464517410.72894,1464517410.72894,1464517410.72894
