"","AA","AB","BA","BB"
"EV",0.275521815862368,0.275521815474102,0.275521814795959,0.275521812904184
"STD",5.62075713484112e-06,5.62075736413217e-06,5.62075701067086e-06,5.62075725225379e-06
"Q.05",0.275512570580006,0.275512570191363,0.275512569513801,0.275512567621629
"Q.95",0.275531061225525,0.275531060837636,0.275531060158912,0.275531058267534
"theta0",4577378897.47083,4577378897.47083,4577378897.47083,4577378897.47083
"theta1",1740794638.67142,1740794638.67142,1740794638.67142,1740794638.67142
