"","AA","AB","BA","BB"
"EV",0.4156355144562,0.415635426597642,0.415635503575438,0.415635478080466
"STD",2.32799003496595e-05,2.32799468577058e-05,2.32799433245109e-05,2.32799643381854e-05
"Q.05",0.415597222641711,0.415597134706655,0.415597211690262,0.415597186160726
"Q.95",0.415673806698771,0.415673718916713,0.415673795888697,0.41567377042829
"theta0",261887738.423356,261887738.423356,261887738.423356,261887738.423356
"theta1",186270439.786282,186270439.786282,186270439.786282,186270439.786282
