"","AA","AB","BA","BB"
"EV",0.415654466652643,0.415654635927887,0.415654560579306,0.415654627161141
"STD",3.11042624297443e-05,3.11043358703328e-05,3.11044319443168e-05,3.11044449913639e-05
"Q.05",0.415603305075767,0.415603474230213,0.415603398723607,0.415603465283981
"Q.95",0.415705628993534,0.415705798389577,0.415705723199027,0.415705789802322
"theta0",146698768.406774,146698768.406774,146698768.406774,146698768.406774
"theta1",104349261.608355,104349261.608355,104349261.608355,104349261.608355
