"","AA","AB","BA","BB"
"EV",0.275490922396152,0.275490924212044,0.275490923398787,0.275490908108219
"STD",1.76552868268032e-05,1.76552872213051e-05,1.7655265560927e-05,1.76552690208802e-05
"Q.05",0.275461882432243,0.275461884247486,0.275461883469857,0.275461868173597
"Q.95",0.275519963157383,0.275519964973924,0.275519964125038,0.275519948840161
"theta0",463921876.462727,463921876.462727,463921876.462727,463921876.462727
"theta1",176403950.985415,176403950.985415,176403950.985415,176403950.985415
