"","AA","AB","BA","BB"
"EV",0.415604454284133,0.415604454284477,0.415604454284127,0.41560445428446
"STD",8.3650202184287e-08,8.36502021857899e-08,8.36502021844543e-08,8.36502021858979e-08
"Q.05",0.415604316691797,0.415604316692141,0.415604316691791,0.415604316692124
"Q.95",0.415604591876474,0.415604591876818,0.415604591876468,0.415604591876801
"theta0",20284298719268.3,20284298719268.3,20284298719268.3,20284298719268.3
"theta1",14425580348044.4,14425580348044.4,14425580348044.4,14425580348044.4
