"","AA","AB","BA","BB"
"EV",0.239681085022697,0.23968124264231,0.239681340107799,0.23968127852693
"STD",3.66426464878396e-05,3.66430813135077e-05,3.66431423031253e-05,3.66432059025171e-05
"Q.05",0.239620815413595,0.239620972318032,0.239621069683208,0.239621007997735
"Q.95",0.239741358993456,0.239741517328342,0.239741614894156,0.239741553417907
"theta0",103190123.299925,103190123.299925,103190123.299925,103190123.299925
"theta1",32529430.48891,32529430.48891,32529430.48891,32529430.48891
