"","AA","AB","BA","BB"
"EV",0.415669178228503,0.415669162836664,0.415669143601737,0.415669175637541
"STD",1.32342820864574e-05,1.32342896455369e-05,1.32342764400063e-05,1.32342888979535e-05
"Q.05",0.415647409840755,0.415647394436483,0.415647375223277,0.41564740723859
"Q.95",0.415690946754537,0.415690931375132,0.415690912118484,0.41569094417478
"theta0",810333937.543567,810333937.543567,810333937.543567,810333937.543567
"theta1",576438570.647715,576438570.647715,576438570.647715,576438570.647715
