"","AA","AB","BA","BB"
"EV",0.27552799764982,0.275527998497254,0.275527997473226,0.275527991457399
"STD",7.91772169190445e-06,7.91771987052489e-06,7.91772018964377e-06,7.91772071298088e-06
"Q.05",0.275514974236736,0.275514975087166,0.275514974062613,0.275514968045925
"Q.95",0.27554102122322,0.275541022067658,0.275541021044155,0.275541015029188
"theta0",2306791786.99361,2306791786.99361,2306791786.99361,2306791786.99361
"theta1",877308875.495285,877308875.495285,877308875.495285,877308875.495285
