"","AA","AB","BA","BB"
"EV",0.415652726487266,0.415652685327782,0.415652729710296,0.415652700999068
"STD",2.14250758709737e-05,2.14251027549266e-05,2.14250501625582e-05,2.14250970407091e-05
"Q.05",0.415617485554761,0.415617444351057,0.415617488820077,0.415617460031742
"Q.95",0.415687967782277,0.415687926667014,0.41568797096302,0.4156879423289
"theta0",309190743.201233,309190743.201233,309190743.201233,309190743.201233
"theta1",219930806.293295,219930806.293295,219930806.293295,219930806.293295
