"","AA","AB","BA","BB"
"EV",0.239670006133749,0.23967014928617,0.239669985462422,0.239670069863114
"STD",3.61374237945719e-05,3.61375035683041e-05,3.61373774070803e-05,3.61374848359331e-05
"Q.05",0.239610567482458,0.23961071050367,0.239610546887427,0.239610631111426
"Q.95",0.239729449027564,0.239729592311208,0.239729428279931,0.23972951285734
"theta0",106095832.538678,106095832.538678,106095832.538678,106095832.538678
"theta1",33443367.3918216,33443367.3918216,33443367.3918216,33443367.3918216
