"","AA","AB","BA","BB"
"EV",0.275612122971214,0.275612122967693,0.27561212298595,0.275612122984463
"STD",5.22481981177862e-07,5.22481980519256e-07,5.22481981406552e-07,5.22481981135991e-07
"Q.05",0.275611263565181,0.275611263561661,0.275611263579916,0.27561126357843
"Q.95",0.275612982377944,0.275612982374422,0.275612982392681,0.275612982391194
"theta0",529783011560.475,529783011560.475,529783011560.475,529783011560.475
"theta1",201569663387.813,201569663387.813,201569663387.813,201569663387.813
