"","AA","AB","BA","BB"
"EV",0.275551521695881,0.275551523151895,0.275551526034509,0.275551523862722
"STD",6.0301565842388e-06,6.0301581308257e-06,6.03015839916642e-06,6.03015873539273e-06
"Q.05",0.27554160301744,0.27554160447091,0.275541607353082,0.275541605180742
"Q.95",0.275561440467297,0.275561441925855,0.27556144480891,0.275561442637676
"theta0",3977043365.77606,3977043365.77606,3977043365.77606,3977043365.77606
"theta1",1512709868.41901,1512709868.41901,1512709868.41901,1512709868.41901
