"","AA","AB","BA","BB"
"EV",0.415665926103746,0.415665923967297,0.415665946906091,0.415665991695231
"STD",2.19867122320505e-05,2.19867447949775e-05,2.19866733572276e-05,2.19867392075042e-05
"Q.05",0.415629761371231,0.415629759181221,0.415629782237519,0.415629826918345
"Q.95",0.415702091217958,0.415702089135072,0.41570211195636,0.415702156853815
"theta0",293592357.929804,293592357.929804,293592357.929804,293592357.929804
"theta1",208846882.97946,208846882.97946,208846882.97946,208846882.97946
