"","AA","AB","BA","BB"
"EV",0.415646945694281,0.41564693735766,0.415646962453785,0.41564696573644
"STD",1.56532711435876e-05,1.56532886265396e-05,1.56532961690784e-05,1.56532987372172e-05
"Q.05",0.415621198451222,0.415621190085844,0.415621215169564,0.415621218447994
"Q.95",0.415672693130854,0.41567268482299,0.415672709931522,0.415672713218401
"theta0",579246445.753437,579246445.753437,579246445.753437,579246445.753437
"theta1",412014656.628551,412014656.628551,412014656.628551,412014656.628551
