"","AA","AB","BA","BB"
"EV",0.435215442657832,0.403080573546002,0.416520262379794,0.428836903761512
"STD",0.00972773060508388,0.0075387858299264,0.0144399391480113,0.0128361941145093
"Q.05",0.41924272242338,0.390706253199137,0.392849006475242,0.40777682924241
"Q.95",0.4512449128955,0.415506973143594,0.440354606694603,0.450005952895985
"theta0",499.491762928494,499.491762928494,499.491762928494,499.491762928494
"theta1",363.058981712416,363.058981712416,363.058981712416,363.058981712416
