"","AA","AB","BA","BB"
"EV",0.415658249870104,0.415658354404025,0.415658275090214,0.415658440790588
"STD",3.85413512272831e-05,3.8541127525484e-05,3.85414247528902e-05,3.8541328325818e-05
"Q.05",0.415594855575223,0.415594960477092,0.415594880674396,0.415595046533374
"Q.95",0.415721645337977,0.415721749503933,0.415721670679028,0.415721836220789
"theta0",95546173.5803625,95546173.5803625,95546173.5803625,95546173.5803625
"theta1",67964625.8253,67964625.8253,67964625.8253,67964625.8253
