"","AA","AB","BA","BB"
"EV",0.23966873612786,0.239668737745748,0.239668735614947,0.239668736140002
"STD",6.88886675806431e-06,6.88886988124461e-06,6.88887013655504e-06,6.88887063956579e-06
"Q.05",0.239657405027475,0.239657406640225,0.239657404509005,0.239657405033232
"Q.95",0.239680067382419,0.239680069005444,0.239680066875063,0.239680067400945
"theta0",2919584270.8893,2919584270.8893,2919584270.8893,2919584270.8893
"theta1",920300277.700523,920300277.700523,920300277.700523,920300277.700523
