"","AA","AB","BA","BB"
"EV",0.415659987495699,0.415659989478523,0.415659997341192,0.415659991424351
"STD",7.73123740480598e-06,7.73123845845147e-06,7.73123899896447e-06,7.73123941782023e-06
"Q.05",0.415647270765412,0.415647272746503,0.415647280608283,0.415647274690753
"Q.95",0.415672704273184,0.415672706257741,0.4156727141213,0.415672708205148
"theta0",2374494448.13454,2374494448.13454,2374494448.13454,2374494448.13454
"theta1",1689054878.17124,1689054878.17124,1689054878.17124,1689054878.17124
