"","AA","AB","BA","BB"
"EV",0.415664589970024,0.415664562553677,0.415664543077993,0.415664556458476
"STD",2.28953035025141e-05,2.28953987000698e-05,2.28953991381966e-05,2.28954128083929e-05
"Q.05",0.415626930753965,0.415626903181034,0.415626883704628,0.415626897062627
"Q.95",0.415702249599987,0.415702222340228,0.415702202865264,0.415702216268233
"theta0",270751193.895568,270751193.895568,270751193.895568,270751193.895568
"theta1",192597726.551606,192597726.551606,192597726.551606,192597726.551606
