"","AA","AB","BA","BB"
"EV",0.239578638533579,0.239578638608782,0.239578638520093,0.239578638611366
"STD",8.17978738271987e-07,8.17978735949078e-07,8.17978736659505e-07,8.17978737436157e-07
"Q.05",0.239577293079372,0.239577293154579,0.239577293065888,0.239577293157161
"Q.95",0.239579983989961,0.23957998406516,0.239579983976472,0.239579984067747
"theta0",207048780974.888,207048780974.888,207048780974.888,207048780974.888
"theta1",65232866380.4144,65232866380.4144,65232866380.4144,65232866380.4144
