"","AA","AB","BA","BB"
"EV",0.275505866326938,0.275505908364481,0.275505886818572,0.275505897154576
"STD",1.65948153306991e-05,1.65947899571669e-05,1.65948282141592e-05,1.65948236905764e-05
"Q.05",0.275478570636927,0.275478612716204,0.275478591107371,0.275478601450814
"Q.95",0.275533162721295,0.2755332047171,0.27553318323412,0.275533193562683
"theta0",525115585.74893,525115585.74893,525115585.74893,525115585.74893
"theta1",199687526.195225,199687526.195225,199687526.195225,199687526.195225
