"","AA","AB","BA","BB"
"EV",0.41565753749205,0.415657537421011,0.415657537399044,0.415657537468475
"STD",6.92713548689287e-07,6.92713548700254e-07,6.92713548436316e-07,6.9271354858166e-07
"Q.05",0.415656398079847,0.415656398008807,0.415656397986841,0.415656398056272
"Q.95",0.415658676904633,0.415658676833593,0.415658676811626,0.415658676881057
"theta0",295776174755.685,295776174755.685,295776174755.685,295776174755.685
"theta1",210393055976.745,210393055976.745,210393055976.745,210393055976.745
