"","AA","AB","BA","BB"
"EV",0.275494868938548,0.275495030077595,0.275495006650159,0.275494955909138
"STD",2.83198638727091e-05,2.83199813776538e-05,2.83198420868217e-05,2.83199752029559e-05
"Q.05",0.275448287933463,0.275448448879238,0.275448425680905,0.275448374720937
"Q.95",0.275541451995057,0.275541613327389,0.27554158967083,0.275541539148775
"theta0",180305900.667427,180305900.667427,180305900.667427,180305900.667427
"theta1",68561798.0300844,68561798.0300844,68561798.0300844,68561798.0300844
