"","AA","AB","BA","BB"
"EV",0.275480043715158,0.275480012048337,0.275480021769912,0.275480046943714
"STD",1.97579750144314e-05,1.97579525538397e-05,1.97579717056393e-05,1.9757943919537e-05
"Q.05",0.275447545237608,0.275447513607731,0.275447523297804,0.275447548517309
"Q.95",0.275512543191329,0.275512511487563,0.275512521240641,0.275512546368737
"theta0",370429293.238242,370429293.238242,370429293.238242,370429293.238242
"theta1",140846184.479481,140846184.479481,140846184.479481,140846184.479481
