"","AA","AB","BA","BB"
"EV",0.415647996253308,0.415648085214932,0.415648058468784,0.415648034749127
"STD",2.62023786643666e-05,2.62023592908033e-05,2.62024000802701e-05,2.62023837919658e-05
"Q.05",0.415604897446832,0.415604986440322,0.415604959627082,0.415604935934216
"Q.95",0.415691095602008,0.415691184531765,0.41569115785271,0.415691134106261
"theta0",206724236.840067,206724236.840067,206724236.840067,206724236.840067
"theta1",147042417.976069,147042417.976069,147042417.976069,147042417.976069
