"","AA","AB","BA","BB"
"EV",0.23967931069198,0.239679328640492,0.239679329820927,0.239679312386002
"STD",1.36206168731111e-05,1.36206304023471e-05,1.36206321655506e-05,1.36206362774407e-05
"Q.05",0.23965690707225,0.239656924998509,0.239656926176044,0.239656908734356
"Q.95",0.239701714914375,0.239701732885142,0.239701734068477,0.239701716640316
"theta0",746842768.847508,746842768.847508,746842768.847508,746842768.847508
"theta1",235430617.734833,235430617.734833,235430617.734833,235430617.734833
