"","AA","AB","BA","BB"
"EV",0.239670721035432,0.239670774148347,0.239670819195698,0.239670786147967
"STD",2.10691721000521e-05,2.10692046218558e-05,2.10691395380389e-05,2.10692107570819e-05
"Q.05",0.239636066052358,0.239636119111781,0.23963616426618,0.239636131101309
"Q.95",0.239705377460632,0.239705430627042,0.239705475567334,0.239705442636753
"theta0",312119938.929709,312119938.929709,312119938.929709,312119938.929709
"theta1",98386363.7546661,98386363.7546661,98386363.7546661,98386363.7546661
