"","AA","AB","BA","BB"
"EV",0.283432437803527,0.26739117709775,0.268510305831676,0.297352631458872
"STD",0.00924366333693605,0.00994429055616337,0.00753987678504941,0.01166318852138
"Q.05",0.268331861735041,0.251168370823589,0.256184732193957,0.278318811846094
"Q.95",0.298740337482588,0.283881210577979,0.280988312364633,0.316686775994199
"theta0",597.522467691575,597.522467691575,597.522467691575,597.522467691575
"theta1",231.418835697717,231.418835697717,231.418835697717,231.418835697717
