"","AA","AB","BA","BB"
"EV",0.421938631170516,0.417686055787166,0.404468244661207,0.413833223870303
"STD",0.00688538399157463,0.00903768488797475,0.00785309270859082,0.00959331273804581
"Q.05",0.410630303913465,0.40285153335772,0.39157869491061,0.398090468763149
"Q.95",0.433281472828716,0.43258347173958,0.417413437564556,0.429650363866852
"theta0",1263.42117434698,1263.42117434698,1263.42117434698,1263.42117434698
"theta1",894.359978799199,894.359978799199,894.359978799199,894.359978799199
