"","AA","AB","BA","BB"
"EV",0.27549578925395,0.275495853215829,0.275495869287413,0.27549585449279
"STD",2.11684707711075e-05,2.11685389229394e-05,2.11685469095131e-05,2.11685602205482e-05
"Q.05",0.275460970791114,0.275461034640897,0.275461050699344,0.275461035882828
"Q.95",0.275530608862956,0.275530672936939,0.275530689021659,0.275530674248933
"theta0",322711152.219706,322711152.219706,322711152.219706,322711152.219706
"theta1",122712312.162809,122712312.162809,122712312.162809,122712312.162809
