"","AA","AB","BA","BB"
"EV",0.239671564153269,0.239671512532697,0.239671642739034,0.239671516910387
"STD",2.51191389538353e-05,2.51191514524038e-05,2.51190177913089e-05,2.51191483914008e-05
"Q.05",0.239630247871378,0.239630196230248,0.239630326656426,0.239630200612974
"Q.95",0.239712882484976,0.239712830884964,0.239712960871436,0.239712835257619
"theta0",219587728.462806,219587728.462806,219587728.462806,219587728.462806
"theta1",69218682.8733774,69218682.8733774,69218682.8733774,69218682.8733774
