"","AA","AB","BA","BB"
"EV",0.239625206401297,0.239625206959765,0.239625203906899,0.239625205986892
"STD",6.08768164556109e-06,6.08768266513579e-06,6.08768172910942e-06,6.08768262881253e-06
"Q.05",0.239615193116279,0.23961519367307,0.239615190621743,0.239615192700257
"Q.95",0.239635219806747,0.239635220366893,0.239635217312487,0.23963521939396
"theta0",3738383482.20232,3738383482.20232,3738383482.20232,3738383482.20232
"theta1",1178117578.47268,1178117578.47268,1178117578.47268,1178117578.47268
