"","AA","AB","BA","BB"
"EV",0.415651552593742,0.415651500129192,0.415651687333467,0.415651557325057
"STD",3.46216780032655e-05,3.46218496871068e-05,3.4621717298203e-05,3.4621856867612e-05
"Q.05",0.415594605474398,0.415594552727458,0.415594740149489,0.415594609911513
"Q.95",0.415708500659701,0.415708448477551,0.415708635464061,0.415708505685227
"theta0",118405338.268923,118405338.268923,118405338.268923,118405338.268923
"theta1",84222636.8593491,84222636.8593491,84222636.8593491,84222636.8593491
