"","AA","AB","BA","BB"
"EV",0.415666627898124,0.41566660655484,0.415666652647219,0.415666634978516
"STD",2.19183596305854e-05,2.19183838325349e-05,2.19183956718817e-05,2.19183344747931e-05
"Q.05",0.415630575594447,0.415630554211354,0.41563060028426,0.415630582716216
"Q.95",0.415702680581126,0.415702659277651,0.415702705389504,0.41570268762014
"theta0",295426056.525359,295426056.525359,295426056.525359,295426056.525359
"theta1",210151875.471958,210151875.471958,210151875.471958,210151875.471958
