"","AA","AB","BA","BB"
"EV",0.22976502991444,0.252105306836037,0.251243982007893,0.222781554050314
"STD",0.00817596007225128,0.0111358537440447,0.00795268585529733,0.01003202708562
"Q.05",0.216433523471688,0.233975007680304,0.238258482518593,0.206465029804994
"Q.95",0.243328784065692,0.270606724950794,0.264419756294911,0.239464805595927
"theta0",538.397126428994,538.397126428994,538.397126428994,538.397126428994
"theta1",169.064285473093,169.064285473093,169.064285473093,169.064285473093
