"","AA","AB","BA","BB"
"EV",0.27558182115724,0.275581821290076,0.275581821257813,0.275581821426857
"STD",1.64796922915238e-06,1.64796924846544e-06,1.64796923016818e-06,1.6479692492905e-06
"Q.05",0.275579110492547,0.275579110625352,0.275579110593119,0.275579110762131
"Q.95",0.275584531828875,0.275584531961742,0.275584531929449,0.275584532098525
"theta0",53251400644.987,53251400644.987,53251400644.987,53251400644.987
"theta1",20257799164.7413,20257799164.7413,20257799164.7413,20257799164.7413
