"","AA","AB","BA","BB"
"EV",0.275506704233108,0.275506709324645,0.275506435101149,0.275506681008653
"STD",3.64386697750432e-05,3.64390204897926e-05,3.6438955923309e-05,3.64390715667401e-05
"Q.05",0.27544676965297,0.275446774167664,0.275446500050368,0.275446745767664
"Q.95",0.275566642209214,0.275566647877657,0.275566373547956,0.275566619645685
"theta0",108909386.31111,108909386.31111,108909386.31111,108909386.31111
"theta1",41415504.4216035,41415504.4216035,41415504.4216035,41415504.4216035
