"","AA","AB","BA","BB"
"EV",0.275516751442242,0.275516751441071,0.275516751438964,0.275516751443171
"STD",1.37294446196009e-07,1.37294446190902e-07,1.37294446190686e-07,1.37294446178455e-07
"Q.05",0.275516525612998,0.275516525611828,0.27551652560972,0.275516525613927
"Q.95",0.275516977271533,0.275516977270363,0.275516977268256,0.275516977272463
"theta0",7671826388503.45,7671826388503.45,7671826388503.45,7671826388503.45
"theta1",2917550803814.8,2917550803814.8,2917550803814.8,2917550803814.8
