"","AA","AB","BA","BB"
"EV",0.239677412755235,0.239677263599383,0.239677623810349,0.239677339701165
"STD",3.92584246922763e-05,3.92585994416061e-05,3.92581919927701e-05,3.92585635337494e-05
"Q.05",0.239612840896413,0.239612691453149,0.239613052334251,0.239612767613988
"Q.95",0.239741989620786,0.239741840752397,0.239742200293111,0.23974191679511
"theta0",89898235.1718537,89898235.1718537,89898235.1718537,89898235.1718537
"theta1",28338729.4457662,28338729.4457662,28338729.4457662,28338729.4457662
