"","AA","AB","BA","BB"
"EV",0.23974662682467,0.239746627118175,0.239746627139187,0.239746627122191
"STD",1.20803134212654e-06,1.20803133312507e-06,1.20803134949277e-06,1.20803134798845e-06
"Q.05",0.239744639792304,0.239744640085824,0.23974464010681,0.239744640089816
"Q.95",0.239748613861774,0.239748614155264,0.239748614176303,0.239748614159305
"theta0",94953899968.5288,94953899968.5288,94953899968.5288,94953899968.5288
"theta1",29943803017.412,29943803017.412,29943803017.412,29943803017.412
