"","AA","AB","BA","BB"
"EV",0.275724646279706,0.27572464627973,0.275724646279745,0.275724646279749
"STD",2.05544811347329e-08,2.05544811347767e-08,2.05544811347241e-08,2.05544811347768e-08
"Q.05",0.275724612470594,0.275724612470618,0.275724612470633,0.275724612470637
"Q.95",0.275724680088819,0.275724680088844,0.275724680088859,0.275724680088862
"theta0",342349711074719,342349711074719,342349711074719,342349711074719
"theta1",130329235290399,130329235290399,130329235290399,130329235290399
