"","AA","AB","BA","BB"
"EV",0.275488367714456,0.275488356032737,0.275488376709075,0.275488366534256
"STD",1.2171065161944e-05,1.21710639406257e-05,1.21710638443044e-05,1.21710626932988e-05
"Q.05",0.275468348283242,0.275468336603532,0.275468357280028,0.275468347107102
"Q.95",0.275508387524591,0.275508375840863,0.275508396517043,0.27550838634033
"theta0",976194639.991808,976194639.991808,976194639.991808,976194639.991808
"theta1",371188335.198614,371188335.198614,371188335.198614,371188335.198614
