"","AA","AB","BA","BB"
"EV",0.275497348755353,0.275502527642567,0.27550098645179,0.275499973744065
"STD",0.000180951564292848,0.000180956150910214,0.000180933784307092,0.000180964760352526
"Q.05",0.275199751796349,0.275204923139918,0.27520341872901,0.275202355084846
"Q.95",0.275795029465431,0.275800215897629,0.275798637907145,0.2757976761651
"theta0",4415361.97245054,4415361.97245054,4415361.97245054,4415361.97245054
"theta1",1678997.23379003,1678997.23379003,1678997.23379003,1678997.23379003
