"","AA","AB","BA","BB"
"EV",0.27549595230307,0.275495519927278,0.275495616569411,0.275495716354783
"STD",4.38902429103909e-05,4.38902855278247e-05,4.38902426445364e-05,4.38905099885639e-05
"Q.05",0.275423761741494,0.275423329295615,0.275423426008278,0.275423525353937
"Q.95",0.275568147791907,0.275567715486226,0.275567812057816,0.275567912282959
"theta0",75067670.3827092,75067670.3827092,75067670.3827092,75067670.3827092
"theta1",28544786.4476146,28544786.4476146,28544786.4476146,28544786.4476146
