"","AA","AB","BA","BB"
"EV",0.239685667299162,0.23968590537431,0.239685612408078,0.239685621136804
"STD",3.76232077851627e-05,3.76233459494137e-05,3.76233474466499e-05,3.76234205371837e-05
"Q.05",0.239623784928466,0.239624022776367,0.239623729807678,0.239623738416189
"Q.95",0.239747554267932,0.239747792570353,0.239747499606589,0.239747508455547
"theta0",97883362.7937839,97883362.7937839,97883362.7937839,97883362.7937839
"theta1",30857294.8660864,30857294.8660864,30857294.8660864,30857294.8660864
