"","AA","AB","BA","BB"
"EV",0.410526758967817,0.420067447395957,0.421371332887282,0.40978235474418
"STD",0.00720128782414811,0.00789995791517631,0.00702008570959682,0.00767917918054786
"Q.05",0.398703356330468,0.407096262587394,0.409842252271874,0.397176072208985
"Q.95",0.422393778239094,0.433085217513793,0.432936565896356,0.42243867753209
"theta0",1693.14913021143,1693.14913021143,1693.14913021143,1693.14913021143
"theta1",1203.28593753795,1203.28593753795,1203.28593753795,1203.28593753795
