"","AA","AB","BA","BB"
"EV",0.266692154228958,0.275786490621301,0.28125649161454,0.279701016571582
"STD",0.00704290425657872,0.0068953976216025,0.0074423494153568,0.00728259744133811
"Q.05",0.255175090575252,0.264505407467703,0.269083223924158,0.267788306458577
"Q.95",0.278343835186367,0.28718899536756,0.293566110045849,0.291745658612246
"theta0",1730.47467041433,1730.47467041433,1730.47467041433,1730.47467041433
"theta1",659.218694907734,659.218694907734,659.218694907734,659.218694907734
