"","AA","AB","BA","BB"
"EV",0.420806589405049,0.413141610013864,0.420509172164075,0.413024931375705
"STD",0.00665312999443405,0.00604625459835804,0.00690678469486853,0.0063890015377331
"Q.05",0.409879400551669,0.403211212627847,0.409166085297209,0.402532510389552
"Q.95",0.431766494054227,0.423101796289916,0.43188765703801,0.423550662658364
"theta0",2500.59130626647,2500.59130626647,2500.59130626647,2500.59130626647
"theta1",1787.63587335757,1787.63587335757,1787.63587335757,1787.63587335757
