"","AA","AB","BA","BB"
"EV",0.27551730159016,0.275517324581377,0.275517320368929,0.275517346289552
"STD",1.88175343298388e-05,1.88175851565245e-05,1.88175681426334e-05,1.88175908402409e-05
"Q.05",0.275486349953367,0.275486372860983,0.27548636867652,0.275486394559809
"Q.95",0.275548254132547,0.275548277207368,0.275548272966934,0.275548298924892
"theta0",408391501.934135,408391501.934135,408391501.934135,408391501.934135
"theta1",155309349.776598,155309349.776598,155309349.776598,155309349.776598
