"","AA","AB","BA","BB"
"EV",0.275494745830349,0.275494763257576,0.275494777568876,0.27549479811048
"STD",2.49159633655269e-05,2.49161148558798e-05,2.49161173106363e-05,2.49161378031369e-05
"Q.05",0.275453763511604,0.275453780689661,0.275453794996923,0.275453815504822
"Q.95",0.275535729737013,0.27553574741343,0.275535761728767,0.27553578230408
"theta0",232935039.154956,232935039.154956,232935039.154956,232935039.154956
"theta1",88574081.6661626,88574081.6661626,88574081.6661626,88574081.6661626
