"","AA","AB","BA","BB"
"EV",0.233267014570467,0.227018711141143,0.259244939726267,0.238660084348329
"STD",0.00643879297873506,0.0116538658247989,0.00917533348926845,0.0135744527728983
"Q.05",0.222746752557779,0.208092219902342,0.244273410871696,0.216636293871707
"Q.95",0.243927925398364,0.246426186319425,0.27445663736219,0.261287456497862
"theta0",539.983450631753,539.983450631753,539.983450631753,539.983450631753
"theta1",170.100130582825,170.100130582825,170.100130582825,170.100130582825
