"","AA","AB","BA","BB"
"EV",0.415647630299586,0.415647636893252,0.415647650574304,0.415647635629383
"STD",1.91577240662182e-05,1.91577627424728e-05,1.91577632532592e-05,1.91577734307452e-05
"Q.05",0.415616118792598,0.415616125322648,0.41561613900286,0.415616124041199
"Q.95",0.415679142096433,0.415679148753716,0.415679162435609,0.415679147507428
"theta0",386709343.208534,386709343.208534,386709343.208534,386709343.208534
"theta1",275064902.215802,275064902.215802,275064902.215802,275064902.215802
