"","AA","AB","BA","BB"
"EV",0.239688748876766,0.23968874904733,0.239688748221525,0.239688749654096
"STD",3.49551410432233e-06,3.49551394557091e-06,3.49551407573919e-06,3.49551389973527e-06
"Q.05",0.239682999287558,0.239682999458383,0.239682998632365,0.239683000065225
"Q.95",0.239694498505663,0.239694498675966,0.239694497850376,0.239694499282657
"theta0",11339877048.3364,11339877048.3364,11339877048.3364,11339877048.3364
"theta1",3574905591.92533,3574905591.92533,3574905591.92533,3574905591.92533
