"","AA","AB","BA","BB"
"EV",0.239694862608127,0.239694857889927,0.239694873393491,0.239694864298831
"STD",1.13743536077739e-05,1.13743467321162e-05,1.13743554706399e-05,1.13743512329801e-05
"Q.05",0.239676153671459,0.239676148964569,0.23967616445376,0.239676155366069
"Q.95",0.239713571965029,0.239713567235519,0.239713582753457,0.239713573651826
"theta0",1070978622.67396,1070978622.67396,1070978622.67396,1070978622.67396
"theta1",337638224.385444,337638224.385444,337638224.385444,337638224.385444
