"","AA","AB","BA","BB"
"EV",0.239495129570055,0.22460936081461,0.244357976165444,0.262279229372939
"STD",0.00906695583544426,0.00768941341576345,0.0107476191090271,0.00979793137952527
"Q.05",0.224715799265051,0.212068336621619,0.226862778134716,0.246297799488264
"Q.95",0.254542023944884,0.237363101863801,0.262217184201643,0.27852906993696
"theta0",519.15328502159,519.15328502159,519.15328502159,519.15328502159
"theta1",166.366766729648,166.366766729648,166.366766729648,166.366766729648
