"","AA","AB","BA","BB"
"EV",0.239672917260402,0.239672907968257,0.239672913049372,0.239672897538277
"STD",1.38203600188689e-05,1.38203648257281e-05,1.38203576687222e-05,1.38203635333796e-05
"Q.05",0.23965018510135,0.239650175801299,0.239650180894186,0.239650165373445
"Q.95",0.239695650039951,0.239695640755713,0.239695645825055,0.239695630323607
"theta0",725404730.97222,725404730.97222,725404730.97222,725404730.97222
"theta1",228664563.035614,228664563.035614,228664563.035614,228664563.035614
