"","AA","AB","BA","BB"
"EV",0.275497182657604,0.275497183459495,0.275497211810515,0.275497191155144
"STD",1.70205925494866e-05,1.70206298926627e-05,1.70206182192422e-05,1.70206338197246e-05
"Q.05",0.275469186644716,0.275469187385184,0.275469215755405,0.275469195074374
"Q.95",0.275525179411488,0.275525180274804,0.275525208606623,0.275525187976913
"theta0",499166798.326095,499166798.326095,499166798.326095,499166798.326095
"theta1",189811619.692314,189811619.692314,189811619.692314,189811619.692314
