"","AA","AB","BA","BB"
"EV",0.239671650861204,0.239671662957674,0.239671620529294,0.239671727453377
"STD",2.49988993523947e-05,2.499886750622e-05,2.49988675341602e-05,2.49988062823393e-05
"Q.05",0.239630532346068,0.239630544494918,0.239630502066492,0.23963060909132
"Q.95",0.239712771406578,0.239712783450663,0.239712741022329,0.239712847845656
"theta0",221705457.242966,221705457.242966,221705457.242966,221705457.242966
"theta1",69886276.4380352,69886276.4380352,69886276.4380352,69886276.4380352
