"","AA","AB","BA","BB"
"EV",0.239703612031397,0.239703611796216,0.239703607564801,0.239703606547601
"STD",6.19872272153463e-06,6.19872209213078e-06,6.19872388370343e-06,6.19872375250058e-06
"Q.05",0.239693416102247,0.2396934158681,0.239693411633739,0.239693410616755
"Q.95",0.239713808085348,0.239713807849131,0.239713803620664,0.239713802603248
"theta0",3606083826.01734,3606083826.01734,3606083826.01734,3606083826.01734
"theta1",1136913603.73237,1136913603.73237,1136913603.73237,1136913603.73237
