"","AA","AB","BA","BB"
"EV",0.239672586099332,0.239672609000247,0.239672657029759,0.239672602703846
"STD",2.46715204336594e-05,2.46715846539096e-05,2.46714681325358e-05,2.46715749962232e-05
"Q.05",0.239632006048178,0.239632028843465,0.239632077064628,0.239632022562948
"Q.95",0.239713168127885,0.239713191134438,0.23971323897228,0.23971318482215
"theta0",227627682.626438,227627682.626438,227627682.626438,227627682.626438
"theta1",71753461.2426507,71753461.2426507,71753461.2426507,71753461.2426507
