"","AA","AB","BA","BB"
"EV",0.275505535116255,0.275505423868803,0.27550540880039,0.275505302976513
"STD",3.77590084268823e-05,3.77590905492023e-05,3.77587271526927e-05,3.77589787447558e-05
"Q.05",0.275443428897593,0.275443317515071,0.275443303044357,0.275443196806673
"Q.95",0.275567644981473,0.27556753386911,0.275567518202928,0.275567412792908
"theta0",101427542.533417,101427542.533417,101427542.533417,101427542.533417
"theta1",38570112.4050398,38570112.4050398,38570112.4050398,38570112.4050398
