"","AA","AB","BA","BB"
"EV",0.239682995698282,0.239683029182409,0.239683029627696,0.239683021242759
"STD",1.871610166053e-05,1.87160673891854e-05,1.87161223545403e-05,1.8716113172291e-05
"Q.05",0.239652211019538,0.239652244560034,0.239652244914915,0.23965223654508
"Q.95",0.239713781514923,0.239713814942677,0.239713815478377,0.239713807078335
"theta0",395543835.546838,395543835.546838,395543835.546838,395543835.546838
"theta1",124691599.687647,124691599.687647,124691599.687647,124691599.687647
