"","AA","AB","BA","BB"
"EV",0.275494784538906,0.27549477155148,0.275494743213614,0.275494751815986
"STD",1.61447069676643e-05,1.61446972444091e-05,1.61447009886017e-05,1.61446832979725e-05
"Q.05",0.275468229192448,0.275468216221015,0.275468187876991,0.27546819650846
"Q.95",0.275521340552068,0.275521327548649,0.275521299216942,0.275521307790214
"theta0",554799097.788231,554799097.788231,554799097.788231,554799097.788231
"theta1",210963617.61535,210963617.61535,210963617.61535,210963617.61535
