"","AA","AB","BA","BB"
"EV",0.415666350002986,0.415666362409618,0.415666350791117,0.415666348851164
"STD",1.15041200160635e-05,1.15041186991163e-05,1.1504125670149e-05,1.15041255903137e-05
"Q.05",0.4156474274617,0.415647439870498,0.415647428240532,0.41564742630071
"Q.95",0.415685272648768,0.415685285053234,0.4156852734462,0.415685271506115
"theta0",1072406180.88417,1072406180.88417,1072406180.88417,1072406180.88417
"theta1",762857262.233056,762857262.233056,762857262.233056,762857262.233056
