"","AA","AB","BA","BB"
"EV",0.415663268630613,0.415663252258753,0.415663170127931,0.415663277665119
"STD",2.42223863967328e-05,2.42223676229415e-05,2.42223717886664e-05,2.4222343027575e-05
"Q.05",0.415623426582131,0.415623410241151,0.415623328103478,0.415623435687972
"Q.95",0.415703111142379,0.415703094739639,0.415703012615669,0.415703120105548
"theta0",241898560.620558,241898560.620558,241898560.620558,241898560.620558
"theta1",172072591.096054,172072591.096054,172072591.096054,172072591.096054
