"","AA","AB","BA","BB"
"EV",0.415653947651884,0.415653859134835,0.41565390113744,0.415653915627737
"STD",2.20543698688156e-05,2.20544371837955e-05,2.20544417012346e-05,2.20544548411378e-05
"Q.05",0.415617671633664,0.415617583005894,0.415617625001068,0.415617639469753
"Q.95",0.415690224054211,0.415690135647887,0.415690177657922,0.415690192169833
"theta0",291795997.811386,291795997.811386,291795997.811386,291795997.811386
"theta1",207558752.303236,207558752.303236,207558752.303236,207558752.303236
