"","AA","AB","BA","BB"
"EV",0.239663375404085,0.239663385809093,0.239663380631544,0.239663376608147
"STD",9.41973448530918e-06,9.41972966243747e-06,9.41973772054143e-06,9.41973700360525e-06
"Q.05",0.23964788146379,0.239647891876731,0.239647886685927,0.23964788266371
"Q.95",0.239678869632655,0.239678880029729,0.239678874865435,0.239678870840859
"theta0",1561477864.44081,1561477864.44081,1561477864.44081,1561477864.44081
"theta1",492188659.774635,492188659.774635,492188659.774635,492188659.774635
