"","AA","AB","BA","BB"
"EV",0.415643728281903,0.415643705201715,0.415643709634683,0.415643726697199
"STD",1.70666212835256e-05,1.70666369468842e-05,1.70666316723229e-05,1.70666419965077e-05
"Q.05",0.415615656303006,0.415615633197055,0.415615637638698,0.415615654684233
"Q.95",0.415671800490846,0.415671777436423,0.415671781860714,0.415671798940213
"theta0",487281779.319279,487281779.319279,487281779.319279,487281779.319279
"theta1",346596102.809612,346596102.809612,346596102.809612,346596102.809612
