"","AA","AB","BA","BB"
"EV",0.415686293140951,0.41568629598762,0.415686333412171,0.415686310864831
"STD",1.87037189283971e-05,1.87037261394416e-05,1.87037380467824e-05,1.87037388836483e-05
"Q.05",0.415655528399106,0.415655531233914,0.415655568638879,0.415655546090163
"Q.95",0.415717058158945,0.415717061017475,0.415717098461612,0.415717075915649
"theta0",405695723.789449,405695723.789449,405695723.789449,405695723.789449
"theta1",288615790.096153,288615790.096153,288615790.096153,288615790.096153
