"","AA","AB","BA","BB"
"EV",0.415657926227614,0.415657926020703,0.415657926066138,0.415657926138272
"STD",3.01351508396723e-06,3.01351520200022e-06,3.01351507833365e-06,3.01351520336264e-06
"Q.05",0.415652969439984,0.415652969232879,0.415652969278517,0.415652969350445
"Q.95",0.415662883022416,0.415662882815699,0.41566288286093,0.41566288293327
"theta0",15628726856.6007,15628726856.6007,15628726856.6007,15628726856.6007
"theta1",11117125538.8033,11117125538.8033,11117125538.8033,11117125538.8033
