"","AA","AB","BA","BB"
"EV",0.415592139756553,0.415592138342977,0.415592138793837,0.415592138614419
"STD",2.70079657775209e-06,2.70079663243404e-06,2.70079656005801e-06,2.70079662810591e-06
"Q.05",0.415587697344389,0.415587695930723,0.415587696381702,0.415587696202172
"Q.95",0.415596582174482,0.415596580760996,0.415596581211737,0.41559658103243
"theta0",19458781724.4763,19458781724.4763,19458781724.4763,19458781724.4763
"theta1",13837795920.7726,13837795920.7726,13837795920.7726,13837795920.7726
