"","AA","AB","BA","BB"
"EV",0.27549039355433,0.275490395410227,0.275490392878138,0.275490387025455
"STD",7.24346078633624e-06,7.24346232568281e-06,7.24346180522814e-06,7.24346270006842e-06
"Q.05",0.275478479188688,0.275478481042053,0.27547847851082,0.275478472656665
"Q.95",0.275502308054179,0.275502309912608,0.275502307379664,0.275502301528453
"theta0",2756146019.20404,2756146019.20404,2756146019.20404,2756146019.20404
"theta1",1048007838.21807,1048007838.21807,1048007838.21807,1048007838.21807
