"","AA","AB","BA","BB"
"EV",0.281209975022269,0.266082535519424,0.286528319652515,0.288293793776455
"STD",0.00833062542224396,0.00681426401134357,0.0106850248636707,0.00948102342890697
"Q.05",0.267592957875688,0.25493749377566,0.26908901085507,0.272804635636785
"Q.95",0.294997904546052,0.277354106614277,0.304238966348695,0.303994005906789
"theta0",927.81314607475,927.81314607475,927.81314607475,927.81314607475
"theta1",361.76474642534,361.76474642534,361.76474642534,361.76474642534
