"","AA","AB","BA","BB"
"EV",0.415645050615757,0.415644787536874,0.415644553662909,0.415644864133493
"STD",5.26506902663944e-05,5.26508227653101e-05,5.26503750158144e-05,5.2650615047241e-05
"Q.05",0.415558449031542,0.415558185734726,0.415557952597228,0.415558262673002
"Q.95",0.415731654389352,0.415731391528419,0.415731156917957,0.415731467783363
"theta0",51199016.7924514,51199016.7924514,51199016.7924514,51199016.7924514
"theta1",36417244.6843837,36417244.6843837,36417244.6843837,36417244.6843837
