"","AA","AB","BA","BB"
"EV",0.415664214101036,0.41566422426963,0.41566419548965,0.415664183331255
"STD",2.50471872202099e-05,2.50472511953568e-05,2.50471721784755e-05,2.50472486720139e-05
"Q.05",0.415623015391969,0.415623025455334,0.415622996805323,0.41562298452111
"Q.95",0.41570541330547,0.415705423579294,0.415705394669341,0.415705382636769
"theta0",226228354.217969,226228354.217969,226228354.217969,226228354.217969
"theta1",160926353.557576,160926353.557576,160926353.557576,160926353.557576
