"","AA","AB","BA","BB"
"EV",0.239675678405723,0.23967569647185,0.239675903624693,0.239675679163021
"STD",3.95747509277564e-05,3.95750549992037e-05,3.95749497071088e-05,3.95751242571662e-05
"Q.05",0.23961058627708,0.239610603843094,0.239610811169109,0.239610586420355
"Q.95",0.239740775622163,0.239740794188482,0.239741001168117,0.239740776993581
"theta0",88465707.4304701,88465707.4304701,88465707.4304701,88465707.4304701
"theta1",27886896.3439026,27886896.3439026,27886896.3439026,27886896.3439026
