"","AA","AB","BA","BB"
"EV",0.239668150526732,0.239668331867026,0.239668505308319,0.23966830358874
"STD",4.18516238061539e-05,4.18519341457212e-05,4.18513352696611e-05,4.18518972551485e-05
"Q.05",0.239599313576771,0.239599494406641,0.239599668832912,0.23959946618903
"Q.95",0.239736993167056,0.239737175017852,0.239737347473997,0.239737146678882
"theta0",79101433.1658439,79101433.1658439,79101433.1658439,79101433.1658439
"theta1",24933997.0685743,24933997.0685743,24933997.0685743,24933997.0685743
