"","AA","AB","BA","BB"
"EV",0.275497182251416,0.275497210934004,0.275497187396691,0.275497188500636
"STD",1.70206160228843e-05,1.70206199688041e-05,1.70206315243983e-05,1.70206069649652e-05
"Q.05",0.275469186199918,0.275469214876016,0.275469191319697,0.275469192464037
"Q.95",0.27552517904391,0.275525207732989,0.275525184214685,0.275525185278232
"theta0",499166798.326095,499166798.326095,499166798.326095,499166798.326095
"theta1",189811619.692314,189811619.692314,189811619.692314,189811619.692314
