"","AA","AB","BA","BB"
"EV",0.23965401803929,0.23965401803929,0.23965401803929,0.23965401803929
"STD",8.70227657045657e-11,8.70227657045657e-11,8.70227657045657e-11,8.70227657045657e-11
"Q.05",0.239654017896182,5.562684646268e-309,5.562684646268e-309,5.562684646268e-309
"Q.95",0.239654018182399,1,1,1
"theta0",18295381164561539072,18295381164561539072,18295381164561539072,18295381164561539072
"theta1",5766534856067788800,5766534856067788800,5766534856067788800,5766534856067788800
