"","AA","AB","BA","BB"
"EV",0.415722334530246,0.415722334918797,0.415722334472879,0.415722334954815
"STD",2.09706075210045e-06,2.09706077829589e-06,2.09706075209667e-06,2.09706077686035e-06
"Q.05",0.415718885173996,0.415718885562505,0.41571888511663,0.415718885598525
"Q.95",0.415725783889965,0.41572578427856,0.415725783832598,0.415725784314575
"theta0",32271554565.7413,32271554565.7413,32271554565.7413,32271554565.7413
"theta1",22961695793.6207,22961695793.6207,22961695793.6207,22961695793.6207
