"","AA","AB","BA","BB"
"EV",0.415658624651936,0.415658658555379,0.415658677712596,0.415658630743616
"STD",2.20452303518823e-05,2.20453065918861e-05,2.2045295997564e-05,2.20453169435284e-05
"Q.05",0.415622363666714,0.415622397444755,0.415622416619398,0.415622369615965
"Q.95",0.415694886020925,0.415694920049773,0.415694939189564,0.415694892255038
"theta0",292036556.796702,292036556.796702,292036556.796702,292036556.796702
"theta1",207733921.121049,207733921.121049,207733921.121049,207733921.121049
