"","AA","AB","BA","BB"
"EV",0.239698020724569,0.239698020724569,0.239698020724569,0.239698020724569
"STD",8.27155595311594e-10,8.2715559531159e-10,8.27155595311596e-10,8.27155595311595e-10
"Q.05",5.562684646268e-309,5.562684646268e-309,0.239698019414343,5.562684646268e-309
"Q.95",0.239698022089014,1,0.239698022034554,1
"theta0",202517364185732480,202517364185732480,202517364185732480,202517364185732480
"theta1",63847014319150512,63847014319150512,63847014319150512,63847014319150512
