"","AA","AB","BA","BB"
"EV",0.275499725413261,0.275499746696524,0.275499808051959,0.27549972866844
"STD",2.91289351752789e-05,2.91290172270272e-05,2.91288096611031e-05,2.91289929853156e-05
"Q.05",0.275451813663719,0.275451834812025,0.275451896508859,0.275451816823813
"Q.95",0.275547639333044,0.275547660751276,0.27554772176528,0.275547642683316
"theta0",170430053.268156,170430053.268156,170430053.268156,170430053.268156
"theta1",64808035.0340808,64808035.0340808,64808035.0340808,64808035.0340808
