"","AA","AB","BA","BB"
"EV",0.415652489445363,0.415652393109453,0.415652425750272,0.415652399945952
"STD",2.36907989934346e-05,2.36908707919069e-05,2.36908901663483e-05,2.36909012041074e-05
"Q.05",0.415613521770324,0.415613425316318,0.415613457925269,0.415613432102794
"Q.95",0.415691457563634,0.415691361345824,0.415691394018511,0.415691368232348
"theta0",252877069.370574,252877069.370574,252877069.370574,252877069.370574
"theta1",179874055.2583,179874055.2583,179874055.2583,179874055.2583
