"","AA","AB","BA","BB"
"EV",0.275504943673896,0.275504895018183,0.275504867804151,0.275504888526755
"STD",1.91732345919483e-05,1.91732678659938e-05,1.91732698569226e-05,1.91732817272758e-05
"Q.05",0.275473406979555,0.275473358269113,0.275473331051806,0.275473351754886
"Q.95",0.275536481308468,0.275536432707487,0.27553640549673,0.27553642623886
"theta0",393375169.848644,393375169.848644,393375169.848644,393375169.848644
"theta1",149589398.411158,149589398.411158,149589398.411158,149589398.411158
