"","AA","AB","BA","BB"
"EV",0.415664332105144,0.415664032980584,0.41566437175911,0.41566475602801
"STD",5.78380314943292e-05,5.78375495299708e-05,5.7837947852229e-05,5.78373987626504e-05
"Q.05",0.415569198329888,0.415568899998072,0.415569238121429,0.41556962329347
"Q.95",0.415759468521803,0.415759168604465,0.415759508038185,0.415759891403882
"theta0",42426382.6902112,42426382.6902112,42426382.6902112,42426382.6902112
"theta1",30179805.8696961,30179805.8696961,30179805.8696961,30179805.8696961
