"","AA","AB","BA","BB"
"EV",0.275520757746656,0.275520757779389,0.275520757645706,0.275520757830784
"STD",1.07125566195966e-06,1.07125566787463e-06,1.07125566252476e-06,1.07125566817059e-06
"Q.05",0.275518995689362,0.275518995722086,0.275518995588412,0.275518995773481
"Q.95",0.275522519806884,0.275522519839627,0.275522519705936,0.275522519891023
"theta0",126014334552.376,126014334552.376,126014334552.376,126014334552.376
"theta1",47923477883.9816,47923477883.9816,47923477883.9816,47923477883.9816
