"","AA","AB","BA","BB"
"EV",0.237050347345573,0.241850416113413,0.233519846598968,0.247155586696885
"STD",0.00752187753226927,0.00636453004978731,0.00628613870055929,0.00697321585922848
"Q.05",0.224771956233912,0.231446792431255,0.223247247244709,0.235761097610746
"Q.95",0.249515887745407,0.252383770901847,0.2439262745865,0.25870039406593
"theta0",1909.05756189045,1909.05756189045,1909.05756189045,1909.05756189045
"theta1",602.510524952565,602.510524952565,602.510524952565,602.510524952565
