"","AA","AB","BA","BB"
"EV",0.415656355655014,0.415656542701802,0.415656631699669,0.415656560489547
"STD",3.6268975617352e-05,3.62691607506628e-05,3.6268884809001e-05,3.62691414298386e-05
"Q.05",0.415596699018293,0.415596885760567,0.41559697521231,0.415596903580092
"Q.95",0.415716013330511,0.41571620068182,0.415716289225795,0.415716218437785
"theta0",107893508.87001,107893508.87001,107893508.87001,107893508.87001
"theta1",76747054.5108135,76747054.5108135,76747054.5108135,76747054.5108135
