"","AA","AB","BA","BB"
"EV",0.415655568213508,0.415655581591126,0.415655596200741,0.415655551237838
"STD",2.65570443777475e-05,2.6556986395445e-05,2.65570457154555e-05,2.65569938654935e-05
"Q.05",0.415611886041209,0.415611899514198,0.415611914026241,0.415611869148623
"Q.95",0.415699250942755,0.415699264225,0.415699278932188,0.415699233883999
"theta0",201238427.793834,201238427.793834,201238427.793834,201238427.793834
"theta1",143144814.252748,143144814.252748,143144814.252748,143144814.252748
