"","AA","AB","BA","BB"
"EV",0.415662148117663,0.415662270297041,0.415662269023143,0.415662219306408
"STD",3.0268050239082e-05,3.02680339982326e-05,3.02680910694933e-05,3.02680818700833e-05
"Q.05",0.415612361967144,0.415612484173235,0.415612482805464,0.41561243310386
"Q.95",0.415711934991599,0.415712057144262,0.415712055964239,0.415712006232372
"theta0",154916157.388323,154916157.388323,154916157.388323,154916157.388323
"theta1",110197899.018881,110197899.018881,110197899.018881,110197899.018881
