"","AA","AB","BA","BB"
"EV",0.239540464270868,0.23954046427086,0.239540464270872,0.23954046427088
"STD",1.36536315927504e-08,1.36536315927385e-08,1.36536315927531e-08,1.36536315927468e-08
"Q.05",0.239540441812642,0.239540441812635,0.239540441812647,0.239540441812655
"Q.95",0.239540486729093,0.239540486729086,0.239540486729098,0.239540486729106
"theta0",743078586550618,743078586550618,743078586550618,743078586550618
"theta1",234065563319438,234065563319438,234065563319438,234065563319438
