"","AA","AB","BA","BB"
"EV",0.262692922620509,0.283067641273475,0.304919032392749,0.256173077460346
"STD",0.0100771427897758,0.00747879857934695,0.016172739219756,0.0121616362238922
"Q.05",0.246259644300815,0.270834247811907,0.27859190385403,0.236385581789383
"Q.95",0.279409357512598,0.295437053704167,0.331794650600089,0.276391455055624
"theta0",289.538006126305,289.538006126305,289.538006126305,289.538006126305
"theta1",110.77491185329,110.77491185329,110.77491185329,110.77491185329
