"","AA","AB","BA","BB"
"EV",0.275505730584603,0.275505726258519,0.275505705733089,0.275505709606202
"STD",1.16132175431389e-05,1.16132215395036e-05,1.16132212517941e-05,1.16132234916402e-05
"Q.05",0.275486628714078,0.275486624381421,0.275486603856464,0.275486607725893
"Q.95",0.27552483280007,0.27552482848056,0.275524807954656,0.275524811831453
"theta0",1072246705.23906,1072246705.23906,1072246705.23906,1072246705.23906
"theta1",407746625.215618,407746625.215618,407746625.215618,407746625.215618
