"","AA","AB","BA","BB"
"EV",0.239677821015641,0.23967780786423,0.239677837020917,0.239677856984831
"STD",1.77718828420623e-05,1.77718953217062e-05,1.77718892393311e-05,1.77719012814277e-05
"Q.05",0.239648589382704,0.239648576210766,0.239648605377457,0.239648625321565
"Q.95",0.239707053674594,0.239707040543711,0.239707069690393,0.239707089674115
"theta0",438686932.953966,438686932.953966,438686932.953966,438686932.953966
"theta1",138288131.938073,138288131.938073,138288131.938073,138288131.938073
