"","AA","AB","BA","BB"
"EV",0.415658451715153,0.41565848385834,0.415658514671963,0.415658478722032
"STD",1.91675932274319e-05,1.91676042269327e-05,1.9167613477992e-05,1.91676182690884e-05
"Q.05",0.41562692397497,0.415626956100063,0.41562698689847,0.415626950940659
"Q.95",0.415689979745455,0.415690011906734,0.415690042735575,0.415690006793525
"theta0",386307677.051211,386307677.051211,386307677.051211,386307677.051211
"theta1",274791466.707303,274791466.707303,274791466.707303,274791466.707303
