"","AA","AB","BA","BB"
"EV",0.239662324743879,0.239662335424483,0.239662351374554,0.23966226964189
"STD",2.26037250982557e-05,2.26037283268343e-05,2.26037167685407e-05,2.26037207203683e-05
"Q.05",0.239625145754649,0.239625156429943,0.239625172399025,0.239625090659861
"Q.95",0.239699505393049,0.239699516078963,0.239699532010022,0.239699450283858
"theta0",271175847.872601,271175847.872601,271175847.872601,271175847.872601
"theta1",85476012.3367668,85476012.3367668,85476012.3367668,85476012.3367668
