"","AA","AB","BA","BB"
"EV",0.421284119917314,0.405885257174248,0.420842793698423,0.448945758675581
"STD",0.00895159713074653,0.00831168598342404,0.0163697495239914,0.0158194785105048
"Q.05",0.406589187603168,0.392244201899111,0.394014269909163,0.422982051193951
"Q.95",0.436037915384498,0.419587653962082,0.447869558098798,0.475027092678146
"theta0",345.200209043853,345.200209043853,345.200209043853,345.200209043853
"theta1",254.361755339012,254.361755339012,254.361755339012,254.361755339012
