"","AA","AB","BA","BB"
"EV",0.239677139325324,0.239676719071387,0.239676848786387,0.23967677578035
"STD",4.4206187955595e-05,4.42064470346661e-05,4.42060913900793e-05,4.42064152984657e-05
"Q.05",0.239604429790947,0.239604009110909,0.239604139410838,0.239604065872068
"Q.95",0.23974985520797,0.239749435380226,0.239749564510189,0.239749492036982
"theta0",70900199.7633229,70900199.7633229,70900199.7633229,70900199.7633229
"theta1",22349889.6235944,22349889.6235944,22349889.6235944,22349889.6235944
