"","AA","AB","BA","BB"
"EV",0.275503681502609,0.275503752009966,0.275503647075154,0.275503694424953
"STD",2.70327796940223e-05,2.70326795021806e-05,2.70328200667875e-05,2.7032787905641e-05
"Q.05",0.275459217471432,0.275459288143582,0.275459182977572,0.275459230380269
"Q.95",0.275548147402869,0.275548217745418,0.275548113041824,0.275548160338721
"theta0",197886598.471352,197886598.471352,197886598.471352,197886598.471352
"theta1",75250195.6959821,75250195.6959821,75250195.6959821,75250195.6959821
