"","AA","AB","BA","BB"
"EV",0.415657043771893,0.415657074674015,0.415657082879981,0.415657090745399
"STD",2.13835245339185e-05,2.13835065272569e-05,2.13835376459896e-05,2.13835258488734e-05
"Q.05",0.415621871184543,0.415621902116284,0.415621910271064,0.415621918155887
"Q.95",0.415692216720324,0.415692247592828,0.41569225584998,0.415692263695994
"theta0",310392331.413768,310392331.413768,310392331.413768,310392331.413768
"theta1",220789474.817552,220789474.817552,220789474.817552,220789474.817552
