"","AA","AB","BA","BB"
"EV",0.415625712162888,0.415625719155306,0.415625698374079,0.415625710965701
"STD",1.42104441900183e-05,1.42104508822284e-05,1.42104422374754e-05,1.42104499911272e-05
"Q.05",0.415602338141983,0.415602345123394,0.415602324356386,0.415602336935254
"Q.95",0.415649086343319,0.415649093346744,0.415649072551299,0.415649085155674
"theta0",702859619.899737,702859619.899737,702859619.899737,702859619.899737
"theta1",499896271.447622,499896271.447622,499896271.447622,499896271.447622
