"","AA","AB","BA","BB"
"EV",0.275499192279036,0.275499192715527,0.275499192598088,0.275499195856502
"STD",5.80152871572658e-06,5.80152931973484e-06,5.80152807311472e-06,5.80152914603982e-06
"Q.05",0.27548964965653,0.275489650092028,0.275489649976639,0.275489653233288
"Q.95",0.27550873498763,0.275508735425114,0.275508735305625,0.275508738565804
"theta0",4296482634.10642,4296482634.10642,4296482634.10642,4296482634.10642
"theta1",1633783550.1948,1633783550.1948,1633783550.1948,1633783550.1948
