"","AA","AB","BA","BB"
"EV",0.275497065892195,0.275497018965575,0.275496973733677,0.275496852406695
"STD",3.32310430811036e-05,3.32311279230183e-05,3.32309273018034e-05,3.32310699420866e-05
"Q.05",0.275442407102761,0.275442360036597,0.275442315134675,0.275442193573084
"Q.95",0.275551727506211,0.275551680719152,0.275551635157245,0.275551514064899
"theta0",130950058.74482,130950058.74482,130950058.74482,130950058.74482
"theta1",49794609.9673702,49794609.9673702,49794609.9673702,49794609.9673702
