"","AA","AB","BA","BB"
"EV",0.415636243968511,0.415636240061197,0.415636243416022,0.415636285274638
"STD",1.90296681851148e-05,1.90296617896745e-05,1.9029669841252e-05,1.90296622020173e-05
"Q.05",0.415604943092793,0.415604939195998,0.41560494253758,0.415604984408761
"Q.95",0.415667545130267,0.415667541212433,0.415667544580502,0.415667586426552
"theta0",391937362.35722,391937362.35722,391937362.35722,391937362.35722
"theta1",278770504.88793,278770504.88793,278770504.88793,278770504.88793
