"","AA","AB","BA","BB"
"EV",0.415649532848211,0.415649536427466,0.415649534211048,0.415649532978741
"STD",4.6885206746754e-06,4.68852068792917e-06,4.688520612608e-06,4.68852063478847e-06
"Q.05",0.415641820926655,0.415641824505887,0.415641822289594,0.41564182105725
"Q.95",0.415657244787128,0.415657248366405,0.415657246149863,0.415657244917592
"theta0",6456577394.88133,6456577394.88133,6456577394.88133,6456577394.88133
"theta1",4592575077.52354,4592575077.52354,4592575077.52354,4592575077.52354
