"","AA","AB","BA","BB"
"EV",0.239685355904905,0.239685355108997,0.239685364200203,0.23968535319408
"STD",6.83964898326782e-06,6.83964981387007e-06,6.8396481864307e-06,6.83964951511647e-06
"Q.05",0.239674105759448,0.239674104962175,0.239674114056058,0.239674103047749
"Q.95",0.239696606202322,0.239696605407781,0.23969661449631,0.239696603492372
"theta0",2961831844.548,2961831844.548,2961831844.548,2961831844.548
"theta1",933702553.25694,933702553.25694,933702553.25694,933702553.25694
