"","AA","AB","BA","BB"
"EV",0.41563976310816,0.415639689458054,0.415639730098769,0.41563971837258
"STD",1.97996603541692e-05,1.97996878107221e-05,1.97996723350157e-05,1.97996932346748e-05
"Q.05",0.415607195719831,0.415607122024563,0.415607162690733,0.415607150930168
"Q.95",0.415672330806129,0.415672257201185,0.415672297816445,0.415672286124634
"theta0",362043777.13387,362043777.13387,362043777.13387,362043777.13387
"theta1",257511987.959113,257511987.959113,257511987.959113,257511987.959113
