"","AA","AB","BA","BB"
"EV",0.239685180314439,0.239685186900267,0.239685206107192,0.239685223836264
"STD",1.83525039247435e-05,1.83525233129059e-05,1.83524832994129e-05,1.83525164966263e-05
"Q.05",0.239654993678849,0.239655000232789,0.239655019505528,0.239655037179997
"Q.95",0.239715368044126,0.239715374661847,0.239715393802953,0.239715411586631
"theta0",411373309.369911,411373309.369911,411373309.369911,411373309.369911
"theta1",129683249.046459,129683249.046459,129683249.046459,129683249.046459
