"","AA","AB","BA","BB"
"EV",0.239660106261602,0.239660251598903,0.239660182149966,0.239660167852716
"STD",2.57705127615735e-05,2.57706344823218e-05,2.57706616989576e-05,2.57706892086924e-05
"Q.05",0.239617718619068,0.239617863756166,0.239617794262464,0.239617779919967
"Q.95",0.239702496061804,0.239702641599328,0.239702572195161,0.239702557943163
"theta0",208621505.941016,208621505.941016,208621505.941016,208621505.941016
"theta1",65757790.7874565,65757790.7874565,65757790.7874565,65757790.7874565
