"","AA","AB","BA","BB"
"EV",0.413441679262398,0.419443100083501,0.414853419244454,0.414862132684485
"STD",0.00479125143873374,0.00508919724767286,0.00556090434134981,0.00563056882113712
"Q.05",0.40557004591954,0.411081805096713,0.405718811914917,0.405613244543871
"Q.95",0.421331948311686,0.427823882558669,0.424012697479705,0.424136311116052
"theta0",4300.80324314403,4300.80324314403,4300.80324314403,4300.80324314403
"theta1",3059.17578910762,3059.17578910762,3059.17578910762,3059.17578910762
