"","AA","AB","BA","BB"
"EV",0.415658870235857,0.415658871007108,0.415658871013464,0.415658871244271
"STD",2.53925166907188e-06,2.53925162896987e-06,2.53925169621531e-06,2.53925168155528e-06
"Q.05",0.415654693541085,0.415654694312402,0.415654694318647,0.415654694549479
"Q.95",0.41566304693572,0.415663047706905,0.415663047713372,0.415663047944155
"theta0",22011946764.9123,22011946764.9123,22011946764.9123,22011946764.9123
"theta1",15657739087.7363,15657739087.7363,15657739087.7363,15657739087.7363
