"","AA","AB","BA","BB"
"EV",0.415669442490817,0.415669470342014,0.415669441896385,0.41566950121458
"STD",1.89063103066592e-05,1.89063173480077e-05,1.89062973369632e-05,1.89063097183098e-05
"Q.05",0.415638344518846,0.415638372358461,0.415638343945747,0.415638403243577
"Q.95",0.415700540745011,0.415700568607791,0.415700540129246,0.415700599467807
"theta0",397055150.224164,397055150.224164,397055150.224164,397055150.224164
"theta1",282449215.490536,282449215.490536,282449215.490536,282449215.490536
