"","AA","AB","BA","BB"
"EV",0.239656721044842,0.239656725245546,0.239656723754537,0.239656717105988
"STD",1.6000504773466e-05,1.60005065105558e-05,1.60004875256223e-05,1.60004917010767e-05
"Q.05",0.239630402972433,0.23963040717028,0.239630405710497,0.23963039905508
"Q.95",0.239683039949045,0.239683044152606,0.239683042630369,0.239683035988688
"theta0",541179250.051786,541179250.051786,541179250.051786,541179250.051786
"theta1",170577223.020227,170577223.020227,170577223.020227,170577223.020227
