"","AA","AB","BA","BB"
"EV",0.415649065794367,0.415649103541697,0.415649049248238,0.415649114430858
"STD",3.42154187419566e-05,3.42156016724477e-05,3.42154131030911e-05,3.42156010597021e-05
"Q.05",0.415592786901014,0.415592824347456,0.415592770364161,0.415592835237624
"Q.95",0.415705345612278,0.415705383660507,0.415705329056874,0.415705394548659
"theta0",121234193.613974,121234193.613974,121234193.613974,121234193.613974
"theta1",86233939.1923945,86233939.1923945,86233939.1923945,86233939.1923945
