"","AA","AB","BA","BB"
"EV",0.239664037188326,0.239664022198812,0.239664043875943,0.239664018856629
"STD",1.97529335076174e-05,1.97529029073828e-05,1.97529687376312e-05,1.97529632945496e-05
"Q.05",0.239631547137822,0.239631532198639,0.239631553767493,0.239631528757132
"Q.95",0.239696528506454,0.239696513466605,0.239696535252021,0.239696510223753
"theta0",355098589.184304,355098589.184304,355098589.184304,355098589.184304
"theta1",111929939.553329,111929939.553329,111929939.553329,111929939.553329
