"","AA","AB","BA","BB"
"EV",0.416326795758703,0.415639242748533,0.415160208991083,0.415549676945018
"STD",0.00229011645767724,0.00229614778910411,0.00228455970415079,0.00229331512210541
"Q.05",0.412561937976886,0.411864493070696,0.411404511534134,0.4117795838102
"Q.95",0.420095760432873,0.419418156884899,0.418920053770678,0.419323928938707
"theta0",26158.6574271701,26158.6574271701,26158.6574271701,26158.6574271701
"theta1",18608.1892820209,18608.1892820209,18608.1892820209,18608.1892820209
