"","AA","AB","BA","BB"
"EV",0.239638536078129,0.239638536078129,0.239638536078129,0.239638536078129
"STD",1.4215600125611e-10,1.4215600125611e-10,1.4215600125611e-10,1.4215600125611e-10
"Q.05",0.239638535844354,0.239638535844354,5.562684646268e-309,5.562684646268e-309
"Q.95",0.239638536311903,0.239638536311903,1,1
"theta0",6855931299129359360,6855931299129359360,6855931299129359360,6855931299129359360
"theta1",2160742512516912896,2160742512516912896,2160742512516912896,2160742512516912896
