"","AA","AB","BA","BB"
"EV",0.415639933342436,0.415640034639435,0.415640127205865,0.415639987731038
"STD",3.74493663568784e-05,3.74495649948485e-05,3.74492733008637e-05,3.74495510857484e-05
"Q.05",0.415578335170195,0.415578436140469,0.415578529186683,0.41557838925495
"Q.95",0.415701532622396,0.415701634246131,0.415701726332757,0.415701587314855
"theta0",101200783.457174,101200783.457174,101200783.457174,101200783.457174
"theta1",71981479.2244638,71981479.2244638,71981479.2244638,71981479.2244638
