"","AA","AB","BA","BB"
"EV",0.415658105107486,0.415658104544791,0.415658108903515,0.415658101429008
"STD",8.30275713710571e-06,8.30275886749661e-06,8.30275836517221e-06,8.30275941699956e-06
"Q.05",0.415644448314513,0.415644447748972,0.415644452108523,0.415644444632285
"Q.95",0.415671761954895,0.415671761395046,0.415671765752944,0.415671758280167
"theta0",2058852861.91773,2058852861.91773,2058852861.91773,2058852861.91773
"theta1",1464517410.72894,1464517410.72894,1464517410.72894,1464517410.72894
