"","AA","AB","BA","BB"
"EV",0.415662763819989,0.415662799723452,0.415662769988793,0.415662788591144
"STD",2.07442520307765e-05,2.07442382866429e-05,2.07442402041145e-05,2.07442022074028e-05
"Q.05",0.415628642731689,0.415628678657759,0.415628648919947,0.415628667584796
"Q.95",0.415696885248079,0.415696921128935,0.41569689139743,0.415696909937282
"theta0",329816444.83733,329816444.83733,329816444.83733,329816444.83733
"theta1",234611823.388827,234611823.388827,234611823.388827,234611823.388827
