"","AA","AB","BA","BB"
"EV",0.415694158227442,0.415694158924823,0.415694173235256,0.415694161364947
"STD",9.8043400253227e-06,9.80434133334387e-06,9.80433640777845e-06,9.80433968097212e-06
"Q.05",0.415678031561127,0.415678032256356,0.415678046574892,0.415678034699199
"Q.95",0.415710284969629,0.415710285669161,0.415710299971493,0.415710288106568
"theta0",1476445587.30739,1476445587.30739,1476445587.30739,1476445587.30739
"theta1",1050391376.68148,1050391376.68148,1050391376.68148,1050391376.68148
