"","AA","AB","BA","BB"
"EV",0.420467902304206,0.417723250743525,0.40790028501867,0.418482495197346
"STD",0.00717889245914665,0.00725176948057562,0.00692711695382959,0.0072583325366432
"Q.05",0.408678654279446,0.405815229158973,0.396526875268055,0.406563516694221
"Q.95",0.432295414250002,0.429671738543601,0.419315319193046,0.430441618592325
"theta0",1893.56166510658,1893.56166510658,1893.56166510658,1893.56166510658
"theta1",1349.63407780224,1349.63407780224,1349.63407780224,1349.63407780224
