"","AA","AB","BA","BB"
"EV",0.415669791695609,0.415669835340346,0.415669912718518,0.41566982703826
"STD",2.49364718246873e-05,2.49365240414377e-05,2.49364241301896e-05,2.49365157340505e-05
"Q.05",0.41562877509496,0.415628818653808,0.415628896196318,0.415628810365386
"Q.95",0.415710808787221,0.415710852517847,0.415710929731678,0.415710844202096
"theta0",228240656.157133,228240656.157133,228240656.157133,228240656.157133
"theta1",162361562.353804,162361562.353804,162361562.353804,162361562.353804
