"","AA","AB","BA","BB"
"EV",0.239643675013085,0.239643675003176,0.239643675027283,0.239643675041807
"STD",4.57531382261087e-07,4.57531381800991e-07,4.57531382654604e-07,4.57531382603388e-07
"Q.05",0.239642922441271,0.239642922431363,0.239642922455469,0.239642922469993
"Q.95",0.239644427585578,0.239644427575669,0.239644427599777,0.239644427614301
"theta0",661848395466.307,661848395466.307,661848395466.307,661848395466.307
"theta1",208596649473.423,208596649473.423,208596649473.423,208596649473.423
