"","AA","AB","BA","BB"
"EV",0.275506123704022,0.275506164244795,0.275506234404606,0.275506164165858
"STD",2.47041566755859e-05,2.47041193173763e-05,2.47041452488159e-05,2.47040744859143e-05
"Q.05",0.275465489762778,0.275465530364997,0.275465600482156,0.275465530359799
"Q.95",0.275546759206184,0.275546799685505,0.275546869887971,0.275546799532825
"theta0",236951681.506301,236951681.506301,236951681.506301,236951681.506301
"theta1",90106565.5543046,90106565.5543046,90106565.5543046,90106565.5543046
