"","AA","AB","BA","BB"
"EV",0.415648963543283,0.415648999665257,0.415648966124137,0.415648961357355
"STD",1.94040367622732e-05,1.94040165363821e-05,1.94040343431972e-05,1.94040107886795e-05
"Q.05",0.415617046891712,0.415617083046954,0.415617049476544,0.415617044748507
"Q.95",0.41568088049221,0.415680916580915,0.415680883069084,0.415680878263559
"theta0",376955154.626039,376955154.626039,376955154.626039,376955154.626039
"theta1",268128257.543094,268128257.543094,268128257.543094,268128257.543094
