"","AA","AB","BA","BB"
"EV",0.239656728691476,0.239656716973354,0.239656719018995,0.239656722467086
"STD",1.60005009355412e-05,1.60004947890766e-05,1.60005008605478e-05,1.60004939255341e-05
"Q.05",0.239630410625379,0.239630398917368,0.239630400953022,0.23963040441252
"Q.95",0.239683047589366,0.239683035861134,0.239683037916761,0.239683041353445
"theta0",541179250.051786,541179250.051786,541179250.051786,541179250.051786
"theta1",170577223.020227,170577223.020227,170577223.020227,170577223.020227
