"","AA","AB","BA","BB"
"EV",0.275509532840443,0.275509809713805,0.275506594696761,0.275507456115149
"STD",0.000131131954386813,0.000131137412384069,0.000131137034240555,0.000131140483093955
"Q.05",0.275293861960128,0.275294129857673,0.275290915462967,0.275291771209525
"Q.95",0.275725247699951,0.275725533552709,0.275722317914021,0.275723185006298
"theta0",8408072.66722101,8408072.66722101,8408072.66722101,8408072.66722101
"theta1",3197406.37226579,3197406.37226579,3197406.37226579,3197406.37226579
