"","AA","AB","BA","BB"
"EV",0.415646727996824,0.41564673502416,0.415646728817332,0.415646726274522
"STD",6.86946599410134e-06,6.86946546365824e-06,6.86946699504851e-06,6.86946688287687e-06
"Q.05",0.415635428749403,0.415635435777612,0.415635429568265,0.415635427025639
"Q.95",0.415658027281514,0.415658034307978,0.415658028103669,0.415658025560675
"theta0",3007663182.02038,3007663182.02038,3007663182.02038,3007663182.02038
"theta1",2139331511.06248,2139331511.06248,2139331511.06248,2139331511.06248
