"","AA","AB","BA","BB"
"EV",0.239661901535821,0.239661876452062,0.239661885907814,0.239661879837139
"STD",1.53624883568526e-05,1.5362525689588e-05,1.53625323436739e-05,1.53625230081845e-05
"Q.05",0.239636632874509,0.239636607729345,0.239636617174152,0.239636611118832
"Q.95",0.239687170963888,0.239687145941538,0.239687155408234,0.239687149322204
"theta0",587065925.754467,587065925.754467,587065925.754467,587065925.754467
"theta1",185045737.298753,185045737.298753,185045737.298753,185045737.298753
