"","AA","AB","BA","BB"
"EV",0.415070270925338,0.416194578970316,0.415949580225403,0.415513582394969
"STD",0.00231573443943766,0.00234511983269838,0.00228811410727177,0.00233321366385349
"Q.05",0.411263354769559,0.412339351757187,0.412188022226817,0.411677935702245
"Q.95",0.418881453152932,0.420054119926295,0.419715257492434,0.419353535868077
"theta0",25481.4594736538,25481.4594736538,25481.4594736538,25481.4594736538
"theta1",18127.4308537818,18127.4308537818,18127.4308537818,18127.4308537818
