"","AA","AB","BA","BB"
"EV",0.275538430183883,0.274289331354453,0.274544762015882,0.27654542268316
"STD",0.00318642447446153,0.00313531470669837,0.00321623635156442,0.00307793420509542
"Q.05",0.270310223250975,0.269144884870763,0.269267852114762,0.271494714195618
"Q.95",0.280792601981443,0.27945912768344,0.279848301690871,0.281620194862917
"theta0",13453.4117186024,13453.4117186024,13453.4117186024,13453.4117186024
"theta1",5108.89432604732,5108.89432604732,5108.89432604732,5108.89432604732
