"","AA","AB","BA","BB"
"EV",0.275504134288931,0.275504126869638,0.275504157727857,0.27550409742958
"STD",2.77231119053832e-05,2.77232755878639e-05,2.77232436176037e-05,2.7723298955648e-05
"Q.05",0.27545853481065,0.275458527122135,0.275458558032938,0.275458497643642
"Q.95",0.275549735732969,0.275549728582922,0.275549759388552,0.275549699181302
"theta0",188152366.214346,188152366.214346,188152366.214346,188152366.214346
"theta1",71548722.1835388,71548722.1835388,71548722.1835388,71548722.1835388
