"","AA","AB","BA","BB"
"EV",0.415646605058348,0.415646596294027,0.415646541419839,0.415646612587382
"STD",2.10278116422998e-05,2.10278127841439e-05,2.1027788477001e-05,2.10277935138679e-05
"Q.05",0.415612017560705,0.415612008794506,0.4156119539603,0.415612025119558
"Q.95",0.415681192905206,0.415681184142763,0.415681129228593,0.415681200404421
"theta0",320986268.216403,320986268.216403,320986268.216403,320986268.216403
"theta1",228315339.45706,228315339.45706,228315339.45706,228315339.45706
