"","AA","AB","BA","BB"
"EV",0.415662456938192,0.41566241615729,0.415662488312192,0.415662377534055
"STD",3.87139226046637e-05,3.87141431505241e-05,3.87138733375048e-05,3.87141833627333e-05
"Q.05",0.415598778793887,0.415598737650227,0.415598810248923,0.41559869896085
"Q.95",0.415726136265954,0.415726095847825,0.415726167558915,0.415726057290734
"theta0",94695113.7801892,94695113.7801892,94695113.7801892,94695113.7801892
"theta1",67360381.9067342,67360381.9067342,67360381.9067342,67360381.9067342
