"","AA","AB","BA","BB"
"EV",0.275488424066702,0.27548840296036,0.275488420411798,0.275488425844075
"STD",1.32456418324382e-05,1.3245633635568e-05,1.32456485368344e-05,1.32456468887616e-05
"Q.05",0.275466637149086,0.275466616056226,0.275466633483154,0.275466638918141
"Q.95",0.275510211433103,0.275510190313278,0.275510207789227,0.275510213218792
"theta0",824227994.849863,824227994.849863,824227994.849863,824227994.849863
"theta1",313404605.748993,313404605.748993,313404605.748993,313404605.748993
