"","AA","AB","BA","BB"
"EV",0.415650180840965,0.41565042473667,0.415650827261243,0.415650225767227
"STD",6.02326722183379e-05,6.0233675557043e-05,6.02327109314487e-05,6.02337024360436e-05
"Q.05",0.415551108344098,0.415551350589501,0.415551754700689,0.415551151575851
"Q.95",0.415749256202993,0.415749501749086,0.415749902686939,0.415749302823861
"theta0",39119399.6705729,39119399.6705729,39119399.6705729,39119399.6705729
"theta1",27825799.9849182,27825799.9849182,27825799.9849182,27825799.9849182
