"","AA","AB","BA","BB"
"EV",0.407734051488101,0.409227644330579,0.420515258069194,0.410635731176435
"STD",0.00755183593585511,0.00868874214874291,0.00617372118384091,0.00802668412096316
"Q.05",0.395337005028686,0.394967924888256,0.41037443258043,0.39745986873373
"Q.95",0.420180667102099,0.423551853673245,0.43068436228118,0.423865715700222
"theta0",1698.28003304704,1698.28003304704,1698.28003304704,1698.28003304704
"theta1",1190.08850577698,1190.08850577698,1190.08850577698,1190.08850577698
