"","AA","AB","BA","BB"
"EV",0.27549750026616,0.275497571772895,0.275497524133685,0.275497497512461
"STD",1.95899921387849e-05,1.95899678193092e-05,1.95899998023283e-05,1.95899823415512e-05
"Q.05",0.275465278087341,0.275465349634076,0.27546530194226,0.275465275349756
"Q.95",0.275529723426578,0.275529794893309,0.275529747306708,0.275529720656763
"theta0",376814805.357154,376814805.357154,376814805.357154,376814805.357154
"theta1",143286667.767179,143286667.767179,143286667.767179,143286667.767179
