"","AA","AB","BA","BB"
"EV",0.239657396336295,0.239657405755646,0.239657386960102,0.239657404355049
"STD",1.18598910547245e-05,1.18598863669432e-05,1.18598901863651e-05,1.18598849333962e-05
"Q.05",0.239637888779975,0.239637898207037,0.239637879405211,0.239637896808798
"Q.95",0.239676904349606,0.239676913761246,0.239676894971985,0.239676912358291
"theta0",985026236.910202,985026236.910202,985026236.910202,985026236.910202
"theta1",310476914.890757,310476914.890757,310476914.890757,310476914.890757
