"","AA","AB","BA","BB"
"EV",0.275433194764804,0.275433194773567,0.275433194657003,0.275433194784094
"STD",9.20074511629005e-07,9.20074513849003e-07,9.20074510891e-07,9.20074513551582e-07
"Q.05",0.27543168137799,0.275431681386749,0.27543168127019,0.275431681397276
"Q.95",0.275434708153785,0.275434708162552,0.275434708045982,0.275434708173077
"theta0",170815447766.129,170815447766.129,170815447766.129,170815447766.129
"theta1",64932928404.4831,64932928404.4831,64932928404.4831,64932928404.4831
