"","AA","AB","BA","BB"
"EV",0.415685236517805,0.415685235446453,0.415685220260651,0.415685263503019
"STD",1.622505773877e-05,1.62250598693381e-05,1.6225055405094e-05,1.62250580578156e-05
"Q.05",0.415658548776639,0.415658547701783,0.415658532523324,0.415658575761328
"Q.95",0.415711924466781,0.415711923398933,0.415711908205789,0.415711951452519
"theta0",539119579.718219,539119579.718219,539119579.718219,539119579.718219
"theta1",383533099.420649,383533099.420649,383533099.420649,383533099.420649
