"","AA","AB","BA","BB"
"EV",0.415652050466456,0.415661724846618,0.41565059153487,0.415656554661543
"STD",0.000261867164119651,0.000261833745301594,0.000261918615321036,0.000261930292010145
"Q.05",0.415221344381918,0.415231073720948,0.415219800831769,0.415225744752384
"Q.95",0.416082810705786,0.416092430106684,0.416081436415036,0.416087418748542
"theta0",2068508.0306133,2068508.0306133,2068508.0306133,2068508.0306133
"theta1",1471367.97590619,1471367.97590619,1471367.97590619,1471367.97590619
