"","AA","AB","BA","BB"
"EV",0.270529494640053,0.275332043653773,0.282019353179296,0.283350287682139
"STD",0.00650358059398512,0.00629521953911498,0.00785619426948352,0.00775706386180256
"Q.05",0.25988811945991,0.265028179618782,0.269172797399965,0.270664219639888
"Q.95",0.281282748950677,0.285737414863334,0.295017073318432,0.296182410432614
"theta0",1863.7649407405,1863.7649407405,1863.7649407405,1863.7649407405
"theta1",716.940370492683,716.940370492683,716.940370492683,716.940370492683
