"","AA","AB","BA","BB"
"EV",0.224783568489483,0.252291604960589,0.255430478687893,0.276427846480183
"STD",0.00703888732215281,0.0135922816836314,0.00879794616364676,0.0193525273358188
"Q.05",0.213295081363532,0.230212329182488,0.241072841477596,0.245075867062478
"Q.95",0.23645007813672,0.274923361428345,0.270014605721876,0.308734466017241
"theta0",279.705774633652,279.705774633652,279.705774633652,279.705774633652
"theta1",94.3520175400603,94.3520175400603,94.3520175400603,94.3520175400603
