"","AA","AB","BA","BB"
"EV",0.239687874005056,0.239687872960937,0.239687875415767,0.239687875225326
"STD",7.54393551287413e-06,7.54393257089118e-06,7.54393689685117e-06,7.54393647898335e-06
"Q.05",0.239675465427799,0.239675464388519,0.239675466836233,0.23967546664648
"Q.95",0.239700282767178,0.23970028171822,0.239700284180165,0.239700283989037
"theta0",2434634519.52972,2434634519.52972,2434634519.52972,2434634519.52972
"theta1",767516856.964044,767516856.964044,767516856.964044,767516856.964044
