"","AA","AB","BA","BB"
"EV",0.239680100345038,0.239680174827615,0.239680159916746,0.239680146442942
"STD",2.92093381922051e-05,2.92094976099552e-05,2.92094253283326e-05,2.92095183748195e-05
"Q.05",0.239632056644974,0.239632130865347,0.239632116073364,0.239632102446521
"Q.95",0.23972814681666,0.239728221561471,0.239728206531702,0.239728193210955
"theta0",162395895.81394,162395895.81394,162395895.81394,162395895.81394
"theta1",51193023.1596937,51193023.1596937,51193023.1596937,51193023.1596937
