"","AA","AB","BA","BB"
"EV",0.415657926125622,0.415657926115653,0.415657925984854,0.415657926226598
"STD",3.01351514312609e-06,3.0135150183875e-06,3.01351521362428e-06,3.01351519252586e-06
"Q.05",0.415652969337895,0.41565296932813,0.415652969197011,0.41565296943879
"Q.95",0.415662882920521,0.415662882910346,0.415662882779869,0.415662883021578
"theta0",15628726856.6007,15628726856.6007,15628726856.6007,15628726856.6007
"theta1",11117125538.8033,11117125538.8033,11117125538.8033,11117125538.8033
