"","AA","AB","BA","BB"
"EV",0.275500368325107,0.275500379308157,0.275500382480365,0.275500385853444
"STD",1.41910914299129e-05,1.41910931873742e-05,1.41910849263228e-05,1.41910877435626e-05
"Q.05",0.275477026314447,0.275477037294607,0.275477040480402,0.275477043848848
"Q.95",0.275523710850863,0.275523721836804,0.275523724995423,0.275523728373136
"theta0",718069363.289961,718069363.289961,718069363.289961,718069363.289961
"theta1",273055190.079199,273055190.079199,273055190.079199,273055190.079199
