"","AA","AB","BA","BB"
"EV",0.415666740485352,0.41566673999746,0.41566674333464,0.415666740841076
"STD",5.27234281290417e-06,5.27234251423333e-06,5.27234272368807e-06,5.2723423534632e-06
"Q.05",0.415658068264128,0.415658067776727,0.415658071113563,0.415658068620608
"Q.95",0.415675412728525,0.415675412240141,0.415675415577666,0.415675413083493
"theta0",5105745544.35724,5105745544.35724,5105745544.35724,5105745544.35724
"theta1",3631983255.38142,3631983255.38142,3631983255.38142,3631983255.38142
