"","AA","AB","BA","BB"
"EV",0.239690499217948,0.239690511318786,0.239690508522352,0.239690504913441
"STD",9.86901555135909e-06,9.86901638916574e-06,9.86902139743422e-06,9.86902128326589e-06
"Q.05",0.239674266290111,0.239674278389571,0.239674275584899,0.239674271976176
"Q.95",0.239706732462157,0.239706744564373,0.239706741776177,0.239706738167078
"theta0",1422601850.97808,1422601850.97808,1422601850.97808,1422601850.97808
"theta1",448480730.806362,448480730.806362,448480730.806362,448480730.806362
