"","AA","AB","BA","BB"
"EV",0.239693309351035,0.23969330245529,0.239693299602752,0.239693327872472
"STD",1.50056350819322e-05,1.50056307347394e-05,1.50056327501194e-05,1.50056285170085e-05
"Q.05",0.239668627643445,0.239668620754851,0.239668617898998,0.23966864617568
"Q.95",0.239717991790018,0.239717984887122,0.239717982037899,0.239718010300656
"theta0",615352766.216495,615352766.216495,615352766.216495,615352766.216495
"theta1",193995322.117265,193995322.117265,193995322.117265,193995322.117265
