"","AA","AB","BA","BB"
"EV",0.275506805151691,0.275506790192467,0.275506778129743,0.275506741923604
"STD",1.83329418999308e-05,1.83329710102065e-05,1.83329733854063e-05,1.83329824708687e-05
"Q.05",0.275476650575523,0.275476635568418,0.275476623501787,0.275476587280705
"Q.95",0.275536960587472,0.275536945676131,0.275536933617313,0.27553689742612
"theta0",430263312.33007,430263312.33007,430263312.33007,430263312.33007
"theta1",163618451.883469,163618451.883469,163618451.883469,163618451.883469
