"","AA","AB","BA","BB"
"EV",0.415660693101515,0.415660693063009,0.415660693191602,0.415660693214493
"STD",1.22820104217158e-06,1.22820104449311e-06,1.22820104345335e-06,1.22820104528618e-06
"Q.05",0.415658672891171,0.415658672852662,0.415658672981257,0.415658673004145
"Q.95",0.415662713313049,0.415662713274547,0.415662713403139,0.415662713426033
"theta0",94087132179.0552,94087132179.0552,94087132179.0552,94087132179.0552
"theta1",66927420624.303,66927420624.303,66927420624.303,66927420624.303
