"","AA","AB","BA","BB"
"EV",0.415664183013035,0.415664021372374,0.415664377491031,0.415664128320819
"STD",4.33836606062238e-05,4.3383900055716e-05,4.33837311083796e-05,4.33839209975288e-05
"Q.05",0.415592823984576,0.415592661950065,0.415593018346607,0.415592768864063
"Q.95",0.415735543527639,0.415735382280847,0.415735738121601,0.415735489263737
"theta0",75406242.8353757,75406242.8353757,75406242.8353757,75406242.8353757
"theta1",53639829.5567142,53639829.5567142,53639829.5567142,53639829.5567142
