"","AA","AB","BA","BB"
"EV",0.233704120647437,0.254101385944284,0.230652673860395,0.254982256102119
"STD",0.00639616749342261,0.00873602634625939,0.0115271875812987,0.0146059085773107
"Q.05",0.223252831012468,0.239845006014183,0.211923441474672,0.231273149596656
"Q.95",0.244293794661191,0.268583063134441,0.249841053567024,0.279318117144126
"theta0",577.671127154555,577.671127154555,577.671127154555,577.671127154555
"theta1",185.799133899237,185.799133899237,185.799133899237,185.799133899237
