"","AA","AB","BA","BB"
"EV",0.275483837805668,0.275483829831007,0.275483833834195,0.275483839407422
"STD",1.07313174151925e-05,1.07313215014715e-05,1.07313144354488e-05,1.07313209607435e-05
"Q.05",0.275466186506589,0.275466178525207,0.275466182540016,0.275466188102511
"Q.95",0.275501489399333,0.275501481431393,0.275501485422958,0.275501491006919
"theta0",1255699513.19511,1255699513.19511,1255699513.19511,1255699513.19511
"theta1",477456452.412193,477456452.412193,477456452.412193,477456452.412193
