"","AA","AB","BA","BB"
"EV",0.415657777401113,0.415657788432824,0.415657703831587,0.415657753781691
"STD",2.50347749199322e-05,2.50348275675406e-05,2.50348466642101e-05,2.50348730030326e-05
"Q.05",0.415616599108238,0.415616610053351,0.415616525420704,0.415616575327485
"Q.95",0.415698956188904,0.415698967307213,0.415698882737388,0.415698932730816
"theta0",226453717.499187,226453717.499187,226453717.499187,226453717.499187
"theta1",161082387.875733,161082387.875733,161082387.875733,161082387.875733
