"","AA","AB","BA","BB"
"EV",0.415637632472586,0.415637633498074,0.415637632224787,0.415637633260011
"STD",4.60680863211601e-06,4.60680901133459e-06,4.60680910489922e-06,4.6068092178566e-06
"Q.05",0.41563005495508,0.415630055979945,0.415630054706504,0.415630055741542
"Q.95",0.415645210006855,0.415645211032967,0.415645209759834,0.415645210795243
"theta0",6687732185.77834,6687732185.77834,6687732185.77834,6687732185.77834
"theta1",4756762808.86624,4756762808.86624,4756762808.86624,4756762808.86624
