"","AA","AB","BA","BB"
"EV",0.239685988396173,0.239685988870433,0.239685988098407,0.239685988221167
"STD",4.29577889565874e-06,4.29577875762865e-06,4.2957792405273e-06,4.29577931588326e-06
"Q.05",0.239678922498648,0.239678922973135,0.239678922200315,0.239678922322951
"Q.95",0.239693054353642,0.239693054827675,0.239693054056444,0.239693054179328
"theta0",7508353244.8061,7508353244.8061,7508353244.8061,7508353244.8061
"theta1",2366978697.30576,2366978697.30576,2366978697.30576,2366978697.30576
