"","AA","AB","BA","BB"
"EV",0.239658720776097,0.239658719361388,0.239658719361388,0.239658718096828
"STD",1.67448843577019e-05,1.67449265800283e-05,1.67449265800283e-05,1.67448911344447e-05
"Q.05",0.239631178347821,0.239631176863665,0.239631176863665,0.239631175657406
"Q.95",0.23968626411535,0.239686262770092,0.239686262770092,0.239686261447228
"theta0",494133022.264662,494133022.264662,494133022.264662,494133022.264662
"theta1",155750174.725036,155750174.725036,155750174.725036,155750174.725036
