"","AA","AB","BA","BB"
"EV",0.411332636429359,0.422325046538525,0.417339950142049,0.415050009381284
"STD",0.00587421289564878,0.00648438655040425,0.0075015410711982,0.00762007400487527
"Q.05",0.401684706417431,0.411674291922827,0.40502259937775,0.402539034818468
"Q.95",0.421009307081987,0.433006252383341,0.429700816724831,0.427607203246467
"theta0",2230.20708533229,2230.20708533229,2230.20708533229,2230.20708533229
"theta1",1591.99143513599,1591.99143513599,1591.99143513599,1591.99143513599
