"","AA","AB","BA","BB"
"EV",0.415850823869439,0.415850823870362,0.415850823870761,0.415850823868914
"STD",1.98783388009803e-07,1.98783388047683e-07,1.98783388013904e-07,1.98783388047276e-07
"Q.05",0.415850496899877,0.415850496900801,0.4158504969012,0.415850496899353
"Q.95",0.415851150839031,0.415851150839954,0.415851150840354,0.415851150838506
"theta0",3591078728383.37,3591078728383.37,3591078728383.37,3591078728383.37
"theta1",2556458365093.03,2556458365093.03,2556458365093.03,2556458365093.03
