"","AA","AB","BA","BB"
"EV",0.239685288640948,0.239685319536874,0.23968528789995,0.23968529113537
"STD",1.89576891231134e-05,1.89576765191388e-05,1.89577137972544e-05,1.89577090993081e-05
"Q.05",0.239654106600964,0.239654137517621,0.239654105819382,0.239654109062529
"Q.95",0.239716471848377,0.239716502723571,0.239716471147965,0.239716474375658
"theta0",385527816.330108,385527816.330108,385527816.330108,385527816.330108
"theta1",121535659.786878,121535659.786878,121535659.786878,121535659.786878
