"","AA","AB","BA","BB"
"EV",0.2396767733124,0.239676825567617,0.239676646407609,0.239676837465701
"STD",3.10023527537331e-05,3.10025201385396e-05,3.10023119775736e-05,3.10025166592804e-05
"Q.05",0.239625780541224,0.239625832521134,0.239625653703502,0.239625844424941
"Q.95",0.23972776920591,0.239727821736467,0.239727642234046,0.239727833628829
"theta0",144154321.5043,144154321.5043,144154321.5043,144154321.5043
"theta1",45441781.7708081,45441781.7708081,45441781.7708081,45441781.7708081
