"","AA","AB","BA","BB"
"EV",0.275511460797834,0.275511445833094,0.275511459201948,0.275511466832098
"STD",1.30307027672757e-05,1.3030703722966e-05,1.30307095056905e-05,1.30307100997062e-05
"Q.05",0.275490027416262,0.27549001244995,0.275490025809292,0.275490033438465
"Q.95",0.275532894613677,0.275532879650509,0.275532893028875,0.275532900660002
"theta0",851659946.896089,851659946.896089,851659946.896089,851659946.896089
"theta1",323872718.886438,323872718.886438,323872718.886438,323872718.886438
