"","AA","AB","BA","BB"
"EV",0.415665639461731,0.415665603034031,0.415665588515873,0.415665617232679
"STD",1.85106869935732e-05,1.85107007431428e-05,1.85106642348349e-05,1.85106945541363e-05
"Q.05",0.415635192226364,0.415635155776049,0.415635141317941,0.415635169984876
"Q.95",0.415696086967646,0.415696050562563,0.415696035984354,0.415696064751031
"theta0",414210406.562256,414210406.562256,414210406.562256,414210406.562256
"theta1",294648108.568531,294648108.568531,294648108.568531,294648108.568531
