"","AA","AB","BA","BB"
"EV",0.239665261805643,0.239665199193397,0.239665208533608,0.239665272757197
"STD",2.50298419351784e-05,2.50298926188139e-05,2.50298316831406e-05,2.50298904734044e-05
"Q.05",0.239624092397046,0.239624029701437,0.239624039141874,0.239624103268766
"Q.95",0.239706433249595,0.23970637072072,0.239706379960696,0.239706444280991
"theta0",221154357.307006,221154357.307006,221154357.307006,221154357.307006
"theta1",69710098.2449383,69710098.2449383,69710098.2449383,69710098.2449383
