"","AA","AB","BA","BB"
"EV",0.27549333724951,0.275493352484624,0.275493359818828,0.275493365253588
"STD",1.32910554925222e-05,1.32910451569562e-05,1.32910626937528e-05,1.32910599812414e-05
"Q.05",0.275471475634604,0.275471490886719,0.275471498192077,0.275471503631298
"Q.95",0.275515199316268,0.275515214534382,0.275515221897431,0.275515227327729
"theta0",818608649.714214,818608649.714214,818608649.714214,818608649.714214
"theta1",311275601.705685,311275601.705685,311275601.705685,311275601.705685
