"","AA","AB","BA","BB"
"EV",0.239662571391093,0.239662538902404,0.239662622828254,0.239662604799519
"STD",2.21973834603711e-05,2.21973411061533e-05,2.21974292967249e-05,2.21974205021484e-05
"Q.05",0.239626060744806,0.239626028325781,0.239626112106576,0.239626094092307
"Q.95",0.239699083638173,0.239699051079815,0.239699135150731,0.23969911710753
"theta0",281194761.792194,281194761.792194,281194761.792194,281194761.792194
"theta1",88634153.6787025,88634153.6787025,88634153.6787025,88634153.6787025
