"","AA","AB","BA","BB"
"EV",0.415665413684605,0.415665583380913,0.415665558815859,0.415665514999856
"STD",3.19465659613066e-05,3.19465754950602e-05,3.19466487167676e-05,3.19466489690441e-05
"Q.05",0.415612866662623,0.415613036343249,0.415613011657758,0.41561296784134
"Q.95",0.415717961512429,0.415718131224419,0.415718106779805,0.415718062964218
"theta0",139064001.686213,139064001.686213,139064001.686213,139064001.686213
"theta1",98922983.3630251,98922983.3630251,98922983.3630251,98922983.3630251
