"","AA","AB","BA","BB"
"EV",0.415650499506267,0.415650503069178,0.415650578068307,0.415650525953361
"STD",2.04001608338678e-05,2.04001852921631e-05,2.04001768577145e-05,2.0400193668568e-05
"Q.05",0.415616944392057,0.415616947914737,0.41561702292774,0.415616970785143
"Q.95",0.41568405494914,0.415684058552281,0.415684133537537,0.415684081450243
"theta0",341039406.231252,341039406.231252,341039406.231252,341039406.231252
"theta1",242582932.409612,242582932.409612,242582932.409612,242582932.409612
