"","AA","AB","BA","BB"
"EV",0.239682332808658,0.239682362840229,0.239682334407147,0.239682355817551
"STD",2.39124535553746e-05,2.39125288623412e-05,2.39124690288823e-05,2.39125331243669e-05
"Q.05",0.239643001251447,0.239643031159154,0.239643002824486,0.239643024129467
"Q.95",0.239721666223341,0.239721696378786,0.239721667847283,0.23972168936312
"theta0",242311661.272783,242311661.272783,242311661.272783,242311661.272783
"theta1",76386267.3606943,76386267.3606943,76386267.3606943,76386267.3606943
