"","AA","AB","BA","BB"
"EV",0.275480025821898,0.275480020943607,0.275480024271956,0.275480053439711
"STD",1.97579454982339e-05,1.9757980846004e-05,1.97579367108687e-05,1.97579801384105e-05
"Q.05",0.275447527392896,0.275447522456466,0.275447525857408,0.275447554953733
"Q.95",0.275512525249518,0.275512520429371,0.275512523685122,0.275512552924311
"theta0",370429293.238242,370429293.238242,370429293.238242,370429293.238242
"theta1",140846184.479481,140846184.479481,140846184.479481,140846184.479481
