"","AA","AB","BA","BB"
"EV",0.274815297922028,0.285017013879251,0.256238418253426,0.28017295055168
"STD",0.00760204959855344,0.00949893233778566,0.0101428926609551,0.00926885135107766
"Q.05",0.26238549245737,0.269501205719055,0.239705260359902,0.265033855750015
"Q.95",0.287393662501688,0.300749430518866,0.273071049182588,0.295525131629983
"theta0",703.062229617502,703.062229617502,703.062229617502,703.062229617502
"theta1",265.421180407185,265.421180407185,265.421180407185,265.421180407185
