"","AA","AB","BA","BB"
"EV",0.41565324683774,0.415653264578119,0.415653214745844,0.41565323579373
"STD",2.48586013785176e-05,2.48585711739751e-05,2.48586592557369e-05,2.48586535239611e-05
"Q.05",0.415612358321096,0.415612376111156,0.415612326134002,0.415612347191316
"Q.95",0.415694135842385,0.415694153533082,0.41569410384569,0.415694124884148
"theta0",229676576.708246,229676576.708246,229676576.708246,229676576.708246
"theta1",163371853.80544,163371853.80544,163371853.80544,163371853.80544
