"","AA","AB","BA","BB"
"EV",0.415658166555525,0.415658236469783,0.415658220881977,0.415658215827089
"STD",2.01251621729924e-05,2.01251666551587e-05,2.012513766836e-05,2.01251423145623e-05
"Q.05",0.415625063769444,0.415625133676329,0.415625118136202,0.415625113073671
"Q.95",0.415691269661437,0.415691339583067,0.415691323947582,0.415691318900336
"theta0",350421558.534739,350421558.534739,350421558.534739,350421558.534739
"theta1",249264386.391016,249264386.391016,249264386.391016,249264386.391016
