"","AA","AB","BA","BB"
"EV",0.415691185219575,0.415691187105843,0.415691189883259,0.415691187361939
"STD",6.67576707170265e-06,6.67576831258087e-06,6.67576687244394e-06,6.67576827397841e-06
"Q.05",0.415680204577483,0.41568020646171,0.415680209241494,0.415680206717869
"Q.95",0.415702165896844,0.415702167785154,0.4157021705602,0.415702168041186
"theta0",3184587214.97344,3184587214.97344,3184587214.97344,3184587214.97344
"theta1",2265591091.96238,2265591091.96238,2265591091.96238,2265591091.96238
