"","AA","AB","BA","BB"
"EV",0.239672869420198,0.239672834798605,0.239672985316458,0.239672787674522
"STD",3.27262914988843e-05,3.27263400812836e-05,3.2726532344726e-05,3.27265312792304e-05
"Q.05",0.239619041200625,0.239619006499127,0.239619156700754,0.239618959060572
"Q.95",0.239726701119097,0.23972666657742,0.239726817411538,0.239726619767851
"theta0",129365627.812985,129365627.812985,129365627.812985,129365627.812985
"theta1",40779067.2621695,40779067.2621695,40779067.2621695,40779067.2621695
