"","AA","AB","BA","BB"
"EV",0.415799017038232,0.415799017038232,0.415799017038232,0.415799017038232
"STD",4.81723695332767e-11,4.81723695332767e-11,4.81723695332767e-11,4.81723695332767e-11
"Q.05",5.562684646268e-309,5.562684646268e-309,5.562684646268e-309,5.562684646268e-309
"Q.95",1,1,1,1
"theta0",61152188864208560128,61152188864208560128,61152188864208560128,61152188864208560128
"theta1",43524438953465839616,43524438953465839616,43524438953465839616,43524438953465839616
