"","AA","AB","BA","BB"
"EV",0.275516372903255,0.275516375205336,0.275516381094451,0.275516374397779
"STD",7.61247849836901e-06,7.61248050712406e-06,7.61248041830868e-06,7.61248123505297e-06
"Q.05",0.275503851564489,0.275503853863266,0.275503859752527,0.275503853054513
"Q.95",0.275528894390225,0.27552889669561,0.275528902584579,0.275528895889251
"theta0",2495468117.24149,2495468117.24149,2495468117.24149,2495468117.24149
"theta1",949010176.335242,949010176.335242,949010176.335242,949010176.335242
