"","AA","AB","BA","BB"
"EV",0.234261521204141,0.230550502006682,0.252930420099436,0.255926445347628
"STD",0.00650462162439052,0.0105108528002616,0.00902922369636785,0.0126568436728674
"Q.05",0.223633950797952,0.213453974009178,0.2382004706692,0.235342871884129
"Q.95",0.245031674580593,0.248028975351345,0.267902938369931,0.276977517107904
"theta0",627.752329916039,627.752329916039,627.752329916039,627.752329916039
"theta1",201.969400536973,201.969400536973,201.969400536973,201.969400536973
