"","AA","AB","BA","BB"
"EV",0.415658694719665,0.415659544105906,0.4156589237758,0.415659460026671
"STD",7.53877146292587e-05,7.53880579143481e-05,7.53863006464929e-05,7.53871887115832e-05
"Q.05",0.415534695207588,0.415535544029171,0.415534926589427,0.415535461379599
"Q.95",0.415782698719605,0.415783548670496,0.415782925449854,0.415783463161501
"theta0",24972266.1361276,24972266.1361276,24972266.1361276,24972266.1361276
"theta1",17763521.3414468,17763521.3414468,17763521.3414468,17763521.3414468
