"","AA","AB","BA","BB"
"EV",0.239678541416689,0.239678481039432,0.239678504860372,0.239678487665446
"STD",2.5965040470784e-05,2.59649187340478e-05,2.59650990562333e-05,2.59650816559562e-05
"Q.05",0.239635833820761,0.239635773643733,0.239635797168084,0.239635780001778
"Q.95",0.239721251202713,0.239721190625206,0.239721214742765,0.239721197519217
"theta0",205514929.353574,205514929.353574,205514929.353574,205514929.353574
"theta1",64785108.6847986,64785108.6847986,64785108.6847986,64785108.6847986
