"","AA","AB","BA","BB"
"EV",0.275497419371055,0.275497421701259,0.275497410705601,0.275497380331783
"STD",1.46138547149561e-05,1.4613858333996e-05,1.46138463399603e-05,1.46138519310717e-05
"Q.05",0.275473381992252,0.275473384316503,0.275473373340573,0.275473342957559
"Q.95",0.275521457296113,0.27552145963227,0.275521448616882,0.275521418252262
"theta0",677122499.112215,677122499.112215,677122499.112215,677122499.112215
"theta1",257480781.273719,257480781.273719,257480781.273719,257480781.273719
