"","AA","AB","BA","BB"
"EV",0.275503024894334,0.275502845689413,0.275502903163227,0.275503081115969
"STD",3.96480248801074e-05,3.96477903537636e-05,3.96481880674918e-05,3.96481170031226e-05
"Q.05",0.275437811707139,0.275437632887958,0.27543768970763,0.275437867777253
"Q.95",0.275568242102141,0.275568062511438,0.275568120639472,0.275568298475314
"theta0",91992223.1829099,91992223.1829099,91992223.1829099,91992223.1829099
"theta1",34981689.1694582,34981689.1694582,34981689.1694582,34981689.1694582
