"","AA","AB","BA","BB"
"EV",0.239680738239893,0.239680763622923,0.239680769607587,0.239680754371805
"STD",1.85312218935127e-05,1.85312843754086e-05,1.85312880434006e-05,1.8531296667188e-05
"Q.05",0.239650257650128,0.239650282930388,0.239650288909019,0.239650273659052
"Q.95",0.239711219945203,0.23971124543101,0.239711251421707,0.239711236200111
"theta0",403472000.139969,403472000.139969,403472000.139969,403472000.139969
"theta1",127189302.434098,127189302.434098,127189302.434098,127189302.434098
