"","AA","AB","BA","BB"
"EV",0.407364482909377,0.420984000705061,0.408045411315623,0.409779793610536
"STD",0.00786831176800159,0.00634301750707426,0.0091684023416768,0.00840028965757762
"Q.05",0.394449095755235,0.410565392860711,0.39300083907742,0.395992258054451
"Q.95",0.420333913383558,0.431432274771059,0.423162794557579,0.423627214916659
"theta0",1504.38313863758,1504.38313863758,1504.38313863758,1504.38313863758
"theta1",1052.10602039858,1052.10602039858,1052.10602039858,1052.10602039858
