"","AA","AB","BA","BB"
"EV",0.239460143303027,0.239460143303021,0.239460143303025,0.239460143303027
"STD",7.76328196099717e-09,7.76328196099668e-09,7.76328196099872e-09,7.76328196099857e-09
"Q.05",0.239460130533565,0.239460130533559,0.239460130533563,0.239460130533564
"Q.95",0.23946015607249,0.239460156072484,0.239460156072488,0.239460156072489
"theta0",2298192882159706,2298192882159706,2298192882159706,2298192882159706
"theta1",723598628071932,723598628071932,723598628071932,723598628071932
