"","AA","AB","BA","BB"
"EV",0.275506382451408,0.27550639010381,0.275506381150593,0.275506384498104
"STD",9.77669336600848e-06,9.77669312711144e-06,9.77669466259977e-06,9.77669430848094e-06
"Q.05",0.2754903013441,0.275490308996895,0.275490300041152,0.275490303389245
"Q.95",0.275522463803185,0.275522471455193,0.275522462504502,0.275522465851431
"theta0",1512921679.56075,1512921679.56075,1512921679.56075,1512921679.56075
"theta1",575325404.066177,575325404.066177,575325404.066177,575325404.066177
