"","AA","AB","BA","BB"
"EV",0.275500641903076,0.27550064088904,0.275500626929373,0.275500643749075
"STD",1.21313993035781e-05,1.21314077739217e-05,1.21313952306289e-05,1.21314071778619e-05
"Q.05",0.275480687715145,0.275480686687176,0.275480672748141,0.275480689548191
"Q.95",0.275520596467433,0.275520595467329,0.275520581487029,0.275520598326383
"theta0",982598565.411793,982598565.411793,982598565.411793,982598565.411793
"theta1",373646336.165823,373646336.165823,373646336.165823,373646336.165823
