"","AA","AB","BA","BB"
"EV",0.415648034334496,0.415648014996705,0.41564809038483,0.415648034970158
"STD",2.62023891209866e-05,2.62023831678217e-05,2.62023807060165e-05,2.6202368832545e-05
"Q.05",0.41560493551082,0.415604916182821,0.415604991574995,0.415604936179853
"Q.95",0.415691133700396,0.415691114352812,0.415691189736887,0.415691134302686
"theta0",206724236.840067,206724236.840067,206724236.840067,206724236.840067
"theta1",147042417.976069,147042417.976069,147042417.976069,147042417.976069
