"","AA","AB","BA","BB"
"EV",0.239549465861292,0.239549465864092,0.239549465859533,0.239549465860894
"STD",2.43754049862495e-07,2.43754049826065e-07,2.43754049896665e-07,2.43754049913597e-07
"Q.05",0.239549064921656,0.239549064924456,0.239549064919896,0.239549064921257
"Q.95",0.239549866801122,0.239549866803921,0.239549866799362,0.239549866800724
"theta0",2331489506034.28,2331489506034.28,2331489506034.28,2331489506034.28
"theta1",734442334851.658,734442334851.658,734442334851.658,734442334851.658
