"","AA","AB","BA","BB"
"EV",0.415645042367039,0.415645052417518,0.415645046211103,0.415645047367687
"STD",1.57983749589428e-05,1.57983734474629e-05,1.57983750530897e-05,1.5798372737908e-05
"Q.05",0.415619056451248,0.415619066504213,0.415619060295157,0.415619061455549
"Q.95",0.415671028479953,0.415671038527946,0.415671032324172,0.415671033476948
"theta0",568657290.13608,568657290.13608,568657290.13608,568657290.13608
"theta1",404479477.655591,404479477.655591,404479477.655591,404479477.655591
