"","AA","AB","BA","BB"
"EV",1,1,1,1
"STD",1.30896718678459e-19,8.25697879122631e-20,1.33810516101959e-20,1.56180874488243e-19
"Q.05",5.562684646268e-309,5.562684646268e-309,5.562684646268e-309,5.562684646268e-309
"Q.95",1,1,1,1
"theta0",9.41413787435035e-17,9.41413787435035e-17,9.41413787435035e-17,9.41413787435035e-17
"theta1",2.69452011732522e+20,2.69452011732522e+20,2.69452011732522e+20,2.69452011732522e+20
