"","AA","AB","BA","BB"
"EV",0.2396831178519,0.239683122087247,0.239683120287423,0.239683119432915
"STD",4.40367633736149e-06,4.40367662970742e-06,4.40367696843944e-06,4.40367701484589e-06
"Q.05",0.239675874480402,0.239675878715268,0.239675876914887,0.239675876060302
"Q.95",0.239690361286393,0.239690365522221,0.239690363722953,0.239690362868522
"theta0",7144893874.6185,7144893874.6185,7144893874.6185,7144893874.6185
"theta1",2252364113.17062,2252364113.17062,2252364113.17062,2252364113.17062
