"","AA","AB","BA","BB"
"EV",0.410914715487852,0.42142151419055,0.421237817862817,0.40711018462826
"STD",0.00839442279617727,0.00912673719566191,0.00699878299322825,0.00793014074444333
"Q.05",0.397136386272353,0.406439591607174,0.409743700969731,0.394093600936413
"Q.95",0.424752044856328,0.436464514801003,0.432767932122921,0.420181826121306
"theta0",1337.018804511,1337.018804511,1337.018804511,1337.018804511
"theta1",949.15084409322,949.15084409322,949.15084409322,949.15084409322
