"","AA","AB","BA","BB"
"EV",0.275443766539681,0.275443766072809,0.275443766587017,0.275443766581365
"STD",2.68958732050581e-06,2.68958732123767e-06,2.68958726088881e-06,2.68958726296771e-06
"Q.05",0.275439342571477,0.275439342104603,0.275439342618911,0.275439342613256
"Q.95",0.275448190526395,0.275448190059524,0.275448190573633,0.275448190567985
"theta0",19989679493.7191,19989679493.7191,19989679493.7191,19989679493.7191
"theta1",7599179131.59329,7599179131.59329,7599179131.59329,7599179131.59329
