"","AA","AB","BA","BB"
"EV",0.415680948015585,0.415680938970453,0.415680952936,0.415680944196108
"STD",9.0305551319081e-06,9.03055808706892e-06,9.03055849772592e-06,9.03055941480468e-06
"Q.05",0.415666094106412,0.41566608505642,0.415666099021291,0.41566609027989
"Q.95",0.415695801989137,0.415695792948866,0.415695806915089,0.415695798176705
"theta0",1740326939.50166,1740326939.50166,1740326939.50166,1740326939.50166
"theta1",1238057776.36752,1238057776.36752,1238057776.36752,1238057776.36752
