"","AA","AB","BA","BB"
"EV",0.268147131491229,0.2761271278793,0.292052650757663,0.280765040060929
"STD",0.00717830930527732,0.00766568929357667,0.00983510965619318,0.00997993598891032
"Q.05",0.256409287693603,0.263593229793641,0.275986229062397,0.264472870397442
"Q.95",0.280023469070328,0.288810761116507,0.308340460906565,0.297303287231914
"theta0",962.521065902115,962.521065902115,962.521065902115,962.521065902115
"theta1",372.967004179444,372.967004179444,372.967004179444,372.967004179444
