"","AA","AB","BA","BB"
"EV",0.275492445009585,0.275492494185847,0.275492499705495,0.275492485216329
"STD",1.58774078611406e-05,1.58774450961693e-05,1.58774435704155e-05,1.58774505008186e-05
"Q.05",0.27546632932009,0.275466378435107,0.275466383957265,0.275466369456699
"Q.95",0.275518561343901,0.27551861058141,0.275518616098548,0.275518601620782
"theta0",573632744.111229,573632744.111229,573632744.111229,573632744.111229
"theta1",218122660.873668,218122660.873668,218122660.873668,218122660.873668
