"","AA","AB","BA","BB"
"EV",0.41563916877954,0.415639158624373,0.415639157644813,0.415639169783104
"STD",1.07789490982472e-05,1.07789517259959e-05,1.07789549784873e-05,1.0778955547289e-05
"Q.05",0.415621439031905,0.415621428872416,0.415621427887506,0.415621440024861
"Q.95",0.415656898618944,0.415656888468099,0.415656887493889,0.415656899633116
"theta0",1221589270.22046,1221589270.22046,1221589270.22046,1221589270.22046
"theta1",868881538.781678,868881538.781678,868881538.781678,868881538.781678
