"","AA","AB","BA","BB"
"EV",0.415657926134691,0.41565792599822,0.415657926213802,0.415657926106014
"STD",3.01351498066223e-06,3.01351518901938e-06,3.01351517904814e-06,3.01351521893399e-06
"Q.05",0.415652969347231,0.415652969210418,0.415652969426016,0.415652969318162
"Q.95",0.415662882929322,0.415662882793195,0.41566288300876,0.415662882901038
"theta0",15628726856.6007,15628726856.6007,15628726856.6007,15628726856.6007
"theta1",11117125538.8033,11117125538.8033,11117125538.8033,11117125538.8033
