"","AA","AB","BA","BB"
"EV",0.415653419131532,0.415653422632827,0.415653383172311,0.415653450094718
"STD",2.72614699081826e-05,2.72615257463657e-05,2.72613839006018e-05,2.726150302531e-05
"Q.05",0.41560857829732,0.415608581706771,0.415608542479568,0.415608609206035
"Q.95",0.415698260552645,0.415698264145788,0.415698224451953,0.415698291570306
"theta0",190972927.941841,190972927.941841,190972927.941841,190972927.941841
"theta1",135841558.641579,135841558.641579,135841558.641579,135841558.641579
