"","AA","AB","BA","BB"
"EV",0.424956529322562,0.414488706139202,0.421455946921094,0.410402269009359
"STD",0.00849765784372379,0.0075770703803101,0.00789877884773564,0.00694126965457903
"Q.05",0.411004093094462,0.402048369589552,0.408486268205707,0.399005056734112
"Q.95",0.438959415967612,0.426975061695599,0.434471346736929,0.421840064213192
"theta0",1529.44531334523,1529.44531334523,1529.44531334523,1529.44531334523
"theta1",1097.68207188248,1097.68207188248,1097.68207188248,1097.68207188248
