"","AA","AB","BA","BB"
"EV",0.275480014199138,0.275480021192178,0.275480051285926,0.275480037799884
"STD",1.97579737207821e-05,1.97579517523169e-05,1.97579729992882e-05,1.97579447210589e-05
"Q.05",0.275447515723715,0.275447522752889,0.275447552811691,0.275447539372161
"Q.95",0.275512513673181,0.275512520630085,0.275512550758783,0.275512537226226
"theta0",370429293.238242,370429293.238242,370429293.238242,370429293.238242
"theta1",140846184.479481,140846184.479481,140846184.479481,140846184.479481
