"","AA","AB","BA","BB"
"EV",0.415647775068312,0.415647824215479,0.415647796661094,0.415647801217366
"STD",2.01388125334482e-05,2.01388139869121e-05,2.01388495745193e-05,2.01388499594825e-05
"Q.05",0.415614649829624,0.4156146989744,0.415614671361479,0.415614675917118
"Q.95",0.415680900627307,0.415680949776865,0.415680922281016,0.415680926837921
"theta0",349949375.28553,349949375.28553,349949375.28553,349949375.28553
"theta1",248917840.146904,248917840.146904,248917840.146904,248917840.146904
