"","AA","AB","BA","BB"
"EV",0.239605317160583,0.239605317230769,0.2396053172493,0.239605317248838
"STD",1.12106202425772e-06,1.12106202030643e-06,1.12106202380055e-06,1.12106201936101e-06
"Q.05",0.239603473179689,0.239603473249881,0.239603473268406,0.239603473267952
"Q.95",0.239607161145562,0.239607161215742,0.239607161234278,0.239607161233809
"theta0",110233934599.256,110233934599.256,110233934599.256,110233934599.256
"theta1",34735430778.8399,34735430778.8399,34735430778.8399,34735430778.8399
