"","AA","AB","BA","BB"
"EV",0.239659757215499,0.239659776704609,0.239659749395793,0.239659759659892
"STD",1.67301131255436e-05,1.67300996889594e-05,1.67301239243951e-05,1.67301180408293e-05
"Q.05",0.239632239082931,0.239632258594141,0.239632231245463,0.23963224151924
"Q.95",0.23968727625743,0.239687295724438,0.239687268455487,0.239687278709909
"theta0",495008071.887963,495008071.887963,495008071.887963,495008071.887963
"theta1",156026881.029274,156026881.029274,156026881.029274,156026881.029274
