"","AA","AB","BA","BB"
"EV",0.239665048126497,0.239665071423837,0.239665058069556,0.23966507252392
"STD",1.25895113981456e-05,1.2589521863872e-05,1.25895090967897e-05,1.25895214785043e-05
"Q.05",0.239644340480476,0.239644363760601,0.23964435042732,0.239644364861318
"Q.95",0.239685756287442,0.239685779601996,0.239685766226715,0.239685780701445
"theta0",874170179.48158,874170179.48158,874170179.48158,874170179.48158
"theta1",275547052.219445,275547052.219445,275547052.219445,275547052.219445
