"","AA","AB","BA","BB"
"EV",0.239673500230823,0.239673603265642,0.239673580199191,0.239673516762267
"STD",2.38260710864439e-05,2.38260797148077e-05,2.38261567527101e-05,2.38261550017331e-05
"Q.05",0.239634310753486,0.239634413774113,0.239634390580952,0.239634327146908
"Q.95",0.239712691552346,0.239712794601357,0.239712771661628,0.239712708221824
"theta0",244068524.298643,244068524.298643,244068524.298643,244068524.298643
"theta1",76936386.5963421,76936386.5963421,76936386.5963421,76936386.5963421
