"","AA","AB","BA","BB"
"EV",0.275495662708146,0.275495429305752,0.275495660628188,0.27549566433172
"STD",3.47571951031161e-05,3.4757199126367e-05,3.47573926636455e-05,3.47573953328854e-05
"Q.05",0.27543849375474,0.275438260345731,0.27543849134984,0.275438495048983
"Q.95",0.275552834751563,0.27555260135579,0.27555283299658,0.275552836704504
"theta0",119701834.139923,119701834.139923,119701834.139923,119701834.139923
"theta1",45517086.3134538,45517086.3134538,45517086.3134538,45517086.3134538
