"","AA","AB","BA","BB"
"EV",0.239657732904631,0.239657732748322,0.239657733341914,0.239657732391836
"STD",4.61393003943022e-06,4.61393039901053e-06,4.6139294887297e-06,4.61393024815797e-06
"Q.05",0.239650143699653,0.239650143542754,0.239650144137843,0.239650143186516
"Q.95",0.239665322178773,0.239665322023056,0.239665322615151,0.239665321666322
"theta0",6508300935.69752,6508300935.69752,6508300935.69752,6508300935.69752
"theta1",2051398053.59887,2051398053.59887,2051398053.59887,2051398053.59887
