"","AA","AB","BA","BB"
"EV",0.415631292508728,0.415631308207469,0.415631313759608,0.415631343967272
"STD",2.17504448296062e-05,2.1750477823684e-05,2.17504689900885e-05,2.1750487795543e-05
"Q.05",0.415595516397508,0.41559553204198,0.415595537608649,0.41559556778538
"Q.95",0.415667068993648,0.415667084746661,0.41566709028427,0.415667120522865
"theta0",300015414.831724,300015414.831724,300015414.831724,300015414.831724
"theta1",213385495.061625,213385495.061625,213385495.061625,213385495.061625
