"","AA","AB","BA","BB"
"EV",0.239678192475781,0.2396781876752,0.239678216397105,0.239678206486974
"STD",2.2450026181574e-05,2.245005455822e-05,2.24500723680158e-05,2.24499971069791e-05
"Q.05",0.239641266287436,0.239641261440182,0.239641290132793,0.23964128034645
"Q.95",0.239715120301394,0.239715115547491,0.239715144298691,0.239715134264762
"theta0",274908055.073335,274908055.073335,274908055.073335,274908055.073335
"theta1",86659974.8748357,86659974.8748357,86659974.8748357,86659974.8748357
