"","AA","AB","BA","BB"
"EV",0.239725214202075,0.23972521425279,0.239725214285547,0.239725214230232
"STD",6.69042983425058e-07,6.69042984880872e-07,6.69042982586288e-07,6.69042984694183e-07
"Q.05",0.239724113725024,0.239724113775736,0.239724113808498,0.239724113753179
"Q.95",0.23972631468058,0.239726314731297,0.23972631476405,0.239726314708739
"theta0",309561432292.067,309561432292.067,309561432292.067,309561432292.067
"theta1",97609025141.6577,97609025141.6577,97609025141.6577,97609025141.6577
