"","AA","AB","BA","BB"
"EV",0.275509111295869,0.275509165292615,0.275509139135251,0.275509252424093
"STD",2.88974431217358e-05,2.8897525816391e-05,2.88973673792206e-05,2.88975110578104e-05
"Q.05",0.275461580299624,0.275461634160356,0.275461608263586,0.275461721316107
"Q.95",0.275556644427862,0.275556698560635,0.275556672142654,0.275556785667835
"theta0",173172810.267493,173172810.267493,173172810.267493,173172810.267493
"theta1",65854106.8439457,65854106.8439457,65854106.8439457,65854106.8439457
