"","AA","AB","BA","BB"
"EV",0.275517972129709,0.275518040099751,0.275518037945491,0.275518070861699
"STD",2.30890404019621e-05,2.30890853018189e-05,2.3089003015317e-05,2.30890767582691e-05
"Q.05",0.275479994719556,0.275480062615747,0.275480060596832,0.275480093391747
"Q.95",0.275555950903243,0.275556018947141,0.275556016657527,0.275556049695035
"theta0",271263436.136761,271263436.136761,271263436.136761,271263436.136761
"theta1",103160562.652797,103160562.652797,103160562.652797,103160562.652797
