"","AA","AB","BA","BB"
"EV",0.275487316153397,0.275487319840652,0.2754873244324,0.275487347783741
"STD",1.62096660742037e-05,1.62096590462131e-05,1.62096599621572e-05,1.62096491849663e-05
"Q.05",0.275460653961422,0.275460657660237,0.275460662250478,0.275460685619545
"Q.95",0.275513979017486,0.275513982693181,0.275513987286435,0.275514010620049
"theta0",550357642.309067,550357642.309067,550357642.309067,550357642.309067
"theta1",209266947.897741,209266947.897741,209266947.897741,209266947.897741
