"","AA","AB","BA","BB"
"EV",0.402959326428877,0.408359255265666,0.425084473608919,0.40603515642729
"STD",0.00951839481009545,0.0110089994563056,0.00723602276436877,0.00946078853731832
"Q.05",0.387344212815915,0.390302857049739,0.413200371824621,0.390512895496106
"Q.95",0.418657591171313,0.426520274585442,0.437005087490621,0.421636766859606
"theta0",880.813055348537,880.813055348537,880.813055348537,880.813055348537
"theta1",613.634330738542,613.634330738542,613.634330738542,613.634330738542
