"","AA","AB","BA","BB"
"EV",0.275485346601634,0.275508419156101,0.275507444005693,0.275498062620116
"STD",0.000337682561858716,0.000337821432812482,0.00033751591423259,0.000337829376976852
"Q.05",0.274930054073753,0.274952898303241,0.274952425423236,0.274942528717272
"Q.95",0.276040930817256,0.276064231891513,0.276062753944899,0.276053888439507
"theta0",1266864.74802931,1266864.74802931,1266864.74802931,1266864.74802931
"theta1",481740.397948394,481740.397948394,481740.397948394,481740.397948394
