"","AA","AB","BA","BB"
"EV",0.415661620093909,0.415661758384142,0.41566166542156,0.415661701979702
"STD",3.10051402347323e-05,3.1005094478492e-05,3.10050978340136e-05,3.10049769252808e-05
"Q.05",0.41561062155607,0.415610759921564,0.415610666953462,0.415610703710478
"Q.95",0.415712619390833,0.415712757605802,0.415712664648739,0.415712701008001
"theta0",147638794.222462,147638794.222462,147638794.222462,147638794.222462
"theta1",105020993.455377,105020993.455377,105020993.455377,105020993.455377
