"","AA","AB","BA","BB"
"EV",0.415659583582003,0.415659892323726,0.415659983184807,0.41565978005075
"STD",4.79547885251077e-05,4.79552576998733e-05,4.79552562615588e-05,4.79554492572946e-05
"Q.05",0.415580705882085,0.415581013852098,0.415581104715544,0.415580901264046
"Q.95",0.415738463097845,0.415738772611305,0.41573886347002,0.415738660653421
"theta0",61715201.7583601,61715201.7583601,61715201.7583601,61715201.7583601
"theta1",43899990.8896527,43899990.8896527,43899990.8896527,43899990.8896527
