"","AA","AB","BA","BB"
"EV",0.2396678365523,0.239667846306674,0.239667820429965,0.239667819604008
"STD",1.93059787050854e-05,1.93059736827627e-05,1.93059546270464e-05,1.93059405664392e-05
"Q.05",0.23963608164865,0.239636091411285,0.239636065565918,0.239636064763089
"Q.95",0.239699592666826,0.239699602412939,0.239699576504885,0.2396995756558
"theta0",371733967.761552,371733967.761552,371733967.761552,371733967.761552
"theta1",117175988.665098,117175988.665098,117175988.665098,117175988.665098
