"","AA","AB","BA","BB"
"EV",0.239666710966212,0.239666677915104,0.239666669726949,0.239666709792391
"STD",1.79382742250033e-05,1.79382618321126e-05,1.79382652808456e-05,1.79382468586012e-05
"Q.05",0.239637205653495,0.239637172622771,0.239637164428943,0.239637204524686
"Q.95",0.239696217324325,0.239696184252832,0.239696176070349,0.239696216105488
"theta0",430579975.807974,430579975.807974,430579975.807974,430579975.807974
"theta1",135724263.82205,135724263.82205,135724263.82205,135724263.82205
