"","AA","AB","BA","BB"
"EV",0.41585082386886,0.415850823870975,0.415850823869227,0.415850823870414
"STD",1.98783388035712e-07,1.98783388024233e-07,1.98783388035592e-07,1.98783388023128e-07
"Q.05",0.415850496899298,0.415850496901414,0.415850496899666,0.415850496900853
"Q.95",0.415851150838452,0.415851150840567,0.415851150838819,0.415851150840007
"theta0",3591078728383.37,3591078728383.37,3591078728383.37,3591078728383.37
"theta1",2556458365093.03,2556458365093.03,2556458365093.03,2556458365093.03
