"","AA","AB","BA","BB"
"EV",0.269412408295248,0.277018410939676,0.291702580933575,0.278710888917661
"STD",0.00639651834899042,0.00881469030773782,0.00907345129775962,0.0104706821446486
"Q.05",0.258945710870549,0.262618205745649,0.276872669445065,0.26162588385785
"Q.95",0.279988141401083,0.291615449731311,0.306721349464089,0.296070557211891
"theta0",1026.8611020033,1026.8611020033,1026.8611020033,1026.8611020033
"theta1",397.775883213027,397.775883213027,397.775883213027,397.775883213027
