"","AA","AB","BA","BB"
"EV",0.415649656646419,0.415649680539073,0.415649718820894,0.415649686673039
"STD",2.34687105347049e-05,2.34687969979622e-05,2.34687807852987e-05,2.34688091288187e-05
"Q.05",0.415611054270259,0.415611078020695,0.415611116329183,0.415611084134708
"Q.95",0.415688259457556,0.41568828349243,0.415688321747583,0.41568828964635
"theta0",257686529.212029,257686529.212029,257686529.212029,257686529.212029
"theta1",183293004.606468,183293004.606468,183293004.606468,183293004.606468
