"","AA","AB","BA","BB"
"EV",0.282788362654767,0.257678708764043,0.282635788766089,0.297372163392334
"STD",0.00719868964037873,0.00872302810127274,0.0137345215286182,0.0152892211227132
"Q.05",0.271010812788262,0.243440689889141,0.260275572422645,0.272482407096597
"Q.95",0.294692167343639,0.272136064589833,0.305456528588949,0.322778304521738
"theta0",425.327230864818,425.327230864818,425.327230864818,425.327230864818
"theta1",165.502796897241,165.502796897241,165.502796897241,165.502796897241
