"","AA","AB","BA","BB"
"EV",0.415643400953516,0.415643349592246,0.415643513218411,0.4156434526008
"STD",3.09717149984218e-05,3.09718442281041e-05,3.0971914916546e-05,3.09719301052246e-05
"Q.05",0.415592457394567,0.415592405820737,0.41559256933063,0.415592508688036
"Q.95",0.415694345270087,0.415694294121385,0.415694457863822,0.415694397271195
"theta0",147958483.62258,147958483.62258,147958483.62258,147958483.62258
"theta1",105240489.345235,105240489.345235,105240489.345235,105240489.345235
