"","AA","AB","BA","BB"
"EV",0.415650272485249,0.41565029611234,0.415650300338952,0.415650266791261
"STD",2.08973043950459e-05,2.0897337386155e-05,2.08973078284218e-05,2.08973382441847e-05
"Q.05",0.415615899650756,0.415615923223582,0.415615927498812,0.415615893901092
"Q.95",0.415684645664619,0.415684669345976,0.41568467352397,0.415684640026308
"theta0",325005949.151808,325005949.151808,325005949.151808,325005949.151808
"theta1",231178028.017871,231178028.017871,231178028.017871,231178028.017871
