"","AA","AB","BA","BB"
"EV",0.236088172472852,0.232630585847152,0.247695333569141,0.255654993314565
"STD",0.00784865797935939,0.00703039589049816,0.00980393497674035,0.00917269021424545
"Q.05",0.223281313953289,0.221151196883599,0.231718127552297,0.240690689699871
"Q.95",0.249100123500013,0.244278388074641,0.263968711952081,0.270865136960238
"theta0",890.741174688617,890.741174688617,890.741174688617,890.741174688617
"theta1",285.959386979495,285.959386979495,285.959386979495,285.959386979495
