"","AA","AB","BA","BB"
"EV",0.275548030853077,0.27554803082074,0.275548031385223,0.275548031400228
"STD",2.39522250452477e-06,2.39522254839099e-06,2.39522258546626e-06,2.3952225963143e-06
"Q.05",0.275544091069988,0.275544091037579,0.275544091602001,0.275544091616988
"Q.95",0.275551970650836,0.275551970618571,0.275551971183115,0.275551971198137
"theta0",25207207761.6599,25207207761.6599,25207207761.6599,25207207761.6599
"theta1",9587656279.52642,9587656279.52642,9587656279.52642,9587656279.52642
