"","AA","AB","BA","BB"
"EV",0.239665530122731,0.23966554785104,0.239665538924733,0.239665546634737
"STD",1.15547953207632e-05,1.15547885697375e-05,1.15547988397519e-05,1.15547963976035e-05
"Q.05",0.239646524392619,0.239646542132033,0.239646533188833,0.239646540902854
"Q.95",0.239684536286601,0.239684554003805,0.239684545094391,0.239684552800378
"theta0",1037743423.1595,1037743423.1595,1037743423.1595,1037743423.1595
"theta1",327107808.693092,327107808.693092,327107808.693092,327107808.693092
