"","AA","AB","BA","BB"
"EV",0.415667587183506,0.415667530937107,0.415667591824059,0.415667619190184
"STD",2.26362879441528e-05,2.2636291370158e-05,2.26362632918625e-05,2.2636274132177e-05
"Q.05",0.415630354005464,0.41563029775343,0.415630358686566,0.41563038603486
"Q.95",0.415704820766125,0.415704764525361,0.415704825366128,0.415704852750084
"theta0",276983980.339605,276983980.339605,276983980.339605,276983980.339605
"theta1",197033842.318771,197033842.318771,197033842.318771,197033842.318771
