"","AA","AB","BA","BB"
"EV",0.25293125170431,0.285217035360219,0.288473287355827,0.282237008269088
"STD",0.00896026711052386,0.00742638158647471,0.0156641077282316,0.0114082149768529
"Q.05",0.238312866717299,0.273067931037007,0.262997099819062,0.263631852527551
"Q.95",0.267788511031536,0.297498324455229,0.314525519964067,0.301160614259223
"theta0",435.507355211887,435.507355211887,435.507355211887,435.507355211887
"theta1",167.030291719991,167.030291719991,167.030291719991,167.030291719991
