"","AA","AB","BA","BB"
"EV",0.239665106078612,0.239665110572508,0.239665103320032,0.239665104650793
"STD",9.00326911934935e-06,9.00327143391008e-06,9.00326670095668e-06,9.00327059480977e-06
"Q.05",0.239650297150419,0.239650301640508,0.239650294395817,0.239650295720174
"Q.95",0.239679915270149,0.239679919767852,0.239679912507591,0.239679913844757
"theta0",1709282567.18521,1709282567.18521,1709282567.18521,1709282567.18521
"theta1",538782832.691049,538782832.691049,538782832.691049,538782832.691049
