"","AA","AB","BA","BB"
"EV",0.239673185637176,0.239673203802852,0.239673175191105,0.239673139977356
"STD",2.81823147266293e-05,2.81822237646137e-05,2.81823136919103e-05,2.81822294860528e-05
"Q.05",0.239626831144705,0.239626849459992,0.239626820700336,0.239626785625085
"Q.95",0.239719542709851,0.239719560725899,0.239719532262078,0.239719496909815
"theta0",174447699.058676,174447699.058676,174447699.058676,174447699.058676
"theta1",54990081.6225582,54990081.6225582,54990081.6225582,54990081.6225582
