"","AA","AB","BA","BB"
"EV",0.41566463775938,0.41566419083415,0.415664223794549,0.415664286666511
"STD",5.74089318250193e-05,5.74096754374194e-05,5.74099951069422e-05,5.7410171254567e-05
"Q.05",0.415570209770745,0.415569761622422,0.415569794057025,0.415569856639258
"Q.95",0.415759068350361,0.415758622648305,0.415758656134528,0.415758719296234
"theta0",43061406.1889985,43061406.1889985,43061406.1889985,43061406.1889985
"theta1",30631521.9704249,30631521.9704249,30631521.9704249,30631521.9704249
