"","AA","AB","BA","BB"
"EV",0.275513903914743,0.275513984524596,0.275513990620045,0.275513952679519
"STD",2.63227443370489e-05,2.6322839787743e-05,2.63227271672119e-05,2.63228345047226e-05
"Q.05",0.275470607739289,0.275470688192145,0.275470694472831,0.275470656355757
"Q.95",0.275557201862263,0.275557282629124,0.275557288539321,0.275557250775357
"theta0",208707308.084578,208707308.084578,208707308.084578,208707308.084578
"theta1",79369060.5201598,79369060.5201598,79369060.5201598,79369060.5201598
