"","AA","AB","BA","BB"
"EV",0.239673043417619,0.239672914894993,0.239672973353101,0.239673025696171
"STD",2.67517232481583e-05,2.67516101257637e-05,2.67517528238845e-05,2.67517213627207e-05
"Q.05",0.239629041911076,0.23962891357451,0.239628971797913,0.239629024192729
"Q.95",0.239717047249064,0.239716918540359,0.239716977233197,0.239717029524515
"theta0",193604089.240146,193604089.240146,193604089.240146,193604089.240146
"theta1",61028570.8165919,61028570.8165919,61028570.8165919,61028570.8165919
