"","AA","AB","BA","BB"
"EV",0.417281034964015,0.407137559586752,0.426656316722787,0.421317911834168
"STD",0.0066058250268808,0.00860173992464366,0.0103985436899077,0.0112183174373801
"Q.05",0.40643218599947,0.393021092926981,0.409588646246117,0.402911054528967
"Q.95",0.428163650931558,0.421318788677901,0.443797762477379,0.439817202121846
"theta0",1018.49602215794,1018.49602215794,1018.49602215794,1018.49602215794
"theta1",731.79342773573,731.79342773573,731.79342773573,731.79342773573
