"","AA","AB","BA","BB"
"EV",0.275502090023245,0.275501962874541,0.275502080175164,0.275502096299367
"STD",2.5308002420822e-05,2.53079058567984e-05,2.53080410403618e-05,2.53080192476159e-05
"Q.05",0.27546046288278,0.275460335892904,0.275460452971178,0.275460469131225
"Q.95",0.275543718801913,0.275543591494369,0.275543709017358,0.275543725105713
"theta0",225778028.105008,225778028.105008,225778028.105008,225778028.105008
"theta1",85855745.8673985,85855745.8673985,85855745.8673985,85855745.8673985
