"","AA","AB","BA","BB"
"EV",0.415656802159366,0.415656708222774,0.415656831982906,0.415656850778931
"STD",2.81379719693945e-05,2.81379551835732e-05,2.81379844140292e-05,2.81379762967996e-05
"Q.05",0.415610519626719,0.415610425717737,0.41561054942979,0.415610568239166
"Q.95",0.415703085317235,0.415702991353033,0.415703115161245,0.415703133943918
"theta0",179259903.861277,179259903.861277,179259903.861277,179259903.861277
"theta1",127511704.560224,127511704.560224,127511704.560224,127511704.560224
