"","AA","AB","BA","BB"
"EV",0.230202356725815,0.245987646213834,0.232733171888057,0.259915979727904
"STD",0.0081528790387228,0.00995116670065082,0.00799156377611363,0.00970568950291678
"Q.05",0.216907808906222,0.229774563314422,0.219697514385296,0.244085864225109
"Q.95",0.243727160963184,0.262509369158683,0.245986315335212,0.276013652859194
"theta0",633.53056554949,633.53056554949,633.53056554949,633.53056554949
"theta1",202.495215542411,202.495215542411,202.495215542411,202.495215542411
