"","AA","AB","BA","BB"
"EV",0.275451633191974,0.275451633178821,0.275451633165628,0.275451633176131
"STD",4.03654159587808e-07,4.03654159404703e-07,4.03654159532013e-07,4.03654159286658e-07
"Q.05",0.275450969240174,0.275450969227021,0.275450969213828,0.275450969224331
"Q.95",0.27545229714419,0.275452297131037,0.275452297117845,0.275452297128347
"theta0",887485468663.007,887485468663.007,887485468663.007,887485468663.007
"theta1",337395449302.17,337395449302.17,337395449302.17,337395449302.17
