"","AA","AB","BA","BB"
"EV",0.415657462826294,0.41565750649968,0.41565746835066,0.41565748497253
"STD",1.94042323835433e-05,1.94042387992232e-05,1.94042575531471e-05,1.94042593195867e-05
"Q.05",0.415625545852942,0.415625589515774,0.415625551335907,0.415625567954872
"Q.95",0.415689380096976,0.415689423780915,0.415689385662742,0.415689402287518
"theta0",376943252.694524,376943252.694524,376943252.694524,376943252.694524
"theta1",268129183.796129,268129183.796129,268129183.796129,268129183.796129
