"","AA","AB","BA","BB"
"EV",0.25332468426179,0.232344902842755,0.241371207533552,0.244826580225215
"STD",0.00827503415487271,0.00614702774635858,0.00983701246656364,0.0085531255941211
"Q.05",0.239815450693568,0.222298687933392,0.225347148528476,0.230873336441634
"Q.95",0.267037101458514,0.242520103525261,0.257706313093586,0.259009562078348
"theta0",1110.78918710036,1110.78918710036,1110.78918710036,1110.78918710036
"theta1",356.503631401274,356.503631401274,356.503631401274,356.503631401274
