"","AA","AB","BA","BB"
"EV",0.275512752065395,0.27551275900617,0.275512753932158,0.275512720828208
"STD",2.02567104124667e-05,2.02567004723492e-05,2.02567097678977e-05,2.02566987281005e-05
"Q.05",0.275479433266528,0.275479440223652,0.275479435134351,0.275479402048559
"Q.95",0.275546071913705,0.27554607883813,0.275546073779408,0.275546040657299
"theta0",352423002.738387,352423002.738387,352423002.738387,352423002.738387
"theta1",134021722.17841,134021722.17841,134021722.17841,134021722.17841
