"","AA","AB","BA","BB"
"EV",0.275515649718125,0.275515659936212,0.275515631435449,0.275515667199457
"STD",2.53897363190512e-05,2.53897416946509e-05,2.53896752832518e-05,2.53896961066776e-05
"Q.05",0.275473888142585,0.27547389835183,0.2754738699603,0.275473905690058
"Q.95",0.275557412942316,0.275557423169245,0.275557394559241,0.275557430357502
"theta0",224329616.514166,224329616.514166,224329616.514166,224329616.514166
"theta1",85310774.1675646,85310774.1675646,85310774.1675646,85310774.1675646
