"","AA","AB","BA","BB"
"EV",0.275492471884474,0.275492521942638,0.275492592348826,0.275492496379201
"STD",2.68542469256403e-05,2.68542267524956e-05,2.68542374174091e-05,2.68542087098336e-05
"Q.05",0.275448301501334,0.275448351592678,0.275448421981325,0.275448326058918
"Q.95",0.275536644112228,0.275536694137209,0.27553676456094,0.275536668544094
"theta0",200524658.600004,200524658.600004,200524658.600004,200524658.600004
"theta1",76249100.5375895,76249100.5375895,76249100.5375895,76249100.5375895
