"","AA","AB","BA","BB"
"EV",0.275502688957072,0.275502581292178,0.275502688576619,0.275502694931221
"STD",2.42276062246096e-05,2.42276467874283e-05,2.42276874010402e-05,2.42276989739042e-05
"Q.05",0.275462838841762,0.275462731110152,0.275462838327791,0.275462844663359
"Q.95",0.275542540573693,0.275542432975522,0.275542540326769,0.275542546700408
"theta0",246362457.037573,246362457.037573,246362457.037573,246362457.037573
"theta1",93683592.2805152,93683592.2805152,93683592.2805152,93683592.2805152
