"","AA","AB","BA","BB"
"EV",0.239677058115057,0.239677091968222,0.239677068668799,0.239677065029857
"STD",1.78323585333711e-05,1.78323497493923e-05,1.78323892505659e-05,1.78323836345222e-05
"Q.05",0.239647727011959,0.239647760879573,0.239647737515178,0.239647733885473
"Q.95",0.23970639025117,0.239706424089887,0.239706400855439,0.239706397207259
"theta0",435715865.007327,435715865.007327,435715865.007327,435715865.007327
"theta1",137350983.775498,137350983.775498,137350983.775498,137350983.775498
