"","AA","AB","BA","BB"
"EV",0.415668475911052,0.415668513479177,0.415668532147887,0.415668539934438
"STD",1.90447356077009e-05,1.9044753787101e-05,1.90447289550648e-05,1.9044752070817e-05
"Q.05",0.415637150251798,0.415637187790021,0.415637206499575,0.415637214248105
"Q.95",0.415699801856681,0.415699839454709,0.415699858082573,0.415699865907147
"theta0",391304202.388388,391304202.388388,391304202.388388,391304202.388388
"theta1",278357133.165492,278357133.165492,278357133.165492,278357133.165492
