"","AA","AB","BA","BB"
"EV",0.239678370047959,0.239678080510048,0.239678244249345,0.239678282415196
"STD",3.65397074989796e-05,3.6540107615172e-05,3.65400046564292e-05,3.65401692892066e-05
"Q.05",0.239618269746228,0.239617979550237,0.239618143458871,0.239618181353945
"Q.95",0.239738474686952,0.239738185807226,0.239738349377155,0.239738387813823
"theta0",103772344.671521,103772344.671521,103772344.671521,103772344.671521
"theta1",32712431.5425682,32712431.5425682,32712431.5425682,32712431.5425682
