"","AA","AB","BA","BB"
"EV",0.415639195560772,0.415639194683238,0.415639204799552,0.415639194870584
"STD",8.42023859729824e-06,8.42024049596804e-06,8.4202377480538e-06,8.42024032691629e-06
"Q.05",0.415625345528776,0.415625344648118,0.415625354768952,0.415625344835743
"Q.95",0.415653045648769,0.415653044774358,0.415653054886152,0.415653044961426
"theta0",2001841058.67985,2001841058.67985,2001841058.67985,2001841058.67985
"theta1",1423852536.8082,1423852536.8082,1423852536.8082,1423852536.8082
