"","AA","AB","BA","BB"
"EV",0.239672914774893,0.239672900172588,0.23967291553488,0.239672905333944
"STD",1.38203611069222e-05,1.38203655047431e-05,1.38203565806698e-05,1.38203628543649e-05
"Q.05",0.239650182614052,0.239650168004513,0.239650183381484,0.239650173170229
"Q.95",0.239695647556232,0.239695632961161,0.239695648308774,0.239695638118157
"theta0",725404730.97222,725404730.97222,725404730.97222,725404730.97222
"theta1",228664563.035614,228664563.035614,228664563.035614,228664563.035614
