"","AA","AB","BA","BB"
"EV",0.275487888013664,0.275487834248304,0.275487874353669,0.275487842642867
"STD",2.36762821987624e-05,2.36763425414515e-05,2.36763524535216e-05,2.36763743839441e-05
"Q.05",0.275448944711974,0.275448890847363,0.275448930936425,0.275448899189551
"Q.95",0.275526832749258,0.275526779083157,0.275526819204827,0.275526787530098
"theta0",257966256.237618,257966256.237618,257966256.237618,257966256.237618
"theta1",98088862.660331,98088862.660331,98088862.660331,98088862.660331
