"","AA","AB","BA","BB"
"EV",0.239664944566243,0.239664941459284,0.239664943572914,0.239664939367489
"STD",5.36750010618953e-06,5.36750075573449e-06,5.3674994943643e-06,5.36750067732148e-06
"Q.05",0.239656115861025,0.239656112752997,0.239656114868702,0.239656110661332
"Q.95",0.239673773365059,0.239673770259169,0.239673772370724,0.239673768167245
"theta0",4809171783.38385,4809171783.38385,4809171783.38385,4809171783.38385
"theta1",1515897321.73721,1515897321.73721,1515897321.73721,1515897321.73721
