"","AA","AB","BA","BB"
"EV",0.275480052025529,0.275480022317349,0.275480014296154,0.275480035838156
"STD",1.9757966098381e-05,1.97579819779036e-05,1.97579223840324e-05,1.97579727332384e-05
"Q.05",0.275447553562644,0.275447523828346,0.27544751590517,0.275447537364358
"Q.95",0.275512551487034,0.275512521804975,0.275512513685753,0.275512535310575
"theta0",370429293.238242,370429293.238242,370429293.238242,370429293.238242
"theta1",140846184.479481,140846184.479481,140846184.479481,140846184.479481
