"","AA","AB","BA","BB"
"EV",0.411799134997292,0.420406918297109,0.418715791103919,0.42292897358135
"STD",0.00607213274686688,0.00774371600387487,0.00635142701071706,0.00790621807671182
"Q.05",0.401826546135819,0.407691727481358,0.408283840696811,0.409946648952334
"Q.95",0.421802262320413,0.433166669263389,0.429178386037142,0.435956204200336
"theta0",2113.5640792313,2113.5640792313,2113.5640792313,2113.5640792313
"theta1",1520.87930313863,1520.87930313863,1520.87930313863,1520.87930313863
