"","AA","AB","BA","BB"
"EV",0.41563390322467,0.415633862579545,0.41563383743318,0.415633886822076
"STD",2.26514896779603e-05,2.26514987848858e-05,2.26514635359456e-05,2.26514840938498e-05
"Q.05",0.415596645042358,0.415596604382254,0.415596579293868,0.415596628648949
"Q.95",0.415671161812272,0.415671121182128,0.415671095977783,0.415671145400494
"theta0",276621733.096527,276621733.096527,276621733.096527,276621733.096527
"theta1",196748847.520694,196748847.520694,196748847.520694,196748847.520694
