"","AA","AB","BA","BB"
"EV",0.415654766143521,0.415654806191461,0.415654818445145,0.415654851709132
"STD",2.77797420684062e-05,2.77797306274088e-05,2.77796897472507e-05,2.77796586906127e-05
"Q.05",0.415609072838725,0.415609112905483,0.415609125226408,0.415609158541478
"Q.95",0.415700460057736,0.415700500086857,0.415700512273298,0.415700545486201
"theta0",183913838.28634,183913838.28634,183913838.28634,183913838.28634
"theta1",130821084.881144,130821084.881144,130821084.881144,130821084.881144
