"","AA","AB","BA","BB"
"EV",0.415646479146811,0.41564633951619,0.415646635971207,0.415646369917713
"STD",4.11188408428666e-05,4.1118823678417e-05,4.11188040113686e-05,4.11187725904135e-05
"Q.05",0.415578845339948,0.415578705737561,0.415579002224925,0.415578736223114
"Q.95",0.415714114288998,0.415713974630144,0.415714271052809,0.415714004947633
"theta0",83944028.2258486,83944028.2258486,83944028.2258486,83944028.2258486
"theta1",59708781.0891746,59708781.0891746,59708781.0891746,59708781.0891746
