"","AA","AB","BA","BB"
"EV",0.415665916479714,0.415665937261642,0.415665991287466,0.415665930227677
"STD",2.47452171547507e-05,2.47452409142187e-05,2.47452071923401e-05,2.47452317146127e-05
"Q.05",0.415625214461263,0.415625235204111,0.415625289285401,0.415625228185277
"Q.95",0.415706618981649,0.415706639802658,0.415706693773013,0.41570663275356
"theta0",231783438.761858,231783438.761858,231783438.761858,231783438.761858
"theta1",164879114.653699,164879114.653699,164879114.653699,164879114.653699
