"","AA","AB","BA","BB"
"EV",0.239665334470111,0.239665297089366,0.239665305493622,0.239665312452917
"STD",1.62115878840051e-05,1.62115897538491e-05,1.62116113540296e-05,1.62116148236648e-05
"Q.05",0.239638669207904,0.239638631824083,0.239638640192811,0.239638647146399
"Q.95",0.239692000586155,0.239691963208486,0.239691971648272,0.239691978613274
"theta0",527183774.10828,527183774.10828,527183774.10828,527183774.10828
"theta1",166173746.82976,166173746.82976,166173746.82976,166173746.82976
