"","AA","AB","BA","BB"
"EV",0.239668738191542,0.23966873502985,0.239668733854348,0.239668738552815
"STD",6.8888684997441e-06,6.88886852424331e-06,6.88887033720284e-06,6.88887005423811e-06
"Q.05",0.239657407088292,0.23965740392656,0.239657402748076,0.239657407447008
"Q.95",0.239680069448966,0.239680066287315,0.239680065114794,0.239680069812796
"theta0",2919584270.8893,2919584270.8893,2919584270.8893,2919584270.8893
"theta1",920300277.700523,920300277.700523,920300277.700523,920300277.700523
