"","AA","AB","BA","BB"
"EV",0.239647948760161,0.239647946058402,0.239647933965596,0.239647928945522
"STD",1.63342120130665e-05,1.63342039737087e-05,1.63342097663866e-05,1.63341997476141e-05
"Q.05",0.239621081805744,0.239621079117207,0.239621067014874,0.239621062011279
"Q.95",0.239674816581482,0.239674813866498,0.239674801783221,0.239674796746667
"theta0",519285406.452819,519285406.452819,519285406.452819,519285406.452819
"theta1",163668495.223391,163668495.223391,163668495.223391,163668495.223391
