"","AA","AB","BA","BB"
"EV",0.239716301960177,0.239716301968801,0.239716301937863,0.239716301968667
"STD",4.4068430134741e-07,4.40684301242252e-07,4.40684301383377e-07,4.40684301313543e-07
"Q.05",0.239715577099321,0.239715577107945,0.239715577077007,0.239715577107811
"Q.95",0.239717026821664,0.239717026830288,0.23971702679935,0.239717026830153
"theta0",713499652773.979,713499652773.979,713499652773.979,713499652773.979
"theta1",224965363130.451,224965363130.451,224965363130.451,224965363130.451
