"","AA","AB","BA","BB"
"EV",0.275354991313493,0.275354991315167,0.275354991312589,0.275354991315875
"STD",2.07389597338581e-07,2.07389597333921e-07,2.07389597354508e-07,2.07389597353509e-07
"Q.05",0.275354650188016,0.275354650189691,0.275354650187112,0.275354650190399
"Q.95",0.275355332439079,0.275355332440754,0.275355332438175,0.275355332441462
"theta0",3361782612484.39,3361782612484.39,3361782612484.39,3361782612484.39
"theta1",1277430481084.55,1277430481084.55,1277430481084.55,1277430481084.55
