"","AA","AB","BA","BB"
"EV",0.415651799765678,0.415654005136603,0.415653020313382,0.415654852871409
"STD",0.000128696067534155,0.000128700466534962,0.000128703775403526,0.000128705503127525
"Q.05",0.415440120111341,0.41544231824682,0.415441327981412,0.415443157697611
"Q.95",0.415863492499979,0.415865705106882,0.415864725726684,0.415866561126588
"theta0",8567631.89674308,8567631.89674308,8567631.89674308,8567631.89674308
"theta1",6094269.40610894,6094269.40610894,6094269.40610894,6094269.40610894
