"","AA","AB","BA","BB"
"EV",0.231155208982697,0.2354644494764,0.24619796570447,0.258694633647874
"STD",0.00799886310404434,0.00735732217630468,0.0103552261879732,0.00971065445519324
"Q.05",0.218108928260189,0.223453621087985,0.229332925660004,0.242857600127819
"Q.95",0.244421703420422,0.247656241882084,0.26339677142907,0.274801687098166
"theta0",725.853759137942,725.853759137942,725.853759137942,725.853759137942
"theta1",232.849398742849,232.849398742849,232.849398742849,232.849398742849
