"","AA","AB","BA","BB"
"EV",0.239680550572475,0.239680487370026,0.239680449478016,0.23968047207677
"STD",3.29479080352852e-05,3.29479940695551e-05,3.29477960159977e-05,3.29479464408809e-05
"Q.05",0.23962635784969,0.239626294505737,0.239626256939475,0.239626279290818
"Q.95",0.239734746821688,0.239734683760762,0.239734645542962,0.239734668389159
"theta0",127633676.468222,127633676.468222,127633676.468222,127633676.468222
"theta1",40234798.2675301,40234798.2675301,40234798.2675301,40234798.2675301
