"","AA","AB","BA","BB"
"EV",0.415665976618885,0.415666051338617,0.41566602597993,0.415666019847157
"STD",2.4920823845259e-05,2.49208200632002e-05,2.49208013010393e-05,2.49207927094079e-05
"Q.05",0.415624985756575,0.415625060482527,0.415625035154701,0.415625029036061
"Q.95",0.415706967971565,0.415707042685075,0.415707017295527,0.415707011148622
"theta0",228528749.345709,228528749.345709,228528749.345709,228528749.345709
"theta1",162563941.773534,162563941.773534,162563941.773534,162563941.773534
