"","AA","AB","BA","BB"
"EV",0.27550852853632,0.275508496893382,0.275508589273077,0.275508484283326
"STD",2.57799681080073e-05,2.57800534150839e-05,2.57800661796396e-05,2.57800900031022e-05
"Q.05",0.275466125112181,0.275466093328932,0.275466185687631,0.275466080658696
"Q.95",0.275550933660258,0.275550902157644,0.275550994558335,0.275550889607773
"theta0",217586575.359839,217586575.359839,217586575.359839,217586575.359839
"theta1",82743494.4921824,82743494.4921824,82743494.4921824,82743494.4921824
