"","AA","AB","BA","BB"
"EV",0.415657469483131,0.415657509708765,0.415657472128264,0.415657471328997
"STD",1.940425288323e-05,1.9404245228021e-05,1.94042485844767e-05,1.94042413597361e-05
"Q.05",0.41562555247606,0.415625592714285,0.415625555128264,0.415625554340881
"Q.95",0.415689386787532,0.415689427000574,0.415689389425595,0.415689388614444
"theta0",376943252.694524,376943252.694524,376943252.694524,376943252.694524
"theta1",268129183.796129,268129183.796129,268129183.796129,268129183.796129
