"","AA","AB","BA","BB"
"EV",0.239674801115098,0.239674820110123,0.239674798662646,0.239674808781491
"STD",1.2139736678284e-05,1.21397447390794e-05,1.2139737126634e-05,1.21397446653365e-05
"Q.05",0.239654833264572,0.239654852246339,0.239654830811383,0.239654840917828
"Q.95",0.23969476944438,0.239694788452664,0.239694766992665,0.239694777123911
"theta0",940160044.081711,940160044.081711,940160044.081711,940160044.081711
"theta1",296363555.22046,296363555.22046,296363555.22046,296363555.22046
