"","AA","AB","BA","BB"
"EV",0.239689769374904,0.239689741763645,0.239689735619605,0.239689781056398
"STD",1.59846662002496e-05,1.59846660516607e-05,1.59846739346899e-05,1.59846761599386e-05
"Q.05",0.239663477353715,0.2396634497427,0.239663443585695,0.239663489018827
"Q.95",0.239716062226058,0.239716034614554,0.239716028483481,0.239716073923934
"theta0",542279089.297374,542279089.297374,542279089.297374,542279089.297374
"theta1",170954875.757457,170954875.757457,170954875.757457,170954875.757457
