"","AA","AB","BA","BB"
"EV",0.264272782328397,0.265043917190165,0.279496130909927,0.283349571381742
"STD",0.00808657947390369,0.010786294073974,0.00721982265345345,0.00844496638297493
"Q.05",0.25106201410004,0.247462399150788,0.26768563029328,0.269545578994805
"Q.95",0.277663930252257,0.282944836846926,0.29143647674173,0.297326686581966
"theta0",967.806092936795,967.806092936795,967.806092936795,967.806092936795
"theta1",363.499457831738,363.499457831738,363.499457831738,363.499457831738
