"","AA","AB","BA","BB"
"EV",0.415656945521803,0.415657046735117,0.415657092091729,0.415657056724595
"STD",2.93803959182484e-05,2.93804238904196e-05,2.9380337530815e-05,2.93803906833699e-05
"Q.05",0.415608619411832,0.415608720579136,0.415608766077795,0.415608730623234
"Q.95",0.415705272313427,0.415705373572752,0.415705418787312,0.415705383507608
"theta0",164419537.702902,164419537.702902,164419537.702902,164419537.702902
"theta1",116955523.905788,116955523.905788,116955523.905788,116955523.905788
