"","AA","AB","BA","BB"
"EV",0.239667164847556,0.239667220424776,0.239667162756054,0.239667170233818
"STD",1.99076987172207e-05,1.99076928509043e-05,1.99077273849017e-05,1.99077251080253e-05
"Q.05",0.239634420240893,0.239634475827762,0.239634418102239,0.239634425583748
"Q.95",0.239699910741757,0.239699966309327,0.239699908697412,0.23969991617143
"theta0",349600431.571498,349600431.571498,349600431.571498,349600431.571498
"theta1",110198780.252749,110198780.252749,110198780.252749,110198780.252749
