"","AA","AB","BA","BB"
"EV",0.239698306612417,0.239698313654954,0.239698319611935,0.239698313191027
"STD",1.39054449411835e-05,1.39054285125761e-05,1.39054546860729e-05,1.39054519102333e-05
"Q.05",0.239675434504901,0.23967544157446,0.23967544748839,0.239675441072048
"Q.95",0.239721179347988,0.239721186363501,0.239721192363535,0.239721185938061
"theta0",716582844.787394,716582844.787394,716582844.787394,716582844.787394
"theta1",225915188.989653,225915188.989653,225915188.989653,225915188.989653
