"","AA","AB","BA","BB"
"EV",0.239697980328045,0.239697964976665,0.239697982727765,0.239697971578736
"STD",1.56604247809563e-05,1.56604540053722e-05,1.56604393761532e-05,1.56604560392397e-05
"Q.05",0.239672221619844,0.239672206220396,0.239672223995558,0.239672212819121
"Q.95",0.239723739832838,0.239723724529529,0.239723742256566,0.239723731134945
"theta0",564972957.898216,564972957.898216,564972957.898216,564972957.898216
"theta1",178117207.961554,178117207.961554,178117207.961554,178117207.961554
