"","AA","AB","BA","BB"
"EV",0.415658106049966,0.415658107273062,0.415658100673516,0.415658105988257
"STD",8.30275520751021e-06,8.30275932780698e-06,8.30275921452044e-06,8.30276003693854e-06
"Q.05",0.415644449260167,0.415644450476486,0.415644443877126,0.415644449190514
"Q.95",0.4156717628942,0.415671764124074,0.415671757524342,0.415671762840435
"theta0",2058852861.91773,2058852861.91773,2058852861.91773,2058852861.91773
"theta1",1464517410.72894,1464517410.72894,1464517410.72894,1464517410.72894
