"","AA","AB","BA","BB"
"EV",0.415622052912305,0.415622052912675,0.415622052913677,0.415622052913072
"STD",1.06169540198011e-07,1.06169540202434e-07,1.0616954020222e-07,1.06169540204053e-07
"Q.05",0.415621878278956,0.415621878279326,0.415621878280329,0.415621878279724
"Q.95",0.415622227545663,0.415622227546032,0.415622227547035,0.41562222754643
"theta0",12591757376991.8,12591757376991.8,12591757376991.8,12591757376991.8
"theta1",8955526259835.22,8955526259835.22,8955526259835.22,8955526259835.22
