"","AA","AB","BA","BB"
"EV",0.275508737373024,0.275508721275932,0.275508734818403,0.275508733707686
"STD",1.06327066736564e-05,1.06327103565175e-05,1.06327068779772e-05,1.06327106467065e-05
"Q.05",0.275491248271462,0.275491232168312,0.275491245716505,0.275491244599589
"Q.95",0.275526226763734,0.2755262106727,0.275526224209449,0.275526223104931
"theta0",1279126454.9436,1279126454.9436,1279126454.9436,1279126454.9436
"theta1",486424782.300591,486424782.300591,486424782.300591,486424782.300591
