"","AA","AB","BA","BB"
"EV",0.415656975857962,0.415657274138531,0.415657364010998,0.415657287697091
"STD",5.02023623958334e-05,5.02029921883631e-05,5.02024790765767e-05,5.0203020815859e-05
"Q.05",0.415574401315141,0.415574698559815,0.415574789276254,0.415574712071288
"Q.95",0.41573955239098,0.415739851707487,0.415739940735939,0.415739865313136
"theta0",56313109.4487089,56313109.4487089,56313109.4487089,56313109.4487089
"theta1",40056884.1548686,40056884.1548686,40056884.1548686,40056884.1548686
