"","AA","AB","BA","BB"
"EV",0.415645686122203,0.415645249420959,0.415645461170268,0.415645465354319
"STD",5.07321925534321e-05,5.07330299718173e-05,5.07331261731783e-05,5.0733263609366e-05
"Q.05",0.415562240107584,0.415561802028948,0.415562013620021,0.415562017578015
"Q.95",0.415729134169538,0.415728698845764,0.415728910753311,0.41572891516343
"theta0",55142888.7522848,55142888.7522848,55142888.7522848,55142888.7522848
"theta1",39222578.5797477,39222578.5797477,39222578.5797477,39222578.5797477
