"","AA","AB","BA","BB"
"EV",0.272962974142585,0.27189022386075,0.287863981499319,0.279669592080414
"STD",0.00647157118354169,0.00724499718971276,0.00845519236305716,0.00880665114906903
"Q.05",0.262372795941764,0.260042225496666,0.274040740081086,0.265280674445706
"Q.95",0.283662144041756,0.283875817087384,0.301855544080308,0.294251515068559
"theta0",1433.3372773103,1433.3372773103,1433.3372773103,1433.3372773103
"theta1",552.161852460014,552.161852460014,552.161852460014,552.161852460014
