"","AA","AB","BA","BB"
"EV",0.415651473899901,0.415651498245782,0.415651482559328,0.415651538677068
"STD",2.24689658341669e-05,2.24689745475019e-05,2.24689965858957e-05,2.2469000900175e-05
"Q.05",0.415614515939299,0.415614540270848,0.415614524548145,0.415614580658788
"Q.95",0.415688432259201,0.415688456619414,0.415688440969211,0.415688497094046
"theta0",281128561.548069,281128561.548069,281128561.548069,281128561.548069
"theta1",199968867.028909,199968867.028909,199968867.028909,199968867.028909
