"","AA","AB","BA","BB"
"EV",0.239647306822872,0.239647296628774,0.239647302513123,0.239647289530607
"STD",1.47814376655944e-05,1.47814199035418e-05,1.47814504954052e-05,1.47814438671401e-05
"Q.05",0.239622993876479,0.239622983711596,0.239622989545628,0.239622976574014
"Q.95",0.239671620479185,0.23967161025587,0.23967161619054,0.23967160319712
"theta0",634115790.465551,634115790.465551,634115790.465551,634115790.465551
"theta1",199860059.800719,199860059.800719,199860059.800719,199860059.800719
