"","AA","AB","BA","BB"
"EV",0.239656722759517,0.239656718880783,0.239656721872852,0.239656723637756
"STD",1.60004779487962e-05,1.600050014926e-05,1.60005025218866e-05,1.60005098908061e-05
"Q.05",0.239630404731229,0.23963040081598,0.239630403804146,0.23963040555693
"Q.95",0.239683041619596,0.23968303777738,0.239683040773351,0.239683042550376
"theta0",541179250.051786,541179250.051786,541179250.051786,541179250.051786
"theta1",170577223.020227,170577223.020227,170577223.020227,170577223.020227
