"","AA","AB","BA","BB"
"EV",0.239717576464298,0.239717576894719,0.239717576873599,0.239717576678874
"STD",1.66824654277081e-06,1.66824654077756e-06,1.668246539963e-06,1.66824653733374e-06
"Q.05",0.239714832447441,0.239714832877865,0.239714832856747,0.239714832662025
"Q.95",0.239720320490194,0.239720320920611,0.23972032089949,0.23972032070476
"theta0",49788529970.5975,49788529970.5975,49788529970.5975,49788529970.5975
"theta1",15698358120.7783,15698358120.7783,15698358120.7783,15698358120.7783
