"","AA","AB","BA","BB"
"EV",0.239390745974104,0.240025761170089,0.239735891258458,0.239271156399874
"STD",0.00180005527006004,0.00177970276308531,0.00180857125187871,0.00179450167179637
"Q.05",0.236435197247474,0.237103548631806,0.236766372746933,0.236324714204279
"Q.95",0.242356841127835,0.242958239231204,0.242716031637605,0.242228088446472
"theta0",41821.63775897,41821.63775897,41821.63775897,41821.63775897
"theta1",13178.3114110394,13178.3114110394,13178.3114110394,13178.3114110394
