"","AA","AB","BA","BB"
"EV",0.239660897679963,0.239660879109673,0.239660880539122,0.239660878932961
"STD",1.36075604440092e-05,1.36075754796731e-05,1.36075606915219e-05,1.36075757596976e-05
"Q.05",0.239638515535608,0.239638496940587,0.239638498394359,0.239638496763414
"Q.95",0.239683280425904,0.239683261880345,0.239683263285469,0.239683261704094
"theta0",748255858.650165,748255858.650165,748255858.650165,748255858.650165
"theta1",235852209.6416,235852209.6416,235852209.6416,235852209.6416
