"","AA","AB","BA","BB"
"EV",0.257178352044894,0.285932542273114,0.285659085318846,0.276253989254834
"STD",0.00805624758702705,0.00771035249801711,0.0102206408654025,0.0161409345033278
"Q.05",0.244021183936649,0.273321166825963,0.268972776724316,0.250038270760155
"Q.95",0.270523215269445,0.298685721053544,0.302595106767405,0.303134001968631
"theta0",554.698887839422,554.698887839422,554.698887839422,554.698887839422
"theta1",211.728670453171,211.728670453171,211.728670453171,211.728670453171
