"","AA","AB","BA","BB"
"EV",0.275546987456278,0.275453808640169,0.275560427389517,0.275536263048236
"STD",0.000691464717570569,0.000690567391675744,0.000692639921689471,0.000692497128654217
"Q.05",0.274410240604617,0.274318536553607,0.274421749524018,0.274397819902871
"Q.95",0.276684956846789,0.276590300856533,0.276700331842509,0.276675932474045
"theta0",301081.927326498,301081.927326498,301081.927326498,301081.927326498
"theta1",114504.071245381,114504.071245381,114504.071245381,114504.071245381
