"","AA","AB","BA","BB"
"EV",0.239666146743849,0.239666091281104,0.239666142667038,0.239666143060544
"STD",2.31723496053124e-05,2.31723050596571e-05,2.31723846009502e-05,2.31723709577484e-05
"Q.05",0.239628032492798,0.239627977103321,0.239628028358427,0.239628028774373
"Q.95",0.239704262739361,0.239704207203343,0.239704258720116,0.239704259091179
"theta0",258031753.060815,258031753.060815,258031753.060815,258031753.060815
"theta1",81334627.3503914,81334627.3503914,81334627.3503914,81334627.3503914
