"","AA","AB","BA","BB"
"EV",0.415643605856242,0.415643673387709,0.415643695310905,0.415643668241431
"STD",2.06822008397726e-05,2.06822515541715e-05,2.0682237797475e-05,2.0682263482689e-05
"Q.05",0.415609586832095,0.415609654280145,0.415609676225968,0.415609649114247
"Q.95",0.415677625218231,0.415677692833117,0.415677714733684,0.41567768770646
"theta0",331803105.636471,331803105.636471,331803105.636471,331803105.636471
"theta1",236006436.7607,236006436.7607,236006436.7607,236006436.7607
