"","AA","AB","BA","BB"
"EV",0.415666000628776,0.415666091446725,0.415666080920797,0.415666114877426
"STD",3.0646361435735e-05,3.06463385236901e-05,3.06463515655498e-05,3.06463253821584e-05
"Q.05",0.415615592220793,0.415615683076427,0.415615672529048,0.415615706528744
"Q.95",0.415716409778337,0.415716500558597,0.415716490054122,0.415716523967682
"theta0",151114765.144017,151114765.144017,151114765.144017,151114765.144017
"theta1",107495522.411541,107495522.411541,107495522.411541,107495522.411541
