"","AA","AB","BA","BB"
"EV",0.415649743183365,0.415649784210005,0.415649772807537,0.415649741510503
"STD",2.38377000360905e-05,2.3837713091054e-05,2.38376615499068e-05,2.38376830685057e-05
"Q.05",0.415610533880378,0.415610574885545,0.415610563567853,0.415610532235425
"Q.95",0.415688952935114,0.415688993983228,0.415688982495981,0.415688951234343
"theta0",249772223.616495,249772223.616495,249772223.616495,249772223.616495
"theta1",177663596.017078,177663596.017078,177663596.017078,177663596.017078
