"","AA","AB","BA","BB"
"EV",0.239663926174111,0.239663923223556,0.239663929325379,0.239663933929346
"STD",1.38886164847076e-05,1.38886415220981e-05,1.38886362990628e-05,1.38886444984653e-05
"Q.05",0.239641081746255,0.239641078754519,0.239641084864933,0.239641089455413
"Q.95",0.239686771228647,0.239686768319276,0.239686774412507,0.239686779029962
"theta0",718280471.258819,718280471.258819,718280471.258819,718280471.258819
"theta1",226407671.060897,226407671.060897,226407671.060897,226407671.060897
