"","AA","AB","BA","BB"
"EV",0.275506112452993,0.275506074179939,0.275506193802282,0.275506115391375
"STD",2.60031130846002e-05,2.60031360570028e-05,2.60030710241242e-05,2.60031125098858e-05
"Q.05",0.275463342002821,0.275463303691983,0.275463423421291,0.275463344942149
"Q.95",0.275548884632546,0.27554884639728,0.275548965912649,0.275548887569983
"theta0",213869054.960349,213869054.960349,213869054.960349,213869054.960349
"theta1",81328823.2259685,81328823.2259685,81328823.2259685,81328823.2259685
