"","AA","AB","BA","BB"
"EV",0.41564277137438,0.415642717701089,0.415642891733594,0.415642804653178
"STD",3.36271716630804e-05,3.36271413687143e-05,3.36271142817961e-05,3.36270396836241e-05
"Q.05",0.415587460045646,0.415587406422185,0.415587580499242,0.415587493541527
"Q.95",0.415698083596225,0.415698029873104,0.415698203861053,0.415698116657932
"theta0",125514745.379194,125514745.379194,125514745.379194,125514745.379194
"theta1",89276386.7847754,89276386.7847754,89276386.7847754,89276386.7847754
