"","AA","AB","BA","BB"
"EV",0.415673027460271,0.415673032217056,0.415673034201071,0.415673029309704
"STD",6.34914503190055e-06,6.34914495703219e-06,6.34914600198483e-06,6.34914619721112e-06
"Q.05",0.41566258406195,0.415662588818859,0.415662590801154,0.415662585909467
"Q.95",0.415683470890418,0.415683475647081,0.415683477632813,0.415683472741768
"theta0",3520732556.00577,3520732556.00577,3520732556.00577,3520732556.00577
"theta1",2504545655.66268,2504545655.66268,2504545655.66268,2504545655.66268
