"","AA","AB","BA","BB"
"EV",0.275539110950432,0.275539109943325,0.275539111695317,0.27553911013251
"STD",3.84472879640588e-06,3.84472860058614e-06,3.84472878880731e-06,3.84472856965915e-06
"Q.05",0.275532786953226,0.275532785946441,0.275532787698123,0.275532786135677
"Q.95",0.275545434985436,0.275545433978008,0.275545435730309,0.275545434167142
"theta0",9783217221.53753,9783217221.53753,9783217221.53753,9783217221.53753
"theta1",3720917184.92023,3720917184.92023,3720917184.92023,3720917184.92023
