"","AA","AB","BA","BB"
"EV",0.415639198204645,0.415639192058401,0.415639202713077,0.415639196938023
"STD",8.4202381380173e-06,8.42024037891192e-06,8.42023821756772e-06,8.42024043373935e-06
"Q.05",0.415625348173404,0.415625342023474,0.415625352681705,0.415625346903006
"Q.95",0.415653048291887,0.415653042149329,0.41565305280045,0.415653047029041
"theta0",2001841058.67985,2001841058.67985,2001841058.67985,2001841058.67985
"theta1",1423852536.8082,1423852536.8082,1423852536.8082,1423852536.8082
