"","AA","AB","BA","BB"
"EV",0.23969079464134,0.239690773546897,0.239690776172062,0.239690798262592
"STD",1.90040469093813e-05,1.90040539067166e-05,1.90040268994436e-05,1.90040404734283e-05
"Q.05",0.23965953635242,0.239659515246468,0.239659517916054,0.239659539984258
"Q.95",0.239722054103378,0.239722033020446,0.239722035601186,0.239722057714044
"theta0",383652986.413141,383652986.413141,383652986.413141,383652986.413141
"theta1",120948272.126066,120948272.126066,120948272.126066,120948272.126066
