"","AA","AB","BA","BB"
"EV",0.415665918725528,0.415665931140032,0.415665989041693,0.415665936349284
"STD",2.47452101871226e-05,2.47452360269062e-05,2.47452141599657e-05,2.47452366019226e-05
"Q.05",0.415625216718537,0.41562522909054,0.415625287028168,0.415625234298845
"Q.95",0.415706621216002,0.415706633673009,0.415706691538701,0.415706638883206
"theta0",231783438.761858,231783438.761858,231783438.761858,231783438.761858
"theta1",164879114.653699,164879114.653699,164879114.653699,164879114.653699
