"","AA","AB","BA","BB"
"EV",0.415670893847688,0.41567092021077,0.415670888728802,0.415670895968563
"STD",1.30474661053199e-05,1.30474760324897e-05,1.3047478189785e-05,1.30474805362074e-05
"Q.05",0.415649432742945,0.415649459089698,0.415649427604182,0.415649434840083
"Q.95",0.415692355086839,0.415692381466249,0.41569234998783,0.41569235723145
"theta0",833702745.527239,833702745.527239,833702745.527239,833702745.527239
"theta1",593066424.626042,593066424.626042,593066424.626042,593066424.626042
