"","AA","AB","BA","BB"
"EV",0.239677514402912,0.239677514484215,0.239677512684962,0.239677513825245
"STD",4.13472972804792e-06,4.13473009741809e-06,4.13472976134522e-06,4.13473010807199e-06
"Q.05",0.239670713405491,0.239670713486186,0.239670711687486,0.239670712827199
"Q.95",0.23968431545587,0.23968431553778,0.239684313737975,0.239684314878828
"theta0",8104544381.10416,8104544381.10416,8104544381.10416,8104544381.10416
"theta1",2554806787.29215,2554806787.29215,2554806787.29215,2554806787.29215
