"","AA","AB","BA","BB"
"EV",0.239680552293715,0.239680489924419,0.239680425991291,0.23968049128779
"STD",3.29479053685126e-05,3.29480590578341e-05,3.29478633103199e-05,3.29478168255849e-05
"Q.05",0.239626359575316,0.239626296953241,0.239626233342069,0.239626298715023
"Q.95",0.239734748538541,0.239734686422058,0.239734622166935,0.239734687386967
"theta0",127633676.468222,127633676.468222,127633676.468222,127633676.468222
"theta1",40234798.2675301,40234798.2675301,40234798.2675301,40234798.2675301
