"","AA","AB","BA","BB"
"EV",0.275500455445952,0.275502537770891,0.275502738336828,0.275504155481585
"STD",0.000175061686782582,0.000175078468427762,0.000175078669242252,0.000175093697526471
"Q.05",0.275212543790613,0.27521459851917,0.275214798754833,0.27521619118662
"Q.95",0.275788445487357,0.275790555422613,0.275790756318897,0.275792198189339
"theta0",4716663.75994759,4716663.75994759,4716663.75994759,4716663.75994759
"theta1",1793591.38394075,1793591.38394075,1793591.38394075,1793591.38394075
