"","AA","AB","BA","BB"
"EV",0.239673412173724,0.23967344645795,0.239673438203152,0.239673414313929
"STD",1.68764774660345e-05,1.68764841219149e-05,1.68764549082447e-05,1.68764690638111e-05
"Q.05",0.239645653301188,0.239645687574466,0.239645679367719,0.239645655455213
"Q.95",0.23970117197152,0.239701206266693,0.239701197963842,0.239701174097903
"theta0",486469823.783931,486469823.783931,486469823.783931,486469823.783931
"theta1",153347120.093108,153347120.093108,153347120.093108,153347120.093108
