"","AA","AB","BA","BB"
"EV",0.275483755363526,0.275483756576842,0.275483759209399,0.27548376452828
"STD",9.24981443923197e-06,9.24981262989012e-06,9.24981354348261e-06,9.24981055758999e-06
"Q.05",0.275468540882128,0.27546854209842,0.275468544729475,0.275468550053268
"Q.95",0.275498970063786,0.275498971274126,0.275498973908186,0.275498979222156
"theta0",1690153245.51628,1690153245.51628,1690153245.51628,1690153245.51628
"theta1",642649181.339758,642649181.339758,642649181.339758,642649181.339758
