"","AA","AB","BA","BB"
"EV",0.239680376549271,0.239680367747451,0.239680374425386,0.239680380646222
"STD",1.64899101842108e-05,1.64899122405527e-05,1.64898987173988e-05,1.64899031329231e-05
"Q.05",0.239653253502359,0.239653244697156,0.239653251397334,0.239653257610908
"Q.95",0.239707500479499,0.239707491681062,0.239707498336752,0.239707504564852
"theta0",509550855.761126,509550855.761126,509550855.761126,509550855.761126
"theta1",160628946.139343,160628946.139343,160628946.139343,160628946.139343
