"","AA","AB","BA","BB"
"EV",0.415636553119422,0.415636553992316,0.415636554065615,0.415636554251525
"STD",3.09562280260408e-06,3.09562278137478e-06,3.0956228886899e-06,3.09562288620279e-06
"Q.05",0.415631461276812,0.415631462149741,0.415631462222863,0.415631462408778
"Q.95",0.415641644969601,0.41564164584246,0.415641645915935,0.415641646101842
"theta0",14810977019.645,14810977019.645,14810977019.645,14810977019.645
"theta1",10534511507.0181,10534511507.0181,10534511507.0181,10534511507.0181
