"","AA","AB","BA","BB"
"EV",0.239667159567883,0.239667184268285,0.239667167919372,0.239667176852597
"STD",1.59892233829804e-05,1.59892102636391e-05,1.59892116847524e-05,1.59891927655252e-05
"Q.05",0.239640860051095,0.239640884773076,0.239640868421825,0.239640877386168
"Q.95",0.239693459915234,0.239693484594057,0.239693468247481,0.239693477149586
"theta0",541952381.636125,541952381.636125,541952381.636125,541952381.636125
"theta1",170830707.262469,170830707.262469,170830707.262469,170830707.262469
