"","AA","AB","BA","BB"
"EV",0.275501794792882,0.275501771659032,0.275501832608798,0.275501781398847
"STD",1.90121799347805e-05,1.90121983248443e-05,1.90121715506853e-05,1.90121969321295e-05
"Q.05",0.275470523002023,0.275470499837924,0.275470560831728,0.275470509580031
"Q.95",0.275533067508261,0.275533044404661,0.275533105310386,0.275533054142186
"theta0",400067925.334139,400067925.334139,400067925.334139,400067925.334139
"theta1",152132097.573684,152132097.573684,152132097.573684,152132097.573684
