"","AA","AB","BA","BB"
"EV",0.268105766396425,0.275012512745458,0.288241275206207,0.28230814938845
"STD",0.007681486256554,0.00674955828485645,0.00949721758643082,0.00922166553108991
"Q.05",0.255550385076703,0.263969069782295,0.272725880383259,0.267244056900274
"Q.95",0.280819790712981,0.286172898919665,0.303968521606137,0.297580150512239
"theta0",1141.22167967395,1141.22167967395,1141.22167967395,1141.22167967395
"theta1",440.332016689623,440.332016689623,440.332016689623,440.332016689623
