"","AA","AB","BA","BB"
"EV",0.239679734549927,0.239679741176382,0.239679744324776,0.239679702547892
"STD",1.64562786663787e-05,1.64562842022466e-05,1.64562583662601e-05,1.64562708466021e-05
"Q.05",0.239652666820141,0.239652673437491,0.23965267662838,0.239652634830968
"Q.95",0.239706803159434,0.239706809794995,0.239706812900891,0.239706771144536
"theta0",511635303.31037,511635303.31037,511635303.31037,511635303.31037
"theta1",161285469.609272,161285469.609272,161285469.609272,161285469.609272
