"","AA","AB","BA","BB"
"EV",0.275533452982912,0.275533453275257,0.275533453381132,0.27553345386891
"STD",2.6859990071816e-06,2.68599908664998e-06,2.68599893950691e-06,2.68599908164753e-06
"Q.05",0.275529034916928,0.275529035209142,0.275529035315259,0.275529035802803
"Q.95",0.275537871067346,0.275537871359821,0.275537871465454,0.275537871953466
"theta0",20044687100.6195,20044687100.6195,20044687100.6195,20044687100.6195
"theta1",7623515377.60987,7623515377.60987,7623515377.60987,7623515377.60987
