"","AA","AB","BA","BB"
"EV",0.41563763290908,0.415637632342019,0.415637632854429,0.415637633349929
"STD",4.60680900858072e-06,4.60680902196335e-06,4.60680895153459e-06,4.6068089841277e-06
"Q.05",0.415630055390955,0.415630054823872,0.415630055336398,0.415630055831845
"Q.95",0.415645210443968,0.415645209876929,0.415645210389224,0.415645210884777
"theta0",6687732185.77834,6687732185.77834,6687732185.77834,6687732185.77834
"theta1",4756762808.86624,4756762808.86624,4756762808.86624,4756762808.86624
