"","AA","AB","BA","BB"
"EV",0.417599899289253,0.412085954436352,0.418166792795828,0.418690289903582
"STD",0.00567275010334059,0.00521631124194853,0.00585769655775253,0.00551032492589446
"Q.05",0.408281380517066,0.403517058459706,0.40854478231066,0.409638079329466
"Q.95",0.426943216418168,0.420677307836233,0.427815053368839,0.42776557225321
"theta0",3724.07223056518,3724.07223056518,3724.07223056518,3724.07223056518
"theta1",2659.71257286156,2659.71257286156,2659.71257286156,2659.71257286156
