"","AA","AB","BA","BB"
"EV",0.275575218898643,0.275575218902099,0.27557521890823,0.275575218901574
"STD",2.18835251203942e-07,2.18835251237024e-07,2.18835251146482e-07,2.18835251225923e-07
"Q.05",0.275574858946748,0.275574858950204,0.275574858956335,0.275574858949678
"Q.95",0.275575578850661,0.275575578854117,0.275575578860248,0.275575578853592
"theta0",3019897437644.29,3019897437644.29,3019897437644.29,3019897437644.29
"theta1",1148785794132.85,1148785794132.85,1148785794132.85,1148785794132.85
