"","AA","AB","BA","BB"
"EV",0.27543002952563,0.275430029600542,0.275430029552347,0.275430029548141
"STD",8.06793043422261e-07,8.06793047369026e-07,8.06793048009448e-07,8.06793048572706e-07
"Q.05",0.275428702469999,0.275428702544904,0.275428702496709,0.275428702492501
"Q.95",0.275431356582926,0.275431356657845,0.275431356609651,0.275431356605445
"theta0",222150684100.51,222150684100.51,222150684100.51,222150684100.51
"theta1",84445908585.3237,84445908585.3237,84445908585.3237,84445908585.3237
