"","AA","AB","BA","BB"
"EV",0.239673195912243,0.239673202430222,0.239673181065334,0.23967319070171
"STD",1.02597991937468e-05,1.02598079597304e-05,1.02598053471109e-05,1.02598090946206e-05
"Q.05",0.239656320215309,0.23965632671887,0.239656305358279,0.239656314988491
"Q.95",0.239690071951139,0.239690078483537,0.239690057114351,0.239690066756891
"theta0",1316259266.60562,1316259266.60562,1316259266.60562,1316259266.60562
"theta1",414916398.472365,414916398.472365,414916398.472365,414916398.472365
