"","AA","AB","BA","BB"
"EV",0.414789059119941,0.411024675561754,0.413676357914249,0.422060660385972
"STD",0.00683326117181763,0.00665404019622807,0.00659442047801711,0.00653279282869222
"Q.05",0.403567859383022,0.400098145837658,0.402846989532895,0.411330565551496
"Q.95",0.426047544473273,0.421988222073606,0.424540931417633,0.432821773343149
"theta0",2327.67338041634,2327.67338041634,2327.67338041634,2327.67338041634
"theta1",1653.89414257319,1653.89414257319,1653.89414257319,1653.89414257319
