"","AA","AB","BA","BB"
"EV",0.239688497145045,0.23968847779619,0.239688493408568,0.23968848462836
"STD",1.00069458773299e-05,1.00069495901189e-05,1.00069437041436e-05,1.00069490389225e-05
"Q.05",0.239672037346465,0.239672017991504,0.239672033613563,0.239672024824581
"Q.95",0.239704957268906,0.239704937926158,0.239704953528854,0.239704944757422
"theta0",1383651584.37474,1383651584.37474,1383651584.37474,1383651584.37474
"theta1",436196679.135767,436196679.135767,436196679.135767,436196679.135767
