"","AA","AB","BA","BB"
"EV",0.239674485625757,0.239675353793954,0.239675466650365,0.239675245060778
"STD",6.50422661982922e-05,6.50423544147354e-05,6.50425944164974e-05,6.50426319615348e-05
"Q.05",0.239567507490159,0.239568375513232,0.239568487974921,0.239568266323596
"Q.95",0.239781477504566,0.239782345817845,0.239782459069069,0.239782237541256
"theta0",32750069.2274984,32750069.2274984,32750069.2274984,32750069.2274984
"theta1",10323715.2234086,10323715.2234086,10323715.2234086,10323715.2234086
