"","AA","AB","BA","BB"
"EV",0.420500415080512,0.418197523463818,0.411399920104904,0.407881533516047
"STD",0.00709955192984021,0.00691821716147224,0.0077213882930746,0.00751578612548208
"Q.05",0.408841246860596,0.406836235732167,0.398723997877748,0.395543507797746
"Q.95",0.432196989756471,0.429595415352478,0.424125467940959,0.420268572098232
"theta0",1789.05067901318,1789.05067901318,1789.05067901318,1789.05067901318
"theta1",1266.51737160474,1266.51737160474,1266.51737160474,1266.51737160474
