"","AA","AB","BA","BB"
"EV",0.422208014223097,0.406565719156709,0.413665290716073,0.408320319415409
"STD",0.00668909548053698,0.00765055320879198,0.00914043625648631,0.00954441929265824
"Q.05",0.411221534765566,0.394007289549142,0.398664138288035,0.392660138651362
"Q.95",0.433226949714443,0.419175713347939,0.428734106813329,0.424059157108523
"theta0",1335.59741995363,1335.59741995363,1335.59741995363,1335.59741995363
"theta1",938.494837268769,938.494837268769,938.494837268769,938.494837268769
