"","AA","AB","BA","BB"
"EV",0.275477005037095,0.275477002474249,0.275477006084357,0.275477003379204
"STD",6.33069740645684e-06,6.33069773715243e-06,6.33069700140751e-06,6.33069741943866e-06
"Q.05",0.275466592017768,0.275466589454377,0.275466593065695,0.275466590359855
"Q.95",0.275487418158948,0.275487415596645,0.275487419205543,0.275487416501078
"theta0",3608165578.06178,3608165578.06178,3608165578.06178,3608165578.06178
"theta1",1371891092.54563,1371891092.54563,1371891092.54563,1371891092.54563
