"","AA","AB","BA","BB"
"EV",0.239677231373511,0.239677224550376,0.239677197271017,0.23967724497048
"STD",2.16540704715887e-05,2.1654133416914e-05,2.16541085585342e-05,2.16540532575299e-05
"Q.05",0.239641614358786,0.23964160743212,0.239641580193648,0.239641627984069
"Q.95",0.239712849911474,0.23971284319188,0.239712815871631,0.239712863480127
"theta0",295488884.980142,295488884.980142,295488884.980142,295488884.980142
"theta1",93147223.9479405,93147223.9479405,93147223.9479405,93147223.9479405
