"","AA","AB","BA","BB"
"EV",0.415642216092729,0.415642174738036,0.415642211316067,0.415642208962908
"STD",1.63066632014196e-05,1.63066537375162e-05,1.63066612552329e-05,1.6306650200206e-05
"Q.05",0.415615394123626,0.4156153527845,0.415615389350166,0.41561538701519
"Q.95",0.41566903827185,0.415668996901591,0.415669033491988,0.415669031120644
"theta0",533760866.519769,533760866.519769,533760866.519769,533760866.519769
"theta1",379653601.522626,379653601.522626,379653601.522626,379653601.522626
