"","AA","AB","BA","BB"
"EV",0.239678308881983,0.239678220737674,0.239678255002935,0.239678219089966
"STD",3.28363198009763e-05,3.28360794194623e-05,3.2836421799016e-05,3.28363807716008e-05
"Q.05",0.239624299693613,0.239624211944671,0.239624245646805,0.239624209801315
"Q.95",0.239732321572987,0.239732233033261,0.239732267861723,0.239732231881265
"theta0",128502369.842188,128502369.842188,128502369.842188,128502369.842188
"theta1",40508144.4618985,40508144.4618985,40508144.4618985,40508144.4618985
