"","AA","AB","BA","BB"
"EV",0.2754922709222,0.275492260826232,0.275492269209744,0.275492245721343
"STD",1.64459756901962e-05,1.64459890754496e-05,1.64459493168714e-05,1.64459849071656e-05
"Q.05",0.275465220045354,0.27546520992737,0.275465218376278,0.275465194829337
"Q.95",0.275519322490876,0.275519312416925,0.275519320735039,0.27551929730518
"theta0",534657096.484105,534657096.484105,534657096.484105,534657096.484105
"theta1",203302028.289534,203302028.289534,203302028.289534,203302028.289534
