"","AA","AB","BA","BB"
"EV",0.415671620901735,0.415671659460298,0.415671699760573,0.415671661519056
"STD",2.11285802532981e-05,2.11286134668112e-05,2.1128559900692e-05,2.11285997543133e-05
"Q.05",0.415636867656099,0.415636906160031,0.415636946548413,0.415636908241343
"Q.95",0.41570637449983,0.415706413113025,0.41570645332519,0.415706415149227
"theta0",317923146.995283,317923146.995283,317923146.995283,317923146.995283
"theta1",226159906.104117,226159906.104117,226159906.104117,226159906.104117
