"","AA","AB","BA","BB"
"EV",0.27551146013047,0.27551144503504,0.275511465972035,0.27551146152742
"STD",1.30307080727149e-05,1.303070654901e-05,1.30307064457031e-05,1.30307050282061e-05
"Q.05",0.275490026740171,0.275490011647248,0.275490032584412,0.275490028142129
"Q.95",0.27553289395504,0.275532878857104,0.275532899793928,0.275532895346982
"theta0",851659946.896089,851659946.896089,851659946.896089,851659946.896089
"theta1",323872718.886438,323872718.886438,323872718.886438,323872718.886438
