"","AA","AB","BA","BB"
"EV",0.415657493510735,0.415657485681181,0.415657451852833,0.415657491604404
"STD",1.940425429348e-05,1.9404243817773e-05,1.94042508693517e-05,1.94042390748645e-05
"Q.05",0.415625576501345,0.415625568689021,0.415625534849074,0.415625574620045
"Q.95",0.415689410817456,0.415689402970671,0.415689369153922,0.415689408886092
"theta0",376943252.694524,376943252.694524,376943252.694524,376943252.694524
"theta1",268129183.796129,268129183.796129,268129183.796129,268129183.796129
