"","AA","AB","BA","BB"
"EV",0.415668574370533,0.415668505409804,0.415668612820377,0.415668534788357
"STD",2.60017755787303e-05,2.60018664777802e-05,2.60018854334504e-05,2.60019040539969e-05
"Q.05",0.415625805522566,0.415625736412323,0.415625843791717,0.415625765729069
"Q.95",0.415711343752316,0.415711274941104,0.415711382382857,0.415711304381465
"theta0",209920621.140867,209920621.140867,209920621.140867,209920621.140867
"theta1",149328609.098555,149328609.098555,149328609.098555,149328609.098555
