"","AA","AB","BA","BB"
"EV",0.275509569354839,0.275509773076551,0.275510697905803,0.27550926992823
"STD",9.94517293893308e-05,9.94570033403849e-05,9.94512544116382e-05,9.9456811519429e-05
"Q.05",0.275345998465509,0.275346193513669,0.275347127797526,0.275345690680859
"Q.95",0.275673165540335,0.27567337793825,0.275674293309814,0.275672874474405
"theta0",14619192.31139,14619192.31139,14619192.31139,14619192.31139
"theta1",5559400.69124747,5559400.69124747,5559400.69124747,5559400.69124747
