"","AA","AB","BA","BB"
"EV",0.275493996183485,0.275493996226009,0.275494000265925,0.275493997622092
"STD",6.31200171273416e-06,6.31200176154346e-06,6.31200161698503e-06,6.31200160451423e-06
"Q.05",0.275483613915529,0.275483613957972,0.275483617998126,0.275483615354314
"Q.95",0.275504378553349,0.275504378595954,0.275504382635632,0.275504379991779
"theta0",3629625147.35691,3629625147.35691,3629625147.35691,3629625147.35691
"theta1",1380167918.80593,1380167918.80593,1380167918.80593,1380167918.80593
