"","AA","AB","BA","BB"
"EV",0.239682652010789,0.23968249877649,0.239682702173377,0.239682664862624
"STD",4.05823885144603e-05,4.05824232757788e-05,4.05821194730075e-05,4.05821684721008e-05
"Q.05",0.239615902596879,0.239615749305411,0.239615953201965,0.239615915810623
"Q.95",0.239749406774631,0.239749253597517,0.239749456494649,0.239749419264499
"theta0",84129380.0404349,84129380.0404349,84129380.0404349,84129380.0404349
"theta1",26520965.8696024,26520965.8696024,26520965.8696024,26520965.8696024
