"","AA","AB","BA","BB"
"EV",0.239722621298058,0.23972262516507,0.239722623407758,0.239722622868684
"STD",6.76061494087947e-06,6.76061613957813e-06,6.76061455604258e-06,6.76061598601188e-06
"Q.05",0.239711501150268,0.239711505015309,0.239711503260602,0.239711502719175
"Q.95",0.23973374159428,0.239733745463264,0.239733743703347,0.239733743166625
"theta0",3031660259.51859,3031660259.51859,3031660259.51859,3031660259.51859
"theta1",955911055.953796,955911055.953796,955911055.953796,955911055.953796
