"","AA","AB","BA","BB"
"EV",0.239647392475205,0.23964739179983,0.239647382997579,0.239647386250403
"STD",8.91630895123503e-06,8.91630843496498e-06,8.91631281791055e-06,8.91631277376692e-06
"Q.05",0.239632726581245,0.239632725906719,0.239632717097259,0.239632720350155
"Q.95",0.239662058627478,0.239662057951254,0.239662049156212,0.239662052408963
"theta0",1742738024.69629,1742738024.69629,1742738024.69629,1742738024.69629
"theta1",549274915.120526,549274915.120526,549274915.120526,549274915.120526
