"","AA","AB","BA","BB"
"EV",0.239658670679758,0.239658662649338,0.239658658894089,0.239658643995718
"STD",1.93201214578661e-05,1.93201722691787e-05,1.93201694545721e-05,1.93201848737249e-05
"Q.05",0.239626892514274,0.23962688440028,0.239626880649661,0.239626865725929
"Q.95",0.239690450057967,0.239690442111127,0.239690438351249,0.239690423478241
"theta0",371182475.729869,371182475.729869,371182475.729869,371182475.729869
"theta1",116996261.525073,116996261.525073,116996261.525073,116996261.525073
