"","AA","AB","BA","BB"
"EV",0.415657738139103,0.415657816713205,0.415657824840378,0.415657902847777
"STD",2.8174952956802e-05,2.81750203028664e-05,2.81749753528583e-05,2.81750315972549e-05
"Q.05",0.415611394778964,0.415611473242293,0.4156114814434,0.415611559358286
"Q.95",0.415704082126102,0.41570416081098,0.415704168864215,0.415704246964128
"theta0",178788915.64371,178788915.64371,178788915.64371,178788915.64371
"theta1",127177215.088544,127177215.088544,127177215.088544,127177215.088544
