"","AA","AB","BA","BB"
"EV",0.239607548624236,0.239607548631361,0.239607548618531,0.239607548624361
"STD",3.6848654157081e-07,3.68486541504398e-07,3.68486541573161e-07,3.6848654151252e-07
"Q.05",0.239606942518033,0.239606942525158,0.239606942512328,0.239606942518157
"Q.95",0.239608154730881,0.239608154738006,0.239608154725176,0.239608154731006
"theta0",1020311609510.73,1020311609510.73,1020311609510.73,1020311609510.73
"theta1",321510771373.136,321510771373.136,321510771373.136,321510771373.136
