"","AA","AB","BA","BB"
"EV",0.415664467719862,0.415664411806374,0.415664412619582,0.41566455056883
"STD",3.14217051900183e-05,3.14216305622254e-05,3.14216762334171e-05,3.14215649560981e-05
"Q.05",0.415612784003897,0.41561272821316,0.415612728951247,0.415612867083527
"Q.95",0.415716152215416,0.415716096179175,0.415716097067507,0.415716234833717
"theta0",143749723.789636,143749723.789636,143749723.789636,143749723.789636
"theta1",102255720.217551,102255720.217551,102255720.217551,102255720.217551
