"","AA","AB","BA","BB"
"EV",0.275492837031826,0.2754928327227,0.2754928477262,0.275492834822303
"STD",1.08007374256941e-05,1.08007346652458e-05,1.08007409044449e-05,1.08007420070411e-05
"Q.05",0.275475071548894,0.275475067244308,0.275475082237545,0.275475069331835
"Q.95",0.27551060281315,0.275510598499482,0.275510613513245,0.275510600611162
"theta0",1239619425.43579,1239619425.43579,1239619425.43579,1239619425.43579
"theta1",471363557.989827,471363557.989827,471363557.989827,471363557.989827
