"","AA","AB","BA","BB"
"EV",0.275496887444888,0.275496887439694,0.275496888371842,0.275496885025381
"STD",9.39495962344261e-06,9.39496145556089e-06,9.39495418242523e-06,9.39496149444446e-06
"Q.05",0.275481434224359,0.275481434216152,0.275481435160263,0.275481431801775
"Q.95",0.275512340891182,0.275512340889002,0.275512341809187,0.275512338474752
"theta0",1638351647.37691,1638351647.37691,1638351647.37691,1638351647.37691
"theta1",622993567.200392,622993567.200392,622993567.200392,622993567.200392
