"","AA","AB","BA","BB"
"EV",0.415664489634987,0.415664475108899,0.415664501807311,0.415664527378046
"STD",2.31039286344437e-05,2.3103994627607e-05,2.3103963640174e-05,2.31040005306983e-05
"Q.05",0.415626487264911,0.415626472630276,0.415626499379657,0.415626524889712
"Q.95",0.415702492426543,0.415702478009006,0.415702504656448,0.415702530287862
"theta0",265884331.801317,265884331.801317,265884331.801317,265884331.801317
"theta1",189135654.355689,189135654.355689,189135654.355689,189135654.355689
