"","AA","AB","BA","BB"
"EV",0.239677168972072,0.239677170879735,0.239677123700803,0.239677031194063
"STD",2.77803735473375e-05,2.77803425636656e-05,2.77804682825416e-05,2.77803340790304e-05
"Q.05",0.239631475577436,0.23963147753606,0.23963143015035,0.239631337864344
"Q.95",0.239722864873771,0.239722866730468,0.239722819758336,0.23972272703084
"theta0",179532704.4888,179532704.4888,179532704.4888,179532704.4888
"theta1",56594222.748559,56594222.748559,56594222.748559,56594222.748559
