"","AA","AB","BA","BB"
"EV",0.275508722397279,0.275508733407445,0.27550873341946,0.275508737950863
"STD",1.06327099543874e-05,1.06327095771665e-05,1.06327079271968e-05,1.06327070961058e-05
"Q.05",0.27549123329032,0.275491244301107,0.275491244315837,0.275491248848606
"Q.95",0.275526211793385,0.275526222802931,0.275526222812232,0.275526227342268
"theta0",1279126454.9436,1279126454.9436,1279126454.9436,1279126454.9436
"theta1",486424782.300591,486424782.300591,486424782.300591,486424782.300591
