"","AA","AB","BA","BB"
"EV",0.271665559121626,0.282793814356363,0.275986596386004,0.274136614549673
"STD",0.00624976319584985,0.0067842351135221,0.00591317993434119,0.00646239952273252
"Q.05",0.261436985704566,0.271690898828168,0.266304942404474,0.263560938259985
"Q.95",0.281996665098182,0.294008856417627,0.285757415701519,0.284820123013324
"theta0",2518.78558434385,2518.78558434385,2518.78558434385,2518.78558434385
"theta1",960.900880153368,960.900880153368,960.900880153368,960.900880153368
