"","AA","AB","BA","BB"
"EV",0.403256587037445,0.419540499388728,0.420017949097604,0.415533059801251
"STD",0.00876364997302249,0.00885997478782692,0.00763650190086577,0.00767656200615615
"Q.05",0.38887653711661,0.404996356275481,0.407478616487234,0.402929369117514
"Q.95",0.417706885319437,0.434143650765596,0.432600838925356,0.428183375385384
"theta0",1244.16681629621,1244.16681629621,1244.16681629621,1244.16681629621
"theta1",881.112109107693,881.112109107693,881.112109107693,881.112109107693
