"","AA","AB","BA","BB"
"EV",0.231764178819088,0.235645273244298,0.259080861624991,0.238322991706891
"STD",0.00630817516804894,0.0112058275495614,0.00881496774762201,0.0128497132370489
"Q.05",0.221456616849411,0.217424530306907,0.244692898499325,0.217460145073154
"Q.95",0.242208113014114,0.254285546822492,0.273690729910776,0.259727830925559
"theta0",653.614812186793,653.614812186793,653.614812186793,653.614812186793
"theta1",207.770465401692,207.770465401692,207.770465401692,207.770465401692
