"","AA","AB","BA","BB"
"EV",0.237317318890688,0.248562079500402,0.236211288238331,0.237810370746053
"STD",0.00597814144476163,0.00685175031088638,0.00672641748448246,0.00723308278847169
"Q.05",0.227543352891774,0.237364087379683,0.22522286822861,0.22599946155747
"Q.95",0.247209267233304,0.259903841367324,0.247350199113777,0.24979344810339
"theta0",1987.88261920023,1987.88261920023,1987.88261920023,1987.88261920023
"theta1",627.668336989273,627.668336989273,627.668336989273,627.668336989273
