"","AA","AB","BA","BB"
"EV",0.239665925047743,0.239665938567005,0.239665934523434,0.239665939258287
"STD",8.75394685301899e-06,8.75395171575188e-06,8.75394932571458e-06,8.75395214406586e-06
"Q.05",0.239651526210993,0.239651539722256,0.239651535682616,0.239651540412834
"Q.95",0.239680324133454,0.239680337660714,0.239680333613212,0.239680338352701
"theta0",1808034888.35503,1808034888.35503,1808034888.35503,1808034888.35503
"theta1",569913134.78627,569913134.78627,569913134.78627,569913134.78627
