"","AA","AB","BA","BB"
"EV",0.233545549858584,0.252083422574801,0.231668520206699,0.252471511470865
"STD",0.0093599097628365,0.0107508492580734,0.00682149794701742,0.00837580115883558
"Q.05",0.218299126355898,0.234573705208752,0.220528295854821,0.23879963774032
"Q.95",0.249088742683169,0.269939068543887,0.242968325832922,0.266352736955166
"theta0",787.266774838147,787.266774838147,787.266774838147,787.266774838147
"theta1",251.950834504907,251.950834504907,251.950834504907,251.950834504907
