"","AA","AB","BA","BB"
"EV",0.415640788119523,0.415640824927831,0.415640869067937,0.415640830869203
"STD",1.9679015440886e-05,1.96790755601468e-05,1.96790781523903e-05,1.96790861592369e-05
"Q.05",0.415608419172534,0.415608455881956,0.415608500017798,0.415608461805894
"Q.95",0.415673157372386,0.415673194279582,0.415673238423952,0.415673200238388
"theta0",366494969.771367,366494969.771367,366494969.771367,366494969.771367
"theta1",260679185.202498,260679185.202498,260679185.202498,260679185.202498
