"","AA","AB","BA","BB"
"EV",0.415639178915993,0.415639188013195,0.415639175454212,0.41563917623327
"STD",8.36564069114686e-06,8.36564102370861e-06,8.36564265284569e-06,8.36564270934476e-06
"Q.05",0.415625418689199,0.415625427785853,0.415625415224191,0.415625416003156
"Q.95",0.415652939198065,0.415652948295813,0.41565293573951,0.415652936518661
"theta0",2028056003.36046,2028056003.36046,2028056003.36046,2028056003.36046
"theta1",1442498374.55349,1442498374.55349,1442498374.55349,1442498374.55349
