"","AA","AB","BA","BB"
"EV",0.275499191199708,0.275499194054664,0.275499192921964,0.275499195272815
"STD",5.80152883048089e-06,5.80152875666184e-06,5.80152887938335e-06,5.80152878808964e-06
"Q.05",0.275489648577014,0.275489651432091,0.275489650299189,0.27548965265019
"Q.95",0.275508733908491,0.275508736763326,0.275508735630827,0.275508737981528
"theta0",4296482634.10642,4296482634.10642,4296482634.10642,4296482634.10642
"theta1",1633783550.1948,1633783550.1948,1633783550.1948,1633783550.1948
