"","AA","AB","BA","BB"
"EV",0.41566590587488,0.415665921125347,0.415665902704246,0.415665998666952
"STD",2.99208510991426e-05,2.99209355156268e-05,2.99207698968201e-05,2.992085619884e-05
"Q.05",0.415616690807858,0.415616705919474,0.415616687770788,0.415616783591541
"Q.95",0.415715121648783,0.415715137038105,0.415715118344582,0.415715214449243
"theta0",158531834.579124,158531834.579124,158531834.579124,158531834.579124
"theta1",112771591.489103,112771591.489103,112771591.489103,112771591.489103
