"","AA","AB","BA","BB"
"EV",0.275483835757952,0.27548383311609,0.275483839072423,0.275483832931826
"STD",1.07313159570789e-05,1.07313203801686e-05,1.07313172416349e-05,1.07313207339715e-05
"Q.05",0.275466184461271,0.275466181812134,0.275466187773629,0.275466181627288
"Q.95",0.275501487349218,0.275501484714632,0.275501490665802,0.275501484530949
"theta0",1255699513.19511,1255699513.19511,1255699513.19511,1255699513.19511
"theta1",477456452.412193,477456452.412193,477456452.412193,477456452.412193
