"","AA","AB","BA","BB"
"EV",0.275489385381417,0.275489409531114,0.275489385996428,0.275489396379314
"STD",1.35086507329194e-05,1.3508670521155e-05,1.35086721643444e-05,1.35086755579727e-05
"Q.05",0.275467165861655,0.275467189978803,0.275467166441416,0.275467176818719
"Q.95",0.27551160536796,0.275511629550205,0.275511606018223,0.275511616406691
"theta0",792444347.519196,792444347.519196,792444347.519196,792444347.519196
"theta1",301320659.218118,301320659.218118,301320659.218118,301320659.218118
