"","AA","AB","BA","BB"
"EV",0.275766481883261,0.275766481883261,0.275766481883261,0.275766481883261
"STD",5.20262092586665e-10,5.20262092586666e-10,5.20262092586666e-10,5.20262092586666e-10
"Q.05",0.275766481027694,5.562684646268e-309,5.562684646268e-309,0.275766481027694
"Q.95",0.275766482738828,1,0.275766482738828,0.275766482738828
"theta0",534385115062143168,534385115062143168,534385115062143168,534385115062143168
"theta1",203477883120724288,203477883120724288,203477883120724288,203477883120724288
