"","AA","AB","BA","BB"
"EV",0.239617611995671,0.239617611867674,0.239617612394342,0.239617612144668
"STD",2.22154241026701e-06,2.22154240399363e-06,2.22154239278833e-06,2.22154238393227e-06
"Q.05",0.2396139578916,0.239613957763613,0.239613958290299,0.23961395804064
"Q.95",0.239621266115781,0.239621265987774,0.239621266514423,0.239621266264735
"theta0",28072016094.9997,28072016094.9997,28072016094.9997,28072016094.9997
"theta1",8846272047.44859,8846272047.44859,8846272047.44859,8846272047.44859
