"","AA","AB","BA","BB"
"EV",0.239680359244361,0.239680354672869,0.239680356888854,0.239680358507305
"STD",4.60875603013162e-06,4.60875605133585e-06,4.60875595499661e-06,4.60875599465971e-06
"Q.05",0.239672778549789,0.239672773978262,0.239672776194406,0.239672777812792
"Q.95",0.239687940007933,0.239687935436475,0.239687937652302,0.239687939270818
"theta0",6523149841.57232,6523149841.57232,6523149841.57232,6523149841.57232
"theta1",2056333674.9381,2056333674.9381,2056333674.9381,2056333674.9381
