"","AA","AB","BA","BB"
"EV",0.234490163924901,0.230223532165541,0.235211548157843,0.251414281774354
"STD",0.00897467078104451,0.00735321186286128,0.00855890770169249,0.00715371458243275
"Q.05",0.219864448703162,0.218222655456528,0.22125672067736,0.239724621594928
"Q.95",0.24938697779881,0.242411665720891,0.249411730552959,0.263257715959031
"theta0",1068.27417168246,1068.27417168246,1068.27417168246,1068.27417168246
"theta1",333.357781978245,333.357781978245,333.357781978245,333.357781978245
