"","AA","AB","BA","BB"
"EV",0.275494306066809,0.275494298973851,0.275494305091867,0.275494323514073
"STD",1.3382100993359e-05,1.33820999080608e-05,1.33820990156125e-05,1.33820984764599e-05
"Q.05",0.275472294698485,0.275472287607312,0.275472293726796,0.275472312149889
"Q.95",0.275516317893194,0.27551631079845,0.275516316914998,0.275516335336317
"theta0",807508552.368745,807508552.368745,807508552.368745,807508552.368745
"theta1",307056262.970695,307056262.970695,307056262.970695,307056262.970695
