"","AA","AB","BA","BB"
"EV",0.415657886352662,0.415657704280711,0.415657870707178,0.415657817937251
"STD",3.12840543782568e-05,3.12840379668613e-05,3.12841770512573e-05,3.12841720659609e-05
"Q.05",0.415606429048759,0.415606247003803,0.415606413201499,0.415606360439772
"Q.95",0.415709344429403,0.415709162330459,0.415709328985702,0.415709276207574
"theta0",145017418.691393,145017418.691393,145017418.691393,145017418.691393
"theta1",103154668.84609,103154668.84609,103154668.84609,103154668.84609
