"","AA","AB","BA","BB"
"EV",0.415634079538868,0.41563403770627,0.415634110163678,0.415634087659849
"STD",2.55096298698378e-05,2.55097435702801e-05,2.5509720700829e-05,2.55097585367571e-05
"Q.05",0.415592120188658,0.415592078169042,0.415592150664066,0.415592128098004
"Q.95",0.415676039403099,0.415675997757524,0.415676070177314,0.415676047735721
"theta0",218106197.060612,218106197.060612,218106197.060612,218106197.060612
"theta1",155129457.347408,155129457.347408,155129457.347408,155129457.347408
