"","AA","AB","BA","BB"
"EV",0.415643671856854,0.415643629130339,0.41564378156794,0.415643705688589
"STD",3.18756094411835e-05,3.1875660906152e-05,3.18755144478191e-05,3.18756204166551e-05
"Q.05",0.415591241546283,0.415591198735118,0.415591351413616,0.415591275359965
"Q.95",0.41569610296991,0.41569606032805,0.415696212524743,0.415696136819698
"theta0",139687373.781066,139687373.781066,139687373.781066,139687373.781066
"theta1",99357491.5819023,99357491.5819023,99357491.5819023,99357491.5819023
