"","AA","AB","BA","BB"
"EV",0.274570252254403,0.275109294974978,0.280081545300481,0.273635640627545
"STD",0.00534349426904541,0.00513167038383988,0.00519898277609949,0.004794122330914
"Q.05",0.265817798722089,0.266702274103182,0.271563553059644,0.265779823913531
"Q.95",0.283396209123079,0.283583861580382,0.28866659063209,0.281550992724908
"theta0",4457.7754924144,4457.7754924144,4457.7754924144,4457.7754924144
"theta1",1698.09079634555,1698.09079634555,1698.09079634555,1698.09079634555
