"","AA","AB","BA","BB"
"EV",0.415652237960713,0.415652223902278,0.415652184087508,0.415652228934894
"STD",1.7943630475262e-05,1.79436404136516e-05,1.79436317808235e-05,1.7943618406879e-05
"Q.05",0.415622723442177,0.415622709367395,0.415622669566825,0.415622714436209
"Q.95",0.415681752733517,0.41568173869143,0.41568169886246,0.415681743687848
"theta0",440809971.045553,440809971.045553,440809971.045553,440809971.045553
"theta1",313552388.426054,313552388.426054,313552388.426054,313552388.426054
