"","AA","AB","BA","BB"
"EV",0.272272794185478,0.272135795382042,0.276908454567533,0.282976209090817
"STD",0.00580109514826475,0.00726217848388387,0.00658130933397351,0.00684870785119753
"Q.05",0.262774913914433,0.260259749654691,0.266138159161568,0.271768248187128
"Q.95",0.281858652234722,0.284149862683335,0.287788529003253,0.294298298005736
"theta0",2272.98286541415,2272.98286541415,2272.98286541415,2272.98286541415
"theta1",866.814867562211,866.814867562211,866.814867562211,866.814867562211
