"","AA","AB","BA","BB"
"EV",0.275468761511778,0.275468761511823,0.275468761511812,0.275468761512123
"STD",6.82209195961972e-08,6.82209195947077e-08,6.82209195969173e-08,6.8220919596483e-08
"Q.05",0.275468649298357,0.275468649298402,0.275468649298391,0.275468649298702
"Q.95",0.275468873725211,0.275468873725256,0.275468873725245,0.275468873725556
"theta0",31070729350533.2,31070729350533.2,31070729350533.2,31070729350533.2
"theta1",11813176408131.7,11813176408131.7,11813176408131.7,11813176408131.7
