"","AA","AB","BA","BB"
"EV",0.272977580044045,0.28626052592272,0.281865189275972,0.268467840585885
"STD",0.00925616218815491,0.00859706945430466,0.0077646592986174,0.00656238267156577
"Q.05",0.257864388039846,0.27220773619809,0.269167515650909,0.257731561872355
"Q.95",0.288313787851051,0.300489237716008,0.294710677232004,0.279319611141524
"theta0",1258.34505654293,1258.34505654293,1258.34505654293,1258.34505654293
"theta1",483.051292093628,483.051292093628,483.051292093628,483.051292093628
