"","AA","AB","BA","BB"
"EV",0.415691755938394,0.41569175403936,0.415691752220427,0.415691757333168
"STD",1.13017015329356e-05,1.13016975465365e-05,1.13017017323047e-05,1.13016980259959e-05
"Q.05",0.415673166344046,0.415673164451569,0.415673162625751,0.415673167744589
"Q.95",0.415710345633562,0.41571034372797,0.415710341915922,0.415710347022568
"theta0",1111136893.34813,1111136893.34813,1111136893.34813,1111136893.34813
"theta1",790491061.904712,790491061.904712,790491061.904712,790491061.904712
