"","AA","AB","BA","BB"
"EV",0.275501313000797,0.275501682305345,0.275501339696763,0.275501510424241
"STD",5.02129221889972e-05,5.02132817583761e-05,5.02132484543504e-05,5.02134417269477e-05
"Q.05",0.275418723318109,0.275419092031256,0.275418749477458,0.275418919887052
"Q.95",0.275583909132376,0.275584279028401,0.275583936365042,0.275584107410447
"theta0",57352777.4918794,57352777.4918794,57352777.4918794,57352777.4918794
"theta1",21809255.8764908,21809255.8764908,21809255.8764908,21809255.8764908
