"","AA","AB","BA","BB"
"EV",0.239687110934008,0.239687118681147,0.239687124105451,0.239687115748473
"STD",8.83294807303524e-06,8.83294952839125e-06,8.8329443403558e-06,8.83294785961172e-06
"Q.05",0.239672582154053,0.239672589898798,0.239672595331636,0.239672586968869
"Q.95",0.239701639967401,0.239701647716934,0.239701653132704,0.239701644781514
"theta0",1775897176.78839,1775897176.78839,1775897176.78839,1775897176.78839
"theta1",559848037.283762,559848037.283762,559848037.283762,559848037.283762
