"","AA","AB","BA","BB"
"EV",0.243029479994843,0.227529600966909,0.24193042960128,0.245258389464391
"STD",0.0061562560354894,0.00780382769448261,0.00832845885427064,0.00957022517834352
"Q.05",0.232963755615974,0.214801416578487,0.228342890905404,0.229660920945293
"Q.95",0.253215627834169,0.240472585442847,0.255740047619919,0.261142696998937
"theta0",1211.61858441855,1211.61858441855,1211.61858441855,1211.61858441855
"theta1",381.435117584963,381.435117584963,381.435117584963,381.435117584963
