"","AA","AB","BA","BB"
"EV",0.275499977451674,0.275505603035111,0.275504481456619,0.275512350176066
"STD",0.000248795929465008,0.000248991547600538,0.000248982726866003,0.000248963087529503
"Q.05",0.275090823732294,0.275096127674087,0.275095020599391,0.275102921605981
"Q.95",0.275909289494299,0.275915236962465,0.275914100870136,0.275921937269064
"theta0",2332551.03072749,2332551.03072749,2332551.03072749,2332551.03072749
"theta1",887006.001734326,887006.001734326,887006.001734326,887006.001734326
