"","AA","AB","BA","BB"
"EV",0.275496959984388,0.275496830842797,0.275496983501867,0.275497015932009
"STD",3.28893806437512e-05,3.28892584946839e-05,3.28895006691679e-05,3.28894721021639e-05
"Q.05",0.275442863150763,0.27544273421008,0.275442886470827,0.275442918947956
"Q.95",0.275551059584816,0.275550930242298,0.275551083299728,0.27555111568288
"theta0",133684698.367771,133684698.367771,133684698.367771,133684698.367771
"theta1",50834466.7499224,50834466.7499224,50834466.7499224,50834466.7499224
