"","AA","AB","BA","BB"
"EV",0.278001337772302,0.270227930648343,0.275563235387192,0.276986270697884
"STD",0.0056975208124847,0.00567459656706922,0.00534859845898261,0.00539200582261082
"Q.05",0.268670649462323,0.260936802897033,0.266802210574722,0.268154089014516
"Q.95",0.287413692760777,0.279604399135555,0.284397415570125,0.285892093904398
"theta0",3649.52104916425,3649.52104916425,3649.52104916425,3649.52104916425
"theta1",1385.65252355711,1385.65252355711,1385.65252355711,1385.65252355711
