"","AA","AB","BA","BB"
"EV",0.275503208433887,0.275503245816635,0.275503298833527,0.275503102159333
"STD",3.30963010260258e-05,3.30963587214187e-05,3.30961235850219e-05,3.30962761831949e-05
"Q.05",0.275448771263924,0.275448808551776,0.275448861955412,0.275448665030231
"Q.95",0.275557648405459,0.275557685883112,0.275557738513218,0.27555754209004
"theta0",132019484.919646,132019484.919646,132019484.919646,132019484.919646
"theta1",50202834.6800268,50202834.6800268,50202834.6800268,50202834.6800268
