"","AA","AB","BA","BB"
"EV",0.239668464467975,0.239668471282297,0.239668477428635,0.239668477269285
"STD",8.73773770633991e-06,8.73773787743191e-06,8.73773668383722e-06,8.73773701498622e-06
"Q.05",0.239654092292435,0.239654099106475,0.239654105254778,0.239654105094883
"Q.95",0.239682836891549,0.239682843706152,0.239682849850528,0.239682849691722
"theta0",1814757762.29193,1814757762.29193,1814757762.29193,1814757762.29193
"theta1",572040228.995721,572040228.995721,572040228.995721,572040228.995721
