"","AA","AB","BA","BB"
"EV",0.2396785642516,0.23967857339189,0.239678591077478,0.239678556158909
"STD",1.55558271578243e-05,1.55558169708194e-05,1.55558225485504e-05,1.55558043077327e-05
"Q.05",0.239652977585927,0.239652986742972,0.239653004419386,0.23965296953082
"Q.95",0.239704151703361,0.239704160826894,0.239704178521657,0.239704143573084
"theta0",572581228.840182,572581228.840182,572581228.840182,572581228.840182
"theta1",180496623.725982,180496623.725982,180496623.725982,180496623.725982
