"","AA","AB","BA","BB"
"EV",0.415665131230637,0.415665191428463,0.415665142396322,0.415665240644406
"STD",2.83364690569719e-05,2.83365533966383e-05,2.83365450453004e-05,2.83365864338866e-05
"Q.05",0.415618522203729,0.41561858226283,0.415618533244426,0.415618631424432
"Q.95",0.415711740891554,0.415711801228108,0.41571175218223,0.415711850498393
"theta0",176754883.019666,176754883.019666,176754883.019666,176754883.019666
"theta1",125734162.472367,125734162.472367,125734162.472367,125734162.472367
