"","AA","AB","BA","BB"
"EV",0.275480021679017,0.275480031055279,0.275480015770862,0.275480055971977
"STD",1.97579426624142e-05,1.97579899203304e-05,1.97579557860862e-05,1.97579548246595e-05
"Q.05",0.27544752325468,0.275447532553211,0.275447517324939,0.275447557527635
"Q.95",0.275512521101972,0.275512530555969,0.275512515215404,0.275512555414938
"theta0",370429293.238242,370429293.238242,370429293.238242,370429293.238242
"theta1",140846184.479481,140846184.479481,140846184.479481,140846184.479481
