"","AA","AB","BA","BB"
"EV",0.415641871665948,0.415641886223982,0.415641891261102,0.41564188770228
"STD",1.07572203520312e-05,1.07572208907442e-05,1.07572186442727e-05,1.07572156379243e-05
"Q.05",0.415624177658733,0.415624192215882,0.415624197256697,0.41562419370282
"Q.95",0.415659565764558,0.415659580323479,0.415659585356904,0.415659581793137
"theta0",1226527082.21027,1226527082.21027,1226527082.21027,1226527082.21027
"theta1",872403434.969819,872403434.969819,872403434.969819,872403434.969819
