"","AA","AB","BA","BB"
"EV",0.415664828826174,0.415664806913124,0.415664888623653,0.415664851723512
"STD",3.23008431292311e-05,3.23008787506712e-05,3.23009993409381e-05,3.23010051709733e-05
"Q.05",0.415611699079096,0.415611677107455,0.415611758619633,0.415611721709903
"Q.95",0.415717959397073,0.415717937542615,0.4157180194515,0.41571798256095
"theta0",136029911.815335,136029911.815335,136029911.815335,136029911.815335
"theta1",96764419.3735594,96764419.3735594,96764419.3735594,96764419.3735594
