"","AA","AB","BA","BB"
"EV",0.416061737063658,0.413041786144096,0.415741943865043,0.417620213040995
"STD",0.00459708591630384,0.0043689379305037,0.00456296381499048,0.00429925699150566
"Q.05",0.408508467231475,0.405863275008321,0.408244710991915,0.410555651570423
"Q.95",0.423631612702532,0.420235868231045,0.423255602879616,0.424699013260517
"theta0",6280.56687984309,6280.56687984309,6280.56687984309,6280.56687984309
"theta1",4466.76970948889,4466.76970948889,4466.76970948889,4466.76970948889
