"","AA","AB","BA","BB"
"EV",0.27549474538605,0.275494755045882,0.27549476221562,0.275494788472447
"STD",1.61446938597912e-05,1.6144680657994e-05,1.6144708280564e-05,1.6144705700315e-05
"Q.05",0.275468190061153,0.275468199742698,0.275468206867002,0.275468233128074
"Q.95",0.275521301377652,0.275521311015767,0.275521318230942,0.275521344483525
"theta0",554799097.788231,554799097.788231,554799097.788231,554799097.788231
"theta1",210963617.61535,210963617.61535,210963617.61535,210963617.61535
