"","AA","AB","BA","BB"
"EV",0.415668744089107,0.415668738504858,0.41566873881117,0.415668776849764
"STD",1.84246187912089e-05,1.84246154722727e-05,1.84246330748517e-05,1.84246326744181e-05
"Q.05",0.415638438422075,0.415638432843285,0.415638433120643,0.415638471159896
"Q.95",0.415699050024168,0.41569904443446,0.415699044769725,0.415699082807661
"theta0",418087681.056357,418087681.056357,418087681.056357,418087681.056357
"theta1",297410045.209217,297410045.209217,297410045.209217,297410045.209217
