"","AA","AB","BA","BB"
"EV",0.238728612215602,0.239318888400098,0.243257542218161,0.235012656447602
"STD",0.00546542036622963,0.00564239736560053,0.00501645439141503,0.00528191467535752
"Q.05",0.229787791326923,0.230089989309124,0.235046233725079,0.22637159825722
"Q.95",0.247767111985567,0.248651485318785,0.251548680573425,0.243747247025529
"theta0",3714.89526227193,3714.89526227193,3714.89526227193,3714.89526227193
"theta1",1167.2116777507,1167.2116777507,1167.2116777507,1167.2116777507
