"","AA","AB","BA","BB"
"EV",0.239676951498431,0.239676940050161,0.239676915053036,0.239676922000015
"STD",2.17651486032933e-05,2.17651520947619e-05,2.17651036775926e-05,2.17651150680156e-05
"Q.05",0.239641151784274,0.239641140330261,0.239641115412772,0.239641122341016
"Q.95",0.239712752751497,0.23971274130897,0.239712716232203,0.239712723197918
"theta0",292481460.626983,292481460.626983,292481460.626983,292481460.626983
"theta1",92199042.961117,92199042.961117,92199042.961117,92199042.961117
