"","AA","AB","BA","BB"
"EV",0.415631302134511,0.41563130229232,0.415631314889126,0.415631339127051
"STD",2.17504597301668e-05,2.17504904674384e-05,2.17504434947334e-05,2.17504857466149e-05
"Q.05",0.415595525998782,0.415595526106033,0.415595538780102,0.415595562948529
"Q.95",0.41566707864394,0.415667078852308,0.41566709137185,0.415667115679274
"theta0",300015414.831724,300015414.831724,300015414.831724,300015414.831724
"theta1",213385495.061625,213385495.061625,213385495.061625,213385495.061625
