"","AA","AB","BA","BB"
"EV",0.239673414809414,0.239673411402716,0.239673443822253,0.239673441114397
"STD",1.68764788879941e-05,1.68764586011124e-05,1.6876482699954e-05,1.68764653709366e-05
"Q.05",0.239645655934539,0.239645652561209,0.239645684941109,0.239645682261755
"Q.95",0.239701174609549,0.23970117116948,0.239701203628658,0.239701200892297
"theta0",486469823.783931,486469823.783931,486469823.783931,486469823.783931
"theta1",153347120.093108,153347120.093108,153347120.093108,153347120.093108
