"","AA","AB","BA","BB"
"EV",0.239684035693798,0.239684010035127,0.239683982537745,0.23968398016584
"STD",1.67016735028004e-05,1.67016924223813e-05,1.67016870751557e-05,1.67016979221028e-05
"Q.05",0.239656564338629,0.239656538648838,0.239656511160252,0.239656508770506
"Q.95",0.239711507955095,0.239711482327544,0.239711454821367,0.239711452467304
"theta0",496713064.963702,496713064.963702,496713064.963702,496713064.963702
"theta1",156585124.676742,156585124.676742,156585124.676742,156585124.676742
