"","AA","AB","BA","BB"
"EV",0.542134849423155,0.542134849423155,0.542134849423155,0.542134849423155
"STD",1.77462839439876e-11,1.77462839439876e-11,1.77462839439876e-11,1.77462839439876e-11
"Q.05",0.542134849393971,0.542134849393971,0.542134849393971,0.542134849393971
"Q.95",0.542134849452338,0.542134849452338,0.542134849452338,0.542134849452338
"theta0",3.60884020235317e+20,3.60884020235317e+20,3.60884020235317e+20,3.60884020235317e+20
"theta1",4.27304422979141e+20,4.27304422979141e+20,4.27304422979141e+20,4.27304422979141e+20
