"","AA","AB","BA","BB"
"EV",0.415656749228208,0.415655956179963,0.415657875029636,0.415656839219257
"STD",0.00010436723859362,0.000104374582375334,0.000104375546094551,0.000104376690672366
"Q.05",0.415485084697595,0.415484279570552,0.415486196835024,0.415485159142133
"Q.95",0.415828422360385,0.415827641392233,0.41582956182706,0.415828527899494
"theta0",13027493.4084268,13027493.4084268,13027493.4084268,13027493.4084268
"theta1",9266758.72168556,9266758.72168556,9266758.72168556,9266758.72168556
