"","AA","AB","BA","BB"
"EV",0.423226985095106,0.403268381540491,0.427760393003808,0.416389690227258
"STD",0.0102190712154342,0.00866572858414353,0.00981778186517844,0.00818251543929555
"Q.05",0.40645503241027,0.389048620887446,0.411643540203839,0.402956632272414
"Q.95",0.44007367550883,0.417556819701287,0.443941973149335,0.429875155949234
"theta0",826.641985854913,826.641985854913,826.641985854913,826.641985854913
"theta1",592.878536134364,592.878536134364,592.878536134364,592.878536134364
