"","AA","AB","BA","BB"
"EV",0.275507787014507,0.27550782119477,0.275507818057942,0.275507797033585
"STD",1.44231435783321e-05,1.4423143336103e-05,1.44231420300602e-05,1.44231402384398e-05
"Q.05",0.275484063320508,0.275484097501169,0.27548409436649,0.275484073345079
"Q.95",0.275531511240559,0.275531545420423,0.275531542281448,0.275531521254144
"theta0",695153750.573222,695153750.573222,695153750.573222,695153750.573222
"theta1",264351066.968873,264351066.968873,264351066.968873,264351066.968873
