"","AA","AB","BA","BB"
"EV",0.415658102689016,0.415658108768042,0.415658102723262,0.41565810580448
"STD",8.30275793369271e-06,8.30275717004608e-06,8.30275944783059e-06,8.30275923520483e-06
"Q.05",0.415644445894732,0.415644451975015,0.415644445926488,0.415644449008056
"Q.95",0.415671759537735,0.415671765615505,0.415671759574471,0.41567176265534
"theta0",2058852861.91773,2058852861.91773,2058852861.91773,2058852861.91773
"theta1",1464517410.72894,1464517410.72894,1464517410.72894,1464517410.72894
