"","AA","AB","BA","BB"
"EV",0.23967088807488,0.23967217395984,0.239671136052845,0.239671452087937
"STD",7.30975024044433e-05,7.3098897001515e-05,7.30991669375127e-05,7.3099664009169e-05
"Q.05",0.23955066206255,0.239551945653858,0.239550907302983,0.239551222520565
"Q.95",0.23979113144572,0.239792419624844,0.23979138216198,0.239791699014781
"theta0",25928600.8659499,25928600.8659499,25928600.8659499,25928600.8659499
"theta1",8173235.2195506,8173235.2195506,8173235.2195506,8173235.2195506
