"","AA","AB","BA","BB"
"EV",0.239675650725763,0.239675179589781,0.239675421188148,0.239675448989356
"STD",4.30083558450034e-05,4.30085523793851e-05,4.30085661316795e-05,4.3008689640091e-05
"Q.05",0.239604911280216,0.239604439821001,0.239604681396744,0.239604708994815
"Q.95",0.239746396180268,0.239745925367594,0.239746166988578,0.239746194992956
"theta0",74904083.2514405,74904083.2514405,74904083.2514405,74904083.2514405
"theta1",23611847.6119322,23611847.6119322,23611847.6119322,23611847.6119322
