"","AA","AB","BA","BB"
"EV",0.415669469439295,0.415669524127511,0.415669497391134,0.415669480771452
"STD",1.90718138197992e-05,1.90718031717768e-05,1.90718319267711e-05,1.90718284465457e-05
"Q.05",0.415638099240752,0.415638153946481,0.415638127162808,0.415638110548849
"Q.95",0.415700839925025,0.415700894595726,0.415700867906648,0.415700851281241
"theta0",390193512.09108,390193512.09108,390193512.09108,390193512.09108
"theta1",277568152.565179,277568152.565179,277568152.565179,277568152.565179
