"","AA","AB","BA","BB"
"EV",0.236211108502143,0.246267551726769,0.240447347828042,0.239312856796219
"STD",0.00509295267016699,0.00590042872782641,0.00671806175242069,0.0066948009650406
"Q.05",0.227877210425823,0.23661650403196,0.229470356039203,0.228374177498026
"Q.95",0.244631267602147,0.256026852339723,0.251570252565556,0.25039754536102
"theta0",2726.84348713187,2726.84348713187,2726.84348713187,2726.84348713187
"theta1",863.752928528065,863.752928528065,863.752928528065,863.752928528065
