"","AA","AB","BA","BB"
"EV",0.415645038708736,0.415645041949398,0.415645033792029,0.415645028338493
"STD",1.03527662022804e-05,1.03527708486388e-05,1.03527720916266e-05,1.03527732461146e-05
"Q.05",0.415628009966024,0.415628013199043,0.415628005039629,0.415627999584194
"Q.95",0.415662067536098,0.415662070784403,0.415662062629078,0.415662057177441
"theta0",1324227501.38609,1324227501.38609,1324227501.38609,1324227501.38609
"theta1",941907950.970243,941907950.970243,941907950.970243,941907950.970243
