"","AA","AB","BA","BB"
"EV",0.239681283592651,0.239681277931563,0.239681331569697,0.239681299221011
"STD",1.87199088755752e-05,1.87199688055593e-05,1.87199582163862e-05,1.87199766645847e-05
"Q.05",0.239650492651833,0.239650486892173,0.239650540547724,0.239650508168695
"Q.95",0.239712075671841,0.239712070109334,0.239712123730049,0.239712091411709
"theta0",395380021.091372,395380021.091372,395380021.091372,395380021.091372
"theta1",124638781.684235,124638781.684235,124638781.684235,124638781.684235
