"","AA","AB","BA","BB"
"EV",0.407368616334442,0.406467968975433,0.411997027089838,0.430000528409484
"STD",0.0101483335374619,0.0110101668124585,0.00775890605046912,0.00900415370547706
"Q.05",0.390720651446475,0.388410824735244,0.399259452505947,0.415216041128702
"Q.95",0.42410650216945,0.424632071302041,0.424784351518589,0.444837697331196
"theta0",783.615753779071,783.615753779071,783.615753779071,783.615753779071
"theta1",553.519949210823,553.519949210823,553.519949210823,553.519949210823
