"","AA","AB","BA","BB"
"EV",0.275484277900153,0.275484237414376,0.275484271684107,0.275484185461002
"STD",2.65967862525425e-05,2.65968679462901e-05,2.65967467588431e-05,2.6596858238097e-05
"Q.05",0.275440530984584,0.275440490364439,0.275440524833497,0.275440438427033
"Q.95",0.275528026625235,0.275527986273838,0.275528020344225,0.275527934304495
"theta0",204423516.015478,204423516.015478,204423516.015478,204423516.015478
"theta1",77728409.6624567,77728409.6624567,77728409.6624567,77728409.6624567
