"","AA","AB","BA","BB"
"EV",0.415670781984271,0.41567075516496,0.415670993545644,0.415670877760916
"STD",3.49922741473145e-05,3.49923316822695e-05,3.49921099284096e-05,3.49922606693551e-05
"Q.05",0.415613225298585,0.415613198384639,0.415613437130069,0.415613321097398
"Q.95",0.415728339636712,0.41572831291204,0.415728550927964,0.415728435391187
"theta0",115909165.756527,115909165.756527,115909165.756527,115909165.756527
"theta1",82453634.0384706,82453634.0384706,82453634.0384706,82453634.0384706
