"","AA","AB","BA","BB"
"EV",0.415661493792025,0.41566149864667,0.415661551769968,0.41566153156233
"STD",1.82464546946502e-05,1.82464604279205e-05,1.8246433740139e-05,1.82464480309204e-05
"Q.05",0.415631481176285,0.415631486021501,0.415631539188696,0.415631518957551
"Q.95",0.415691506670657,0.415691511534733,0.415691564614134,0.415691544430002
"theta0",426295915.242667,426295915.242667,426295915.242667,426295915.242667
"theta1",303240011.395617,303240011.395617,303240011.395617,303240011.395617
