"","AA","AB","BA","BB"
"EV",0.276236862161612,0.276580494918406,0.276045620930119,0.27329702332014
"STD",0.00381684915893586,0.00389218884500268,0.0036659097010533,0.00378738981310555
"Q.05",0.269977266236257,0.270197672139958,0.270032880391393,0.267085963206805
"Q.95",0.282533540586153,0.283001789941309,0.282092612680826,0.279545322044605
"theta0",8985.91310846668,8985.91310846668,8985.91310846668,8985.91310846668
"theta1",3417.68837429137,3417.68837429137,3417.68837429137,3417.68837429137
