"","AA","AB","BA","BB"
"EV",0.23967877746184,0.239678873665677,0.23967892406321,0.239678708000808
"STD",3.41676209130926e-05,3.41675379452547e-05,3.41676266457607e-05,3.41675230739781e-05
"Q.05",0.239622578622893,0.23962267496319,0.239622725214833,0.239622509322782
"Q.95",0.239734980093185,0.239735076160542,0.239735126703983,0.239734910471212
"theta0",118683753.291902,118683753.291902,118683753.291902,118683753.291902
"theta1",37413112.80137,37413112.80137,37413112.80137,37413112.80137
