"","AA","AB","BA","BB"
"EV",0.239673633037586,0.239673320509608,0.239673263654685,0.239672883599025
"STD",5.65124045033772e-05,5.65126110277289e-05,5.65130976887941e-05,5.65131358415057e-05
"Q.05",0.239580683591726,0.239580370724094,0.239580313068777,0.239579932950382
"Q.95",0.239766592858418,0.239766280670191,0.239766224615846,0.239765844622962
"theta0",43382522.7241648,43382522.7241648,43382522.7241648,43382522.7241648
"theta1",13675214.8337104,13675214.8337104,13675214.8337104,13675214.8337104
