"","AA","AB","BA","BB"
"EV",0.422380551266444,0.42271853862209,0.40963113966487,0.414792494704017
"STD",0.00799261557330401,0.00804418341777742,0.00708022964811247,0.00716892525725017
"Q.05",0.40925677401387,0.409510127780168,0.398006365881182,0.4030210331379
"Q.95",0.435550564358701,0.43597357014817,0.421298525909256,0.426604994416097
"theta0",1617.44356328995,1617.44356328995,1617.44356328995,1617.44356328995
"theta1",1158.71659064087,1158.71659064087,1158.71659064087,1158.71659064087
