"","AA","AB","BA","BB"
"EV",0.275533452818687,0.275533453509454,0.275533453545357,0.275533453634714
"STD",2.68599900042399e-06,2.6859990877942e-06,2.68599894626452e-06,2.6859990805033e-06
"Q.05",0.275529034752714,0.275529035443337,0.275529035479473,0.275529035568609
"Q.95",0.275537870903109,0.27553787159402,0.27553787162969,0.275537871719268
"theta0",20044687100.6195,20044687100.6195,20044687100.6195,20044687100.6195
"theta1",7623515377.60987,7623515377.60987,7623515377.60987,7623515377.60987
