"","AA","AB","BA","BB"
"EV",1.54492683595607e-23,2.1114644616571e-23,2.16560457605857e-24,9.72588483712017e-24
"STD",5.4655582527756e-25,6.38958213223295e-25,2.04630398084087e-25,4.33655771048038e-25
"Q.05",1.45613901499019e-23,2.00747587978859e-23,1.84036312462654e-24,9.0237451847396e-24
"Q.95",1.635913039443e-23,2.2176514660012e-23,2.51282068871826e-24,1.04500074380431e-23
"theta0",5.17176594647956e+25,5.17176594647956e+25,5.17176594647956e+25,5.17176594647956e+25
"theta1",8.66008948845817e-20,8.66008948845817e-20,8.66008948845817e-20,8.66008948845817e-20
