"","AA","AB","BA","BB"
"EV",0.239668015175147,0.239668240393772,0.239668044000843,0.239668029611043
"STD",3.71407321690115e-05,3.71407474928344e-05,3.71409335977452e-05,3.71409416905933e-05
"Q.05",0.239606926347894,0.239607151541312,0.239606954842293,0.239606940439183
"Q.95",0.23972910848383,0.239729333727658,0.23972913764087,0.239729123264383
"theta0",100440362.699604,100440362.699604,100440362.699604,100440362.699604
"theta1",31660316.4255745,31660316.4255745,31660316.4255745,31660316.4255745
