"","AA","AB","BA","BB"
"EV",0.275503504023488,0.275503436985113,0.275503453128248,0.275503467231697
"STD",1.89393664133256e-05,1.89393597778643e-05,1.89393772926876e-05,1.89393749893887e-05
"Q.05",0.275472351996675,0.275472284969214,0.27547230108354,0.275472315190777
"Q.95",0.275534656967744,0.275534589918454,0.275534606090399,0.275534620190059
"theta0",403150752.045651,403150752.045651,403150752.045651,403150752.045651
"theta1",153305673.57222,153305673.57222,153305673.57222,153305673.57222
