"","AA","AB","BA","BB"
"EV",0.231425322943872,0.236072431367211,0.245438731345181,0.240492219091291
"STD",0.00743505531955707,0.00701706541440951,0.00685028561321528,0.00604617157961058
"Q.05",0.219291153567076,0.224612702827375,0.234244648773115,0.230606426992011
"Q.95",0.243749396309086,0.247696095249885,0.25677954926923,0.250496153790021
"theta0",1864.17730870638,1864.17730870638,1864.17730870638,1864.17730870638
"theta1",583.396672335465,583.396672335465,583.396672335465,583.396672335465
