"","AA","AB","BA","BB"
"EV",0.242759682189377,0.242867274571818,0.257958088931948,0.227238563479928
"STD",0.00993800641886494,0.00751466506311752,0.0106072029124422,0.00778249137059755
"Q.05",0.22657124865128,0.230596948951129,0.240673444440838,0.214545096759127
"Q.95",0.259262651478256,0.255317252233789,0.275566545123974,0.24014607825589
"theta0",697.679124742473,697.679124742473,697.679124742473,697.679124742473
"theta1",223.601015669658,223.601015669658,223.601015669658,223.601015669658
