"","AA","AB","BA","BB"
"EV",0.275498295156034,0.275498297502204,0.275498295140399,0.275498285725613
"STD",1.37624704185911e-05,1.37624687832764e-05,1.37624626674653e-05,1.37624586364973e-05
"Q.05",0.27547565814888,0.27547566049774,0.275475658145994,0.275475648737839
"Q.95",0.275520932647646,0.275520934991126,0.275520932619261,0.275520923197845
"theta0",763492286.847151,763492286.847151,763492286.847151,763492286.847151
"theta1",290324812.36297,290324812.36297,290324812.36297,290324812.36297
