"","AA","AB","BA","BB"
"EV",0.240309899563522,0.238521897546191,0.23979124307957,0.239523203820629
"STD",0.00257047392034408,0.00263727667013196,0.00271621302457111,0.00272239960225007
"Q.05",0.236092549227465,0.234195366685989,0.235335464113984,0.23505732530902
"Q.95",0.244548624507001,0.242871199653742,0.244270972323229,0.244013185079375
"theta0",18440.5183965181,18440.5183965181,18440.5183965181,18440.5183965181
"theta1",5808.5350615415,5808.5350615415,5808.5350615415,5808.5350615415
