"","AA","AB","BA","BB"
"EV",0.415671175523097,0.415671175451053,0.415671106552098,0.4156712230549
"STD",3.03305685956833e-05,3.03305216101947e-05,3.03305319128352e-05,3.03304171720513e-05
"Q.05",0.415621286540487,0.415621286545726,0.415621217629825,0.415621334321356
"Q.95",0.415721065232034,0.415721065082704,0.415720996200696,0.415721112514763
"theta0",154277513.52478,154277513.52478,154277513.52478,154277513.52478
"theta1",109747647.759042,109747647.759042,109747647.759042,109747647.759042
