"","AA","AB","BA","BB"
"EV",0.237045048017681,0.23970910446923,0.256315440994617,0.240110413789984
"STD",0.00600412115131323,0.00784291519334077,0.00990263302278756,0.0106229767394836
"Q.05",0.227228975971644,0.226909048622181,0.240170338353466,0.222821218305579
"Q.95",0.246980348035535,0.252709038405356,0.272745840122674,0.257765468118014
"theta0",1041.86559899837,1041.86559899837,1041.86559899837,1041.86559899837
"theta1",334.981783675217,334.981783675217,334.981783675217,334.981783675217
