"","AA","AB","BA","BB"
"EV",0.275507931396703,0.275507904055495,0.27550795811942,0.275507915334671
"STD",1.92053176065822e-05,1.92053171579677e-05,1.92053019829746e-05,1.92053035608085e-05
"Q.05",0.275476341932065,0.275476314591594,0.275476368680479,0.275476325893135
"Q.95",0.275539521804703,0.275539494462756,0.27553954850172,0.275539505719567
"theta0",392064497.829749,392064497.829749,392064497.829749,392064497.829749
"theta1",149093249.194611,149093249.194611,149093249.194611,149093249.194611
