"","AA","AB","BA","BB"
"EV",0.415651420630541,0.415651345973849,0.415651285560636,0.415651252396377
"STD",3.30770145473802e-05,3.30773003638371e-05,3.30772320236638e-05,3.3077276566296e-05
"Q.05",0.415597014215196,0.415596939088386,0.415596878787581,0.415596845550057
"Q.95",0.41570582790992,0.415705753723361,0.415705693197737,0.415705660106745
"theta0",129721724.272206,129721724.272206,129721724.272206,129721724.272206
"theta1",92271975.8348302,92271975.8348302,92271975.8348302,92271975.8348302
