"","AA","AB","BA","BB"
"EV",0.239665237146103,0.239665229303082,0.239665251088295,0.239665286278694
"STD",1.95033498279709e-05,1.95033348515155e-05,1.95033429697917e-05,1.95033087756538e-05
"Q.05",0.239633157608299,0.239633149789911,0.239633171561772,0.239633206808412
"Q.95",0.23969731791969,0.239697310052034,0.239697331850601,0.239697366984753
"theta0",364246728.79644,364246728.79644,364246728.79644,364246728.79644
"theta1",114814275.897807,114814275.897807,114814275.897807,114814275.897807
