"","AA","AB","BA","BB"
"EV",0.275455723955651,0.275455723836878,0.275455723861349,0.27545572385644
"STD",9.15769820756597e-07,9.15769819933875e-07,9.15769824386285e-07,9.15769824198444e-07
"Q.05",0.275454217649413,0.275454217530641,0.275454217555105,0.275454217550196
"Q.95",0.275457230264035,0.275457230145261,0.275457230169739,0.275457230164829
"theta0",172428481022.664,172428481022.664,172428481022.664,172428481022.664
"theta1",65553498416.0373,65553498416.0373,65553498416.0373,65553498416.0373
