"","AA","AB","BA","BB"
"EV",0.41562769155771,0.415627689338972,0.415627688126224,0.415627691937591
"STD",8.90633697619715e-06,8.90634041326978e-06,8.90633825851084e-06,8.90634071509162e-06
"Q.05",0.415613041968363,0.415613039743971,0.415613038534768,0.415613042342093
"Q.95",0.41564234120972,0.415642338996635,0.415642337780343,0.41564234159575
"theta0",1789307843.14862,1789307843.14862,1789307843.14862,1789307843.14862
"theta1",1272623417.48675,1272623417.48675,1272623417.48675,1272623417.48675
