"","AA","AB","BA","BB"
"EV",0.239674478551491,0.23967449204798,0.239674494180661,0.239674487156558
"STD",1.64499809265667e-05,1.64499764071327e-05,1.64499720969886e-05,1.64499648113938e-05
"Q.05",0.239647421180244,0.239647434684167,0.239647436823937,0.239647429811818
"Q.95",0.239701536801816,0.239701550290872,0.239701552416462,0.239701545380376
"theta0",512023098.288186,512023098.288186,512023098.288186,512023098.288186
"theta1",161403072.734339,161403072.734339,161403072.734339,161403072.734339
