"","AA","AB","BA","BB"
"EV",0.239683168614926,0.239683125772726,0.239683145701355,0.239683136306488
"STD",1.55216882058708e-05,1.55216926322979e-05,1.55217113988817e-05,1.55217120421748e-05
"Q.05",0.239657638101096,0.239657595251616,0.239657615149377,0.239657605753453
"Q.95",0.239708699911373,0.239708657076454,0.239708677035952,0.239708667642144
"theta0",575105120.155621,575105120.155621,575105120.155621,575105120.155621
"theta1",181296787.423335,181296787.423335,181296787.423335,181296787.423335
