"","AA","AB","BA","BB"
"EV",0.240605492088975,0.237018218700113,0.23747881068521,0.241923698467277
"STD",0.00480623490318296,0.00456687899677207,0.00465667076605213,0.00432844545593498
"Q.05",0.232737336196298,0.229540957185985,0.229855118811942,0.234834093551841
"Q.95",0.248548237789707,0.244564463408127,0.245174004196372,0.249073266894903
"theta0",5455.86470502194,5455.86470502194,5455.86470502194,5455.86470502194
"theta1",1715.88975982549,1715.88975982549,1715.88975982549,1715.88975982549
