"","AA","AB","BA","BB"
"EV",0.239719051820194,0.239719051820391,0.239719051820401,0.239719051820233
"STD",5.40214841493243e-08,5.40214841500419e-08,5.40214841486799e-08,5.40214841499182e-08
"Q.05",0.239718962962764,0.239718962962961,0.239718962962972,0.239718962962804
"Q.95",0.239719140677633,0.23971914067783,0.23971914067784,0.239719140677672
"theta0",47480768925974.1,47480768925974.1,47480768925974.1,47480768925974.1
"theta1",14970840626593.5,14970840626593.5,14970840626593.5,14970840626593.5
