"","AA","AB","BA","BB"
"EV",0.275474938612108,0.27547498112893,0.275475020847656,0.275474974875092
"STD",2.0486321389794e-05,2.04863753989685e-05,2.04863882685979e-05,2.04863968371686e-05
"Q.05",0.27544124214889,0.275441284576878,0.275441324274436,0.275441278287778
"Q.95",0.275508636148965,0.275508678754627,0.275508718494523,0.275508672536053
"theta0",344554172.207589,344554172.207589,344554172.207589,344554172.207589
"theta1",131004520.890287,131004520.890287,131004520.890287,131004520.890287
