"","AA","AB","BA","BB"
"EV",0.239691874105655,0.239691895639588,0.239691861651307,0.239691880144368
"STD",1.61830599141051e-05,1.61830609932805e-05,1.61830440213196e-05,1.61830448790364e-05
"Q.05",0.239665255766206,0.239665277298363,0.239665243337998,0.239665261829648
"Q.95",0.239718493295788,0.239718514831495,0.239718480815297,0.239718499309769
"theta0",529067096.537914,529067096.537914,529067096.537914,529067096.537914
"theta1",166791702.250017,166791702.250017,166791702.250017,166791702.250017
