"","AA","AB","BA","BB"
"EV",0.415633622846336,0.415633639674939,0.415633623571841,0.415633626435231
"STD",1.1250215179185e-05,1.12502111001272e-05,1.12502199805208e-05,1.12502192969973e-05
"Q.05",0.415615117939082,0.415615134774394,0.41561511865669,0.415615121521204
"Q.95",0.415652127853566,0.41565214467546,0.415652128586969,0.415652131449234
"theta0",1121396037.34,1121396037.34,1121396037.34,1121396037.34
"theta1",797598777.024965,797598777.024965,797598777.024965,797598777.024965
