"","AA","AB","BA","BB"
"EV",0.27558182118701,0.275581821334385,0.275581821293337,0.275581821317253
"STD",1.64796922994735e-06,1.64796925205602e-06,1.6479692237102e-06,1.64796925136294e-06
"Q.05",0.275579110522316,0.275579110669655,0.275579110628654,0.275579110652524
"Q.95",0.275584531858646,0.275584532006057,0.275584531964963,0.275584531988925
"theta0",53251400644.987,53251400644.987,53251400644.987,53251400644.987
"theta1",20257799164.7413,20257799164.7413,20257799164.7413,20257799164.7413
