"","AA","AB","BA","BB"
"EV",0.415628257160443,0.415628257270598,0.415628257236043,0.415628257474796
"STD",2.60224684940325e-06,2.60224689488429e-06,2.60224680423523e-06,2.60224688375072e-06
"Q.05",0.415623976847949,0.41562397695803,0.415623976923624,0.415623977162245
"Q.95",0.415632537478286,0.415632537588516,0.415632537553812,0.415632537792695
"theta0",20959768290.0015,20959768290.0015,20959768290.0015,20959768290.0015
"theta1",14907414802.3819,14907414802.3819,14907414802.3819,14907414802.3819
