"","AA","AB","BA","BB"
"EV",0.415666605025751,0.415666566229605,0.415666593743132,0.415666646367842
"STD",2.33197471676839e-05,2.33197293105324e-05,2.3319726348416e-05,2.3319676625718e-05
"Q.05",0.415628247669728,0.415628208902954,0.415628236421353,0.415628289127849
"Q.95",0.415704962811155,0.415704923985637,0.415704951494291,0.415705004037214
"theta0",260986729.489808,260986729.489808,260986729.489808,260986729.489808
"theta1",185653374.896629,185653374.896629,185653374.896629,185653374.896629
