"","AA","AB","BA","BB"
"EV",0.278595484325389,0.273049336946971,0.27247943732215,0.274085679951687
"STD",0.00476717254697918,0.00477828598164426,0.00544810412600812,0.00545769472192482
"Q.05",0.270782692053861,0.265219488975242,0.263556915650183,0.265147101026795
"Q.95",0.286465218221893,0.28093856015225,0.281479446280165,0.283101187610616
"theta0",4509.12235204234,4509.12235204234,4509.12235204234,4509.12235204234
"theta1",1706.52031713613,1706.52031713613,1706.52031713613,1706.52031713613
