"","AA","AB","BA","BB"
"EV",0.275503807103038,0.275503636242052,0.275503628851328,0.275503477390573
"STD",3.79280641884631e-05,3.79283398196471e-05,3.7928020502424e-05,3.79281251580378e-05
"Q.05",0.275441422828778,0.275441251514448,0.275441244648923,0.275441093016036
"Q.95",0.275566195056623,0.275566024649039,0.275566016733054,0.275565865444454
"theta0",100524518.935776,100524518.935776,100524518.935776,100524518.935776
"theta1",38226376.3447079,38226376.3447079,38226376.3447079,38226376.3447079
