"","AA","AB","BA","BB"
"EV",0.415658985914244,0.415657319082822,0.415657398006185,0.415655572617876
"STD",0.000185719451618491,0.000185785629919703,0.000185782730882878,0.000185775155418372
"Q.05",0.415353518216329,0.415351742541277,0.415351826232693,0.415350013304115
"Q.95",0.415964480848684,0.415962922880875,0.415962997035308,0.415961159185669
"theta0",4111936.02660143,4111936.02660143,4111936.02660143,4111936.02660143
"theta1",2924921.21639061,2924921.21639061,2924921.21639061,2924921.21639061
