"","AA","AB","BA","BB"
"EV",0.275476516804757,0.275476522734174,0.27547652917204,0.275476518942242
"STD",7.89566713096414e-06,7.89566966340142e-06,7.89566677346496e-06,7.89566952614048e-06
"Q.05",0.275463529667779,0.275463535593031,0.275463542035651,0.275463531801324
"Q.95",0.275489504101213,0.275489510034796,0.275489516467909,0.275489506242639
"theta0",2319591590.82181,2319591590.82181,2319591590.82181,2319591590.82181
"theta1",881949368.084475,881949368.084475,881949368.084475,881949368.084475
