"","AA","AB","BA","BB"
"EV",0.415651643424883,0.415651656988715,0.415651736701996,0.415651641345035
"STD",2.64795026483327e-05,2.64795455038597e-05,2.64794886382577e-05,2.64795360341243e-05
"Q.05",0.415608088795768,0.41560810228911,0.415608182095925,0.415608086661007
"Q.95",0.415695198607725,0.415695212242049,0.415695291861793,0.415695196582793
"theta0",202418916.423532,202418916.423532,202418916.423532,202418916.423532
"theta1",143982204.088299,143982204.088299,143982204.088299,143982204.088299
