"","AA","AB","BA","BB"
"EV",0.415659591249873,0.415659648511051,0.415659644413087,0.415659651052239
"STD",2.24576576068284e-05,2.24576273458589e-05,2.24576556431453e-05,2.24576202542364e-05
"Q.05",0.415622651889429,0.415622709200381,0.415622705055873,0.415622711753234
"Q.95",0.415696531008573,0.415696588219976,0.415696584168557,0.415696590749498
"theta0",281410324.904158,281410324.904158,281410324.904158,281410324.904158
"theta1",200175992.228683,200175992.228683,200175992.228683,200175992.228683
