"","AA","AB","BA","BB"
"EV",0.275514148324745,0.275514137959337,0.275514148615296,0.275514181903866
"STD",1.79272584081225e-05,1.79272620525829e-05,1.79272466371736e-05,1.79272522153304e-05
"Q.05",0.275484661019707,0.275484650648305,0.275484661329619,0.275484694609015
"Q.95",0.275543636451731,0.275543626092318,0.275543636722919,0.275543670020666
"theta0",449961221.426274,449961221.426274,449961221.426274,449961221.426274
"theta1",171115400.089538,171115400.089538,171115400.089538,171115400.089538
