"","AA","AB","BA","BB"
"EV",0.275494078209035,0.275494066818894,0.275494085760223,0.275494096751464
"STD",2.3684018553912e-05,2.36840012111936e-05,2.36839909331281e-05,2.36839431367945e-05
"Q.05",0.275455122182612,0.275455110820996,0.27545512977923,0.275455140849086
"Q.95",0.27553303567024,0.275533024251571,0.275533043175994,0.275533054088614
"theta0",257801016.948627,257801016.948627,257801016.948627,257801016.948627
"theta1",98029088.0804593,98029088.0804593,98029088.0804593,98029088.0804593
