"","AA","AB","BA","BB"
"EV",0.275472396647446,0.275472380490189,0.275472412086755,0.275472393697951
"STD",1.66497299296454e-05,1.66497484048418e-05,1.664971347609e-05,1.66497458193612e-05
"Q.05",0.275445010633372,0.275444994445727,0.275445026099744,0.275445007657741
"Q.95",0.275499783370694,0.275499767243826,0.275499798782938,0.275499780447335
"theta0",521641853.275567,521641853.275567,521641853.275567,521641853.275567
"theta1",198333272.803102,198333272.803102,198333272.803102,198333272.803102
