"","AA","AB","BA","BB"
"EV",0.415652688799233,0.415652645632479,0.4156526927602,0.415652688053355
"STD",1.96072263564052e-05,1.96071996210136e-05,1.96072225195628e-05,1.9607228461683e-05
"Q.05",0.415620437933644,0.415620394810866,0.415620441900922,0.415620437184303
"Q.95",0.415684939968424,0.415684896757694,0.41568494392308,0.415684939226009
"theta0",369181263.659044,369181263.659044,369181263.659044,369181263.659044
"theta1",262602694.724712,262602694.724712,262602694.724712,262602694.724712
