"","AA","AB","BA","BB"
"EV",0.275506446397438,0.275506169828765,0.275506437336064,0.275506235486125
"STD",4.09731651874562e-05,4.09729455036805e-05,4.09734361556882e-05,4.0973376194767e-05
"Q.05",0.27543905368498,0.275438777477636,0.275439044177931,0.275438842426616
"Q.95",0.27557384340366,0.27557356647362,0.275573834788017,0.275573632839447
"theta0",86138011.2885307,86138011.2885307,86138011.2885307,86138011.2885307
"theta1",32756071.4925941,32756071.4925941,32756071.4925941,32756071.4925941
