"","AA","AB","BA","BB"
"EV",0.415662776023052,0.415662750186698,0.415662673838893,0.415662716043749
"STD",2.55484846378049e-05,2.55486307885855e-05,2.55486042268415e-05,2.55486004473862e-05
"Q.05",0.415620752763127,0.41562072668638,0.415620650382264,0.415620692593337
"Q.95",0.41570479979838,0.415704774202425,0.415704697810929,0.415704740009569
"theta0",217436758.755349,217436758.755349,217436758.755349,217436758.755349
"theta1",154671558.757106,154671558.757106,154671558.757106,154671558.757106
