"","AA","AB","BA","BB"
"EV",0.275517503176814,0.275517503535404,0.275517489503035,0.275517502374334
"STD",1.13533070297111e-05,1.13533040613866e-05,1.13533061476372e-05,1.13533029981651e-05
"Q.05",0.275498828813393,0.275498829176866,0.275498815141065,0.275498828017545
"Q.95",0.275536177869883,0.275536178223591,0.275536164194654,0.275536177060772
"theta0",1121914988.70418,1121914988.70418,1121914988.70418,1121914988.70418
"theta1",426659322.175516,426659322.175516,426659322.175516,426659322.175516
