"","AA","AB","BA","BB"
"EV",0.239676276654661,0.239672927875524,0.23967494728227,0.239675506150794
"STD",0.000177413665599767,0.000177414134550255,0.000177383948970518,0.000177418235564689
"Q.05",0.239384508273869,0.239381158724796,0.239383227764311,0.239383730255978
"Q.95",0.239968147286067,0.239964799279702,0.239966769017503,0.239967384302021
"theta0",4401129.51944132,4401129.51944132,4401129.51944132,4401129.51944132
"theta1",1387354.38481023,1387354.38481023,1387354.38481023,1387354.38481023
