"","AA","AB","BA","BB"
"EV",0.275655966840213,0.275655966840374,0.275655966840623,0.27565596684035
"STD",7.66527535843122e-08,7.66527535819182e-08,7.66527535856851e-08,7.66527535851451e-08
"Q.05",0.275655840757661,0.275655840757822,0.27565584075807,0.275655840757798
"Q.95",0.27565609292278,0.275656092922941,0.27565609292319,0.275656092922918
"theta0",24615102602719.3,24615102602719.3,24615102602719.3,24615102602719.3
"theta1",9367509907178.4,9367509907178.4,9367509907178.4,9367509907178.4
