"","AA","AB","BA","BB"
"EV",0.280746142364982,0.268481107188564,0.274207638111539,0.278558388158793
"STD",0.00655149311954541,0.00652954782495221,0.0067135926931119,0.00678563377571661
"Q.05",0.27002299489162,0.257798253267861,0.263223045436645,0.267454832433204
"Q.95",0.291575305682587,0.279278289617786,0.285308556264256,0.289777361518631
"theta0",2184.02568104055,2184.02568104055,2184.02568104055,2184.02568104055
"theta1",830.495398657642,830.495398657642,830.495398657642,830.495398657642
