"","AA","AB","BA","BB"
"EV",0.275505862136114,0.27550583011233,0.2755058638847,0.275505870315155
"STD",1.91657088236587e-05,1.91657638606476e-05,1.9165745472009e-05,1.91657689420912e-05
"Q.05",0.275474337820189,0.275474305705879,0.275474339508495,0.275474345900347
"Q.95",0.275537387391527,0.275537355458273,0.275537389200395,0.275537395669457
"theta0",393684119.57697,393684119.57697,393684119.57697,393684119.57697
"theta1",149707601.634477,149707601.634477,149707601.634477,149707601.634477
