"","AA","AB","BA","BB"
"EV",0.275503170372998,0.275503232403801,0.275503140852655,0.275503178210656
"STD",2.16600203746045e-05,2.16600479778229e-05,2.16600128587971e-05,2.16600286349752e-05
"Q.05",0.275467543409908,0.27546760539531,0.275467513901927,0.27546755123398
"Q.95",0.275538798536047,0.275538860612254,0.275538769003341,0.275538806387293
"theta0",308233642.111097,308233642.111097,308233642.111097,308233642.111097
"theta1",117211485.872994,117211485.872994,117211485.872994,117211485.872994
