"","AA","AB","BA","BB"
"EV",0.275501641727903,0.275501642690277,0.275501642155635,0.27550164197494
"STD",3.51543375386014e-06,3.51543385387027e-06,3.51543401227932e-06,3.51543388281998e-06
"Q.05",0.275495859369747,0.275495860331956,0.275495859797055,0.275495859616572
"Q.95",0.275507424117668,0.275507425080206,0.275507424545825,0.275507424364917
"theta0",11701488101.8354,11701488101.8354,11701488101.8354,11701488101.8354
"theta1",4449670799.82631,4449670799.82631,4449670799.82631,4449670799.82631
