"","AA","AB","BA","BB"
"EV",0.415682581681593,0.415682592222652,0.415682575226297,0.415682597985804
"STD",1.44182383249363e-05,1.44182410987344e-05,1.44182401251623e-05,1.44182407080093e-05
"Q.05",0.415658865872043,0.415658876408539,0.415658859413787,0.415658882172335
"Q.95",0.415706297655251,0.415706308200873,0.415706291202917,0.415706313963383
"theta0",682707108.133213,682707108.133213,682707108.133213,682707108.133213
"theta1",485676877.563067,485676877.563067,485676877.563067,485676877.563067
