"","AA","AB","BA","BB"
"EV",0.415666363909577,0.415666374091954,0.415666354776179,0.415666317486287
"STD",2.45682152868932e-05,2.45681742538983e-05,2.45682103857068e-05,2.45681644603279e-05
"Q.05",0.415625953029843,0.415625963279713,0.415625943904507,0.415625906690155
"Q.95",0.4157067752659,0.415706785380783,0.41570676612444,0.415706728759007
"theta0",235135752.836167,235135752.836167,235135752.836167,235135752.836167
"theta1",167264064.257761,167264064.257761,167264064.257761,167264064.257761
