"","AA","AB","BA","BB"
"EV",0.275473835618073,0.275473835457414,0.275473835488269,0.275473835583244
"STD",1.04887419895876e-06,1.04887419909295e-06,1.04887420109794e-06,1.04887420154822e-06
"Q.05",0.27547211037495,0.275472110214291,0.275472110245142,0.275472110340116
"Q.95",0.275475560864011,0.275475560703352,0.27547556073421,0.275475560829186
"theta0",131444280518.809,131444280518.809,131444280518.809,131444280518.809
"theta1",49976746030.5147,49976746030.5147,49976746030.5147,49976746030.5147
