"","AA","AB","BA","BB"
"EV",0.415642815009063,0.415642815710123,0.415642815842896,0.415642815390342
"STD",2.33135961217264e-06,2.33135967231958e-06,2.33135968899138e-06,2.33135970492838e-06
"Q.05",0.415638980265896,0.415638980966857,0.415638981099602,0.415638980647022
"Q.95",0.415646649756524,0.415646650457683,0.415646650590482,0.415646650137954
"theta0",26113102930.47,26113102930.47,26113102930.47,26113102930.47
"theta1",18573783142.916,18573783142.916,18573783142.916,18573783142.916
