"","AA","AB","BA","BB"
"EV",0.24011642389324,0.238126271024519,0.240596141248037,0.241357877227989
"STD",0.00355407432022585,0.00342607892096617,0.00363524181207371,0.00355775304953612
"Q.05",0.234290992276114,0.232510178388764,0.234638080061789,0.235526266402597
"Q.95",0.245982772939922,0.243780897195328,0.246596873057518,0.247230150903514
"theta0",9909.71712508028,9909.71712508028,9909.71712508028,9909.71712508028
"theta1",3130.2285926493,3130.2285926493,3130.2285926493,3130.2285926493
