"","AA","AB","BA","BB"
"EV",0.270506273387723,0.274835665446439,0.285230821911529,0.281362991290543
"STD",0.00679979634293873,0.00640191979017842,0.00821112121981796,0.00812639171659522
"Q.05",0.25938290747532,0.264358212225462,0.271805681452654,0.268077669873616
"Q.95",0.281751964548142,0.285418446874863,0.298817558263125,0.294810776043312
"theta0",1657.62557286204,1657.62557286204,1657.62557286204,1657.62557286204
"theta1",638.204228837391,638.204228837391,638.204228837391,638.204228837391
