"","AA","AB","BA","BB"
"EV",0.239669776316956,0.239669779651666,0.239669722521495,0.23966979018518
"STD",1.81119261692943e-05,1.81119809336797e-05,1.8111966413526e-05,1.81119865697328e-05
"Q.05",0.239639985382366,0.239639988627001,0.239639931520712,0.239639999151244
"Q.95",0.239699568317257,0.23969957174205,0.239699514587994,0.239699582284834
"theta0",422362597.807084,422362597.807084,422362597.807084,422362597.807084
"theta1",133136288.810409,133136288.810409,133136288.810409,133136288.810409
