"","AA","AB","BA","BB"
"EV",0.275508900498959,0.27550901791135,0.275508763178202,0.275508884189684
"STD",3.51417942987133e-05,3.51420076660751e-05,3.51418807323882e-05,3.5142074349031e-05
"Q.05",0.275451098970412,0.275451216031863,0.275450961507493,0.275451082200521
"Q.95",0.275566705185998,0.275566822949365,0.275566568007421,0.275566689337391
"theta0",117097126.755055,117097126.755055,117097126.755055,117097126.755055
"theta1",44529600.4511359,44529600.4511359,44529600.4511359,44529600.4511359
