"","AA","AB","BA","BB"
"EV",0.415661141451368,0.415661465574969,0.415655182373812,0.415663150278099
"STD",0.000229554924796218,0.000229555100041113,0.000229504414219628,0.000229563128532402
"Q.05",0.41528357800088,0.415283901836176,0.415277701998234,0.415285573334629
"Q.95",0.416038746511923,0.416039070923723,0.41603270434426,0.416040768833563
"theta0",2692736.64419517,2692736.64419517,2692736.64419517,2692736.64419517
"theta1",1915432.79116307,1915432.79116307,1915432.79116307,1915432.79116307
