"","AA","AB","BA","BB"
"EV",0.276775312145243,0.276373582800798,0.272961709227315,0.275293249136204
"STD",0.00382526482921444,0.00416174949079783,0.0039931837110578,0.00422060905539243
"Q.05",0.270501888165664,0.269550164936197,0.266414277549766,0.268373810179452
"Q.95",0.283085848039316,0.283241048184588,0.279550629811089,0.282258319896055
"theta0",7760.79640496869,7760.79640496869,7760.79640496869,7760.79640496869
"theta1",2948.93521343457,2948.93521343457,2948.93521343457,2948.93521343457
