"","AA","AB","BA","BB"
"EV",0.4156518621898,0.415651851834401,0.415651855409248,0.415651871541169
"STD",1.67943497429822e-05,1.67943785169676e-05,1.67943729796057e-05,1.67943837220594e-05
"Q.05",0.415624238054082,0.415624227651354,0.41562423123531,0.415624247349561
"Q.95",0.41567948654826,0.41567947624019,0.415679479805929,0.41567949595552
"theta0",503204830.45188,503204830.45188,503204830.45188,503204830.45188
"theta1",357933926.065709,357933926.065709,357933926.065709,357933926.065709
