"","AA","AB","BA","BB"
"EV",0.275489246459574,0.275489228766664,0.275489251884751,0.275489214942634
"STD",1.89300787214194e-05,1.89301094425002e-05,1.8930110852401e-05,1.89301221820824e-05
"Q.05",0.275458109709248,0.275458091965808,0.275458115081576,0.275458078120824
"Q.95",0.275520384126529,0.275520366484153,0.275520389604559,0.275520352681079
"theta0",403540458.598725,403540458.598725,403540458.598725,403540458.598725
"theta1",153442927.101338,153442927.101338,153442927.101338,153442927.101338
