"","AA","AB","BA","BB"
"EV",0.275500476134224,0.275500462167953,0.275500478499467,0.275500478870564
"STD",1.47736757186125e-05,1.47736642346403e-05,1.47736759679291e-05,1.47736653118491e-05
"Q.05",0.275476175879264,0.275476161931882,0.275476178244097,0.275476178632721
"Q.95",0.27552477694744,0.275524762962279,0.275524779313093,0.275524779666662
"theta0",662553632.597597,662553632.597597,662553632.597597,662553632.597597
"theta1",251944733.162193,251944733.162193,251944733.162193,251944733.162193
