"","AA","AB","BA","BB"
"EV",0.415672729789601,0.415672732518191,0.415672730197098,0.415672728735793
"STD",7.06853415945521e-06,7.06853281460904e-06,7.06853539349296e-06,7.06853485626893e-06
"Q.05",0.415661103105275,0.415661105836077,0.415661103510742,0.415661102050321
"Q.95",0.415684356513374,0.415684359239752,0.415684356922901,0.415684355460712
"theta0",2840566549.19306,2840566549.19306,2840566549.19306,2840566549.19306
"theta1",2020693050.62607,2020693050.62607,2020693050.62607,2020693050.62607
