"","AA","AB","BA","BB"
"EV",0.239678333778212,0.239678359921188,0.239678344432036,0.239678359110004
"STD",2.1310776210814e-05,2.13108091910675e-05,2.1310734021171e-05,2.13107997128569e-05
"Q.05",0.239643281408334,0.239643307497064,0.239643292131551,0.23964330670147
"Q.95",0.239713387623403,0.239713413820628,0.239713398207829,0.239713412993854
"theta0",305086650.566612,305086650.566612,305086650.566612,305086650.566612
"theta1",96173329.7260338,96173329.7260338,96173329.7260338,96173329.7260338
