"","AA","AB","BA","BB"
"EV",0.275490145599591,0.275490150351663,0.275490147702025,0.275490163975841
"STD",1.23637900336347e-05,1.2363797149405e-05,1.23637827717435e-05,1.23637965103383e-05
"Q.05",0.275469809170218,0.275469813910586,0.275469811284597,0.275469827535815
"Q.95",0.275510482419976,0.275510487183752,0.275510484510465,0.275510500806879
"theta0",945999288.314525,945999288.314525,945999288.314525,945999288.314525
"theta1",359710069.242733,359710069.242733,359710069.242733,359710069.242733
