"","AA","AB","BA","BB"
"EV",0.41547983794288,0.415848101476353,0.415615286471199,0.415206245681813
"STD",0.00171457002577136,0.00169397100059809,0.00172605463280954,0.00171989066299848
"Q.05",0.412660782508211,0.413062895469766,0.412777354133155,0.412378449806064
"Q.95",0.418301220026785,0.418635568088231,0.418455572731921,0.418036390695825
"theta0",47464.3346832225,47464.3346832225,47464.3346832225,47464.3346832225
"theta1",33745.8776202905,33745.8776202905,33745.8776202905,33745.8776202905
