"","AA","AB","BA","BB"
"EV",0.415662432494479,0.415662491012077,0.415662479999137,0.415662490916833
"STD",1.95390493552015e-05,1.95390182112414e-05,1.95390628375313e-05,1.95390522699404e-05
"Q.05",0.415630293769006,0.41563035233783,0.415630341251487,0.415630352186565
"Q.95",0.41569457152141,0.41569462998778,0.415694619048244,0.415694629948557
"theta0",371758277.988018,371758277.988018,371758277.988018,371758277.988018
"theta1",264446417.420144,264446417.420144,264446417.420144,264446417.420144
