"","AA","AB","BA","BB"
"EV",0.275506165174578,0.275506154873105,0.275506230743403,0.275506135727943
"STD",2.47041383022498e-05,2.47041552378197e-05,2.47040819252396e-05,2.47041202623209e-05
"Q.05",0.275465531263555,0.275465520934226,0.275465596925107,0.275465501846592
"Q.95",0.275546800646517,0.275546790372902,0.275546866122606,0.275546771170208
"theta0",236951681.506301,236951681.506301,236951681.506301,236951681.506301
"theta1",90106565.5543046,90106565.5543046,90106565.5543046,90106565.5543046
