"","AA","AB","BA","BB"
"EV",0.239712886564277,0.239712886348706,0.239712886437449,0.239712886015075
"STD",2.21946069982272e-06,2.21946072166537e-06,2.21946070071047e-06,2.21946072306739e-06
"Q.05",0.239709235884294,0.239709235668687,0.239709235757464,0.239709235335054
"Q.95",0.239716537260258,0.239716537044723,0.239716537133431,0.239716536711095
"theta0",28128832013.2495,28128832013.2495,28128832013.2495,28128832013.2495
"theta1",8868812045.11986,8868812045.11986,8868812045.11986,8868812045.11986
