"","AA","AB","BA","BB"
"EV",0.239676430994471,0.239676429857664,0.239676431458936,0.239676429470124
"STD",5.36521246343741e-06,5.36521355053548e-06,5.36521285938733e-06,5.36521361748358e-06
"Q.05",0.239667606052047,0.239667604913452,0.23966760651586,0.239667604525802
"Q.95",0.239685256030406,0.239685254895388,0.239685256495522,0.239685254507958
"theta0",4813358124.53721,4813358124.53721,4813358124.53721,4813358124.53721
"theta1",1517312549.47405,1517312549.47405,1517312549.47405,1517312549.47405
