"","AA","AB","BA","BB"
"EV",0.239667587720135,0.239667536976536,0.239667619419029,0.239667547176613
"STD",2.38130548535338e-05,2.38130694668557e-05,2.381312877496e-05,2.3813132467848e-05
"Q.05",0.239628419651626,0.239628368883991,0.239628451228935,0.239628378980445
"Q.95",0.239706757630889,0.239706706911329,0.239706789451378,0.239706717215037
"theta0",244333223.940358,244333223.940358,244333223.940358,244333223.940358
"theta1",77017300.1146263,77017300.1146263,77017300.1146263,77017300.1146263
