"","AA","AB","BA","BB"
"EV",0.27549430863684,0.275494316109752,0.275494316190072,0.275494292709945
"STD",1.33821021186369e-05,1.33820974224953e-05,1.33821021542863e-05,1.33820966980761e-05
"Q.05",0.275472297266666,0.275472304747302,0.275472304819838,0.275472281348686
"Q.95",0.275516320465076,0.275516327930263,0.275516328018366,0.275516304529264
"theta0",807508552.368745,807508552.368745,807508552.368745,807508552.368745
"theta1",307056262.970695,307056262.970695,307056262.970695,307056262.970695
