"","AA","AB","BA","BB"
"EV",0.275500440005648,0.27550064607295,0.275500584470737,0.275500723663812
"STD",4.01502299445508e-05,4.01503331261623e-05,4.01500704443707e-05,4.01502498881176e-05
"Q.05",0.275434400815918,0.275434606713508,0.275434545543343,0.275434684441275
"Q.95",0.275566483318562,0.27556668955559,0.275566627521279,0.275566767009528
"theta0",89705163.3803748,89705163.3803748,89705163.3803748,89705163.3803748
"theta1",34111589.5382788,34111589.5382788,34111589.5382788,34111589.5382788
