"","AA","AB","BA","BB"
"EV",0.415648042344888,0.415648048903529,0.415647991622751,0.41564809181487
"STD",2.62024134136936e-05,2.62023957714268e-05,2.62023775852979e-05,2.62023350571331e-05
"Q.05",0.415604943481255,0.415604950068914,0.41560489281805,0.41560499308012
"Q.95",0.415691141750746,0.415691148280368,0.415691090969676,0.415691191091841
"theta0",206724236.840067,206724236.840067,206724236.840067,206724236.840067
"theta1",147042417.976069,147042417.976069,147042417.976069,147042417.976069
