"","AA","AB","BA","BB"
"EV",0.239678998708087,0.239678995569528,0.23967906776207,0.23967897856888
"STD",2.21465374876238e-05,2.21465862356723e-05,2.21465009581986e-05,2.21465779489935e-05
"Q.05",0.239642571692232,0.239642568473494,0.239642640806298,0.239642551486475
"Q.95",0.239715427317234,0.239715424258862,0.239715496311128,0.239715407244582
"theta0",282494509.425057,282494509.425057,282494509.425057,282494509.425057
"theta1",89051867.9645875,89051867.9645875,89051867.9645875,89051867.9645875
