"","AA","AB","BA","BB"
"EV",0.275495544319353,0.275495575409925,0.27549553508594,0.275495584352044
"STD",2.00403380443417e-05,2.00403632216378e-05,2.00403057386885e-05,2.00403560641194e-05
"Q.05",0.275462581410269,0.275462612459429,0.275462572229993,0.275462621413321
"Q.95",0.275528508255698,0.275528539387684,0.275528498969145,0.27552854831803
"theta0",360068545.594251,360068545.594251,360068545.594251,360068545.594251
"theta1",136917429.372927,136917429.372927,136917429.372927,136917429.372927
