"","AA","AB","BA","BB"
"EV",0.239678816623884,0.239678859102165,0.239678839075002,0.239678863620831
"STD",1.75888910693342e-05,1.75889264607184e-05,1.75888942013919e-05,1.75889274252668e-05
"Q.05",0.239649885975114,0.239649928395183,0.239649908421081,0.239649932912262
"Q.95",0.239707748277642,0.239707790814139,0.239707770733913,0.239707795334391
"theta0",447862702.780846,447862702.780846,447862702.780846,447862702.780846
"theta1",141181413.128792,141181413.128792,141181413.128792,141181413.128792
