"","AA","AB","BA","BB"
"EV",0.239710057757277,0.239710066188756,0.239710052570089,0.239710061825359
"STD",9.44827497166497e-06,9.44827593698994e-06,9.44826907503908e-06,9.44827546390489e-06
"Q.05",0.239694516872888,0.23969452530278,0.2396945116954,0.239694520940161
"Q.95",0.239725598931598,0.239725607364666,0.239725593734712,0.23972560300049
"theta0",1552170701.69788,1552170701.69788,1552170701.69788,1552170701.69788
"theta1",489380316.199811,489380316.199811,489380316.199811,489380316.199811
