"","AA","AB","BA","BB"
"EV",0.41565804599131,0.415658256126619,0.415658058656106,0.415657991849303
"STD",3.87166805021529e-05,3.8716657760586e-05,3.87168916592485e-05,3.87168798890734e-05
"Q.05",0.415594363310784,0.415594573483497,0.415594375628264,0.415594308840822
"Q.95",0.415721729855526,0.415721939953426,0.415721742867651,0.415721676041488
"theta0",94682095.9465726,94682095.9465726,94682095.9465726,94682095.9465726
"theta1",67349916.5244727,67349916.5244727,67349916.5244727,67349916.5244727
