"","AA","AB","BA","BB"
"EV",0.240865872653247,0.237189592532651,0.236137698377713,0.245743070379121
"STD",0.00580249707348882,0.00614606803031923,0.00563985553979256,0.00611504323946402
"Q.05",0.231376061710805,0.227142845904458,0.226914062093631,0.235743248501138
"Q.95",0.250464220897754,0.24736115184727,0.245467173724523,0.255859573522552
"theta0",2814.94759721278,2814.94759721278,2814.94759721278,2814.94759721278
"theta1",888.853868332428,888.853868332428,888.853868332428,888.853868332428
