"","AA","AB","BA","BB"
"EV",0.239686580567601,0.239686586522133,0.239686585362392,0.239686587795624
"STD",1.97133256364457e-05,1.97132941284712e-05,1.97133466644434e-05,1.97133372743603e-05
"Q.05",0.239654155663613,0.239654161669969,0.239654160423817,0.239654162872494
"Q.95",0.239719006733943,0.239719012636648,0.239719011563324,0.23971901398111
"theta0",356539649.228699,356539649.228699,356539649.228699,356539649.228699
"theta1",112398083.870945,112398083.870945,112398083.870945,112398083.870945
