"","AA","AB","BA","BB"
"EV",0.275497183473993,0.275497198744881,0.275497179606349,0.275497182418369
"STD",1.7000572432068e-05,1.70006159515196e-05,1.70006182565109e-05,1.70006249199774e-05
"Q.05",0.275469220390396,0.275469235589703,0.275469216447379,0.27546921924844
"Q.95",0.275525147296843,0.275525162639316,0.275525143504575,0.275525146327556
"theta0",500342588.014595,500342588.014595,500342588.014595,500342588.014595
"theta1",190258715.915998,190258715.915998,190258715.915998,190258715.915998
