"","AA","AB","BA","BB"
"EV",0.239672666178025,0.239672622766483,0.239672745762425,0.239672574123026
"STD",2.91190450054572e-05,2.91192355995245e-05,2.91191427541429e-05,2.9119244754296e-05
"Q.05",0.239624770988551,0.239624727263528,0.239624850412177,0.239624678605014
"Q.95",0.239720564122086,0.239720521024061,0.239720643867277,0.239720472395664
"theta0",163402524.58509,163402524.58509,163402524.58509,163402524.58509
"theta1",51508230.7049246,51508230.7049246,51508230.7049246,51508230.7049246
