"","AA","AB","BA","BB"
"EV",0.275512960897513,0.275512954202698,0.275512954056117,0.275512960641707
"STD",1.1040823659482e-05,1.10408195509814e-05,1.10408255299059e-05,1.10408230393516e-05
"Q.05",0.275494800514554,0.275494793826496,0.275494793670082,0.275494800259768
"Q.95",0.275531121592235,0.275531114890661,0.275531114753915,0.275531121335408
"theta0",1186314893.72376,1186314893.72376,1186314893.72376,1186314893.72376
"theta1",451140055.869749,451140055.869749,451140055.869749,451140055.869749
