"","AA","AB","BA","BB"
"EV",0.415660119134457,0.415660139652975,0.415660129069497,0.41566013370154
"STD",1.17585842585915e-05,1.17585811461661e-05,1.17585830708772e-05,1.17585770923106e-05
"Q.05",0.41564077803908,0.415640798562718,0.415640787976074,0.415640792617951
"Q.95",0.415679460339013,0.415679480852411,0.415679470272099,0.415679474894308
"theta0",1026500525.22131,1026500525.22131,1026500525.22131,1026500525.22131
"theta1",730183518.791432,730183518.791432,730183518.791432,730183518.791432
