"","AA","AB","BA","BB"
"EV",0.415655124518691,0.415655110727147,0.415655092044036,0.41565511213574
"STD",1.7515815511185e-05,1.75158546334186e-05,1.75158567876335e-05,1.75158624965176e-05
"Q.05",0.415626313687156,0.415626299831263,0.415626281144608,0.415626301226923
"Q.95",0.415683935592506,0.415683921865313,0.415683903185745,0.41568392328684
"theta0",462603052.442045,462603052.442045,462603052.442045,462603052.442045
"theta1",329057934.48734,329057934.48734,329057934.48734,329057934.48734
