"","AA","AB","BA","BB"
"EV",0.275508283617141,0.275508306154422,0.275508360532017,0.275508288069057
"STD",1.95041359104842e-05,1.95041473891014e-05,1.95041333043678e-05,1.95041437212677e-05
"Q.05",0.275476202654923,0.275476225173323,0.275476279574084,0.275476207093991
"Q.95",0.275540365552303,0.275540388108464,0.275540442462891,0.275540370017067
"theta0",380142701.037484,380142701.037484,380142701.037484,380142701.037484
"theta1",144559936.799423,144559936.799423,144559936.799423,144559936.799423
