"","AA","AB","BA","BB"
"EV",0.275509998552859,0.275509982590968,0.275510023096041,0.275509970271958
"STD",1.90210267333104e-05,1.90210287190579e-05,1.90210632698985e-05,1.90210623811999e-05
"Q.05",0.275478712210716,0.275478696245559,0.275478736693803,0.275478683871181
"Q.95",0.275541285820332,0.275541269861707,0.275541310423613,0.275541257598068
"theta0",399698215.344054,399698215.344054,399698215.344054,399698215.344054
"theta1",151997752.634881,151997752.634881,151997752.634881,151997752.634881
