"","AA","AB","BA","BB"
"EV",0.415722334520206,0.415722334751621,0.415722334641811,0.415722334963098
"STD",2.09706073476104e-06,2.09706077282085e-06,2.09706076734959e-06,2.09706078442188e-06
"Q.05",0.415718885163986,0.415718885395338,0.415718885285537,0.415718885606796
"Q.95",0.415725783879897,0.415725784111374,0.415725784001555,0.41572578432287
"theta0",32271554565.7413,32271554565.7413,32271554565.7413,32271554565.7413
"theta1",22961695793.6207,22961695793.6207,22961695793.6207,22961695793.6207
