"","AA","AB","BA","BB"
"EV",0.281130725739384,0.252295116094369,0.273567681271674,0.295026346463581
"STD",0.0113566496929506,0.0125434577488835,0.00697486964138903,0.0122856634725394
"Q.05",0.262610142377299,0.231899573748747,0.262158230249592,0.274987886134831
"Q.95",0.299969246215042,0.273161054837783,0.285103230815069,0.315403444093441
"theta0",397.720179641662,397.720179641662,397.720179641662,397.720179641662
"theta1",151.239334763105,151.239334763105,151.239334763105,151.239334763105
