"","AA","AB","BA","BB"
"EV",0.275493343623177,0.275493347757338,0.275493353325822,0.275493370100223
"STD",1.32910529234465e-05,1.32910466801924e-05,1.32910624614068e-05,1.32910612594254e-05
"Q.05",0.275471482012497,0.275471486156926,0.275471491699454,0.275471508475831
"Q.95",0.275515205685709,0.2755152098096,0.275515215404043,0.275515232176467
"theta0",818608649.714214,818608649.714214,818608649.714214,818608649.714214
"theta1",311275601.705685,311275601.705685,311275601.705685,311275601.705685
