"","AA","AB","BA","BB"
"EV",0.415201078663098,0.414633576850012,0.416337038024653,0.415209876047707
"STD",0.00276297576125251,0.00281665822403202,0.0027258519479581,0.00280528617035512
"Q.05",0.410659411063706,0.410003750278248,0.411856311213091,0.410598706841762
"Q.95",0.41974880946271,0.419269749222224,0.420823582551671,0.419827294893938
"theta0",17528.6081287891,17528.6081287891,17528.6081287891,17528.6081287891
"theta1",12452.5259953792,12452.5259953792,12452.5259953792,12452.5259953792
