"","AA","AB","BA","BB"
"EV",0.415647440864992,0.415647495717031,0.415647479551872,0.415647523781611
"STD",2.524333702839e-05,2.52433161508368e-05,2.52433266717723e-05,2.52432937470597e-05
"Q.05",0.415605919522149,0.415605974408528,0.415605958226063,0.415606002509958
"Q.95",0.415688962711097,0.415689017528795,0.415689001380941,0.415689045556523
"theta0",222730854.527789,222730854.527789,222730854.527789,222730854.527789
"theta1",158427519.547872,158427519.547872,158427519.547872,158427519.547872
