"","AA","AB","BA","BB"
"EV",0.239678239582309,0.239678422852767,0.239678281510006,0.239678276270699
"STD",3.345450631826e-05,3.34544892909578e-05,3.34545125340274e-05,3.34544909152912e-05
"Q.05",0.239623213634168,0.23962339693263,0.239623255551642,0.239623250347893
"Q.95",0.239733269166209,0.239733452408656,0.239733311104131,0.239733305829262
"theta0",123797075.878196,123797075.878196,123797075.878196,123797075.878196
"theta1",39024893.6989199,39024893.6989199,39024893.6989199,39024893.6989199
