"","AA","AB","BA","BB"
"EV",0.418987088487758,0.4085026981521,0.419801530932222,0.411879565320755
"STD",0.0064441098946192,0.00710523552759547,0.00742400960948642,0.00786677654088821
"Q.05",0.40840307857729,0.396837229993764,0.407610595139535,0.398965284950846
"Q.95",0.429602533067152,0.420211653180467,0.432033750068205,0.424845061659702
"theta0",1894.43222042991,1894.43222042991,1894.43222042991,1894.43222042991
"theta1",1342.76664960271,1342.76664960271,1342.76664960271,1342.76664960271
