"","AA","AB","BA","BB"
"EV",0.415638329626065,0.415638317213957,0.415638328935377,0.415638311951067
"STD",1.61296237148749e-05,1.61296397823422e-05,1.61296473291003e-05,1.61296453248001e-05
"Q.05",0.415611798858741,0.415611786420205,0.415611798129211,0.415611781148198
"Q.95",0.415664860598882,0.415664848213203,0.415664859947036,0.41566484295943
"theta0",545543064.855286,545543064.855286,545543064.855286,545543064.855286
"theta1",388027847.305572,388027847.305572,388027847.305572,388027847.305572
