"","AA","AB","BA","BB"
"EV",0.275510252363333,0.275510171825784,0.275510199987091,0.275510189919861
"STD",2.291588320201e-05,2.29158833570262e-05,2.29158621677132e-05,2.29159061304184e-05
"Q.05",0.275472559761277,0.275472479223474,0.275472507419633,0.275472497280093
"Q.95",0.275547946308467,0.275547865771174,0.275547893897626,0.275547883902711
"theta0",275376763.543984,275376763.543984,275376763.543984,275376763.543984
"theta1",104720740.791082,104720740.791082,104720740.791082,104720740.791082
