"","AA","AB","BA","BB"
"EV",0.41562953911759,0.415629563596974,0.415629552437975,0.415629569437812
"STD",1.50182406617159e-05,1.50182523719324e-05,1.50182316939399e-05,1.50182510147325e-05
"Q.05",0.415604836399051,0.415604860859173,0.415604849734186,0.415604866702243
"Q.95",0.415654242014299,0.415654266512945,0.415654255319933,0.41565427235155
"theta0",629280090.139415,629280090.139415,629280090.139415,629280090.139415
"theta1",447571240.582547,447571240.582547,447571240.582547,447571240.582547
