"","AA","AB","BA","BB"
"EV",0.243861758675512,0.228769418341482,0.247249916091105,0.25761552710178
"STD",0.00937300422337557,0.00664235382543616,0.0114854678332032,0.00902532099814926
"Q.05",0.228584101831318,0.217921210243091,0.228563118384993,0.242888113350343
"Q.95",0.259417125462345,0.239771924139457,0.266344520617641,0.272577851834854
"theta0",722.286086724661,722.286086724661,722.286086724661,722.286086724661
"theta1",233.592317026016,233.592317026016,233.592317026016,233.592317026016
