"","AA","AB","BA","BB"
"EV",0.241510121712727,0.235527411228871,0.232465270745735,0.234908273122444
"STD",0.00472676681504956,0.00642558264357903,0.00641116643955584,0.0069064510761878
"Q.05",0.233771231315092,0.225027518757018,0.22199022637085,0.223628539457973
"Q.95",0.24932071979476,0.246165262324481,0.243080514174742,0.24634805968049
"theta0",2795.04108925227,2795.04108925227,2795.04108925227,2795.04108925227
"theta1",863.881213011113,863.881213011113,863.881213011113,863.881213011113
