"","AA","AB","BA","BB"
"EV",0.415673386299529,0.415673463441124,0.415673472207207,0.415673452701691
"STD",2.1844766264268e-05,2.18447899389646e-05,2.18447980310484e-05,2.18448089344261e-05
"Q.05",0.41563745504488,0.415637532147534,0.415637540900307,0.415637521376856
"Q.95",0.415709317930928,0.415709395111464,0.415709403890858,0.415709384403277
"theta0",297417460.971467,297417460.971467,297417460.971467,297417460.971467
"theta1",211574399.435102,211574399.435102,211574399.435102,211574399.435102
