"","AA","AB","BA","BB"
"EV",0.275497182803552,0.275497175471502,0.275497207998029,0.275497202809631
"STD",1.70206230000078e-05,1.70206234401871e-05,1.70206125137268e-05,1.70206155271106e-05
"Q.05",0.275469186740578,0.275469179407804,0.275469211952303,0.275469206758948
"Q.95",0.275525179607524,0.275525172276197,0.275525204784751,0.27552519960131
"theta0",499166798.326095,499166798.326095,499166798.326095,499166798.326095
"theta1",189811619.692314,189811619.692314,189811619.692314,189811619.692314
