"","AA","AB","BA","BB"
"EV",0.417629550420512,0.414223506043751,0.414643583507045,0.415440361260698
"STD",0.00396547258649545,0.00416374743849727,0.00383654140028211,0.00412216333139184
"Q.05",0.411112959028298,0.407381691345643,0.408338897955976,0.408666705835713
"Q.95",0.42415825379961,0.421079259352315,0.420960041391087,0.422227472938279
"theta0",7921.82857307754,7921.82857307754,7921.82857307754,7921.82857307754
"theta1",5630.97773557203,5630.97773557203,5630.97773557203,5630.97773557203
