"","AA","AB","BA","BB"
"EV",0.27553951535484,0.275539515207823,0.275539515225682,0.275539515313417
"STD",1.01733829681037e-06,1.01733829954855e-06,1.01733830100897e-06,1.0173383023146e-06
"Q.05",0.275537841983576,0.275537841836554,0.275537841854411,0.275537841942144
"Q.95",0.275541188728751,0.275541188581738,0.2755411885996,0.275541188687337
"theta0",139727697101.001,139727697101.001,139727697101.001,139727697101.001
"theta1",53143687946.5665,53143687946.5665,53143687946.5665,53143687946.5665
