"","AA","AB","BA","BB"
"EV",0.239677906435397,0.23967790449699,0.239677901024033,0.239677898505195
"STD",1.97666010573638e-05,1.97666341657823e-05,1.97665722127434e-05,1.97666310087229e-05
"Q.05",0.239645393904593,0.23964539191173,0.239645388540673,0.239645385925128
"Q.95",0.239710420235462,0.239710418351516,0.239710414776651,0.239710412354528
"theta0",354615281.115169,354615281.115169,354615281.115169,354615281.115169
"theta1",111786106.322492,111786106.322492,111786106.322492,111786106.322492
