"","AA","AB","BA","BB"
"EV",0.231826980661933,0.236955298147829,0.241860996906843,0.245658636958249
"STD",0.00686445763003979,0.00677226196717946,0.00668239846026702,0.00660921144712885
"Q.05",0.220617021733976,0.225892121755258,0.230941200930507,0.234855882750054
"Q.95",0.243198365402464,0.248170264388052,0.252923800704003,0.256597776538052
"theta0",1909.38279315658,1909.38279315658,1909.38279315658,1909.38279315658
"theta1",599.910273758938,599.910273758938,599.910273758938,599.910273758938
