"","AA","AB","BA","BB"
"EV",0.275504967251853,0.275504964494938,0.275504972355183,0.275504940136469
"STD",1.63234250259631e-05,1.63234332775701e-05,1.63234326265201e-05,1.63234372102857e-05
"Q.05",0.275478117947747,0.275478115177259,0.275478123038575,0.275478090812322
"Q.95",0.27553181723746,0.275531814494117,0.275531822353291,0.275531790142118
"theta0",542720755.088737,542720755.088737,542720755.088737,542720755.088737
"theta1",206381344.888855,206381344.888855,206381344.888855,206381344.888855
