"","AA","AB","BA","BB"
"EV",0.415631291920078,0.415631332537956,0.415631333273547,0.415631300711455
"STD",2.17504373688877e-05,2.17504594303094e-05,2.17504892187216e-05,2.17504934210775e-05
"Q.05",0.41559551582113,0.41559555640272,0.415595557089314,0.415595524520311
"Q.95",0.415667068392727,0.415667109046892,0.415667109831481,0.415667077276302
"theta0",300015414.831724,300015414.831724,300015414.831724,300015414.831724
"theta1",213385495.061625,213385495.061625,213385495.061625,213385495.061625
