"","AA","AB","BA","BB"
"EV",0.241536004739896,0.238170330486442,0.23747144143196,0.237223985861125
"STD",0.00401248576860956,0.00409001998714997,0.00450441845394947,0.00452184160483766
"Q.05",0.23496194200395,0.231470363210347,0.230095874641937,0.229820077399617
"Q.95",0.248161729035588,0.244925199248152,0.24491391328379,0.244695430090474
"theta0",6465.51996269473,6465.51996269473,6465.51996269473,6465.51996269473
"theta1",2026.10641986726,2026.10641986726,2026.10641986726,2026.10641986726
