"","AA","AB","BA","BB"
"EV",0.27548383508266,0.275483836317042,0.275483828612664,0.275483840865922
"STD",1.07313215772497e-05,1.07313196045899e-05,1.07313190131497e-05,1.07313141178665e-05
"Q.05",0.275466183776735,0.275466185014361,0.275466177310957,0.275466189572266
"Q.95",0.27550148668317,0.275501487914307,0.275501480208957,0.275501492454163
"theta0",1255699513.19511,1255699513.19511,1255699513.19511,1255699513.19511
"theta1",477456452.412193,477456452.412193,477456452.412193,477456452.412193
