"","AA","AB","BA","BB"
"EV",0.239697205133456,0.239697206116621,0.239697207423201,0.239697204009686
"STD",8.08516240933142e-06,8.08516442757241e-06,8.08516347256889e-06,8.08516494846481e-06
"Q.05",0.239683906330907,0.239683907310753,0.239683908618903,0.239683905202961
"Q.95",0.239710504148334,0.239710505134818,0.239710506439827,0.23971050302874
"theta0",2119621237.39731,2119621237.39731,2119621237.39731,2119621237.39731
"theta1",668243351.869205,668243351.869205,668243351.869205,668243351.869205
