"","AA","AB","BA","BB"
"EV",0.275515153277179,0.275515149272901,0.275515138295842,0.275515143004928
"STD",2.08695671479391e-05,2.08695743398984e-05,2.08695263139387e-05,2.08695499898243e-05
"Q.05",0.275480826450909,0.275480822434802,0.275480811536736,0.27548081620688
"Q.95",0.275549481217334,0.275549477224887,0.275549466168829,0.27554947091686
"theta0",332029228.185165,332029228.185165,332029228.185165,332029228.185165
"theta1",126267762.228213,126267762.228213,126267762.228213,126267762.228213
