"","AA","AB","BA","BB"
"EV",0.27550246688268,0.27550243776878,0.275502430377406,0.275502463902868
"STD",1.66663748888997e-05,1.66663628973119e-05,1.66663705748631e-05,1.66663571482409e-05
"Q.05",0.275475053490722,0.275475024396546,0.275475016992544,0.275475050540091
"Q.95",0.275529880985087,0.275529851851462,0.275529844472717,0.275529877976094
"theta0",520614843.840949,520614843.840949,520614843.840949,520614843.840949
"theta1",197972601.554976,197972601.554976,197972601.554976,197972601.554976
