"","AA","AB","BA","BB"
"EV",0.239681943814261,0.239681829800577,0.239681627738205,0.239681756405035
"STD",4.03160490947476e-05,4.03165527913529e-05,4.03162781095427e-05,4.03165874012554e-05
"Q.05",0.239615632454728,0.239615517612604,0.239615316002011,0.23961544416014
"Q.95",0.239748260453761,0.239748147268651,0.239747944754436,0.239748073930044
"theta0",85242701.4053228,85242701.4053228,85242701.4053228,85242701.4053228
"theta1",26871805.694164,26871805.694164,26871805.694164,26871805.694164
