"","AA","AB","BA","BB"
"EV",0.239678113874684,0.239678031901729,0.239678039839159,0.239678070317449
"STD",2.0942681391871e-05,2.09426271992699e-05,2.09427011786361e-05,2.09426845999933e-05
"Q.05",0.239643666941642,0.239643585057823,0.239643592873573,0.239643623379131
"Q.95",0.239712562232516,0.239712480170419,0.239712488229539,0.239712518680558
"theta0",315905730.834937,315905730.834937,315905730.834937,315905730.834937
"theta1",99583703.1470523,99583703.1470523,99583703.1470523,99583703.1470523
