"","AA","AB","BA","BB"
"EV",0.275510162431793,0.275510137064194,0.275510101581553,0.275510126672966
"STD",1.78351457823017e-05,1.78351252641557e-05,1.78351589434514e-05,1.78351516448037e-05
"Q.05",0.27548082663434,0.27548080130049,0.275480765762453,0.275480790865871
"Q.95",0.27553949904279,0.275539473641441,0.275539438214199,0.275539463293607
"theta0",454619284.894445,454619284.894445,454619284.894445,454619284.894445
"theta1",172883327.561637,172883327.561637,172883327.561637,172883327.561637
