"","AA","AB","BA","BB"
"EV",0.27025031414187,0.295325859752765,0.290271183953126,0.280079147454939
"STD",0.00596217122011911,0.0111500245148745,0.0113973979685108,0.0141931953599283
"Q.05",0.260490609927853,0.277125100937637,0.271674976318689,0.256984577646262
"Q.95",0.280104216261696,0.31380491949349,0.309168403604577,0.303674107210221
"theta0",675.872883132795,675.872883132795,675.872883132795,675.872883132795
"theta1",268.0604853589,268.0604853589,268.0604853589,268.0604853589
