"","AA","AB","BA","BB"
"EV",0.415652231577118,0.415652199717678,0.415652226177294,0.415652203567803
"STD",1.79062996668947e-05,1.79062942329016e-05,1.79062997160505e-05,1.79062932876742e-05
"Q.05",0.41562277846177,0.415622746611268,0.415622773061865,0.415622750462947
"Q.95",0.415681684945679,0.415681653077301,0.415681679545936,0.415681656925871
"theta0",442650016.610196,442650016.610196,442650016.610196,442650016.610196
"theta1",314861226.114763,314861226.114763,314861226.114763,314861226.114763
