"","AA","AB","BA","BB"
"EV",0.275509585564561,0.275509664576436,0.275509981365562,0.275509806681046
"STD",5.03835121878231e-05,5.03844204826071e-05,5.03839882809647e-05,5.03844903720168e-05
"Q.05",0.275426715308062,0.27542679282604,0.275427110326012,0.275426934815698
"Q.95",0.275592462313484,0.275592542819486,0.275592858897642,0.275592685039061
"theta0",56964813.0911287,56964813.0911287,56964813.0911287,56964813.0911287
"theta1",21662627.1729951,21662627.1729951,21662627.1729951,21662627.1729951
