"","AA","AB","BA","BB"
"EV",0.239683763760392,0.239683800762024,0.239683806324941,0.239683779587519
"STD",1.82138847529788e-05,1.82138707287466e-05,1.82139161825447e-05,1.82139137793017e-05
"Q.05",0.239653805124823,0.239653842149522,0.239653847637676,0.239653820904208
"Q.95",0.239713723473605,0.239713760452168,0.239713766089853,0.239713739348478
"theta0",417657463.627511,417657463.627511,417657463.627511,417657463.627511
"theta1",131663275.3415,131663275.3415,131663275.3415,131663275.3415
