"","AA","AB","BA","BB"
"EV",0.415657144470702,0.4156571845011,0.415657201479946,0.415657208151436
"STD",2.09142774705187e-05,2.09142797197653e-05,2.09143200494456e-05,2.09143209453412e-05
"Q.05",0.415622743718249,0.415622783744948,0.415622800657458,0.415622807327474
"Q.95",0.415691545568562,0.41569158560266,0.415691602647843,0.415691609320806
"theta0",324476225.590894,324476225.590894,324476225.590894,324476225.590894
"theta1",230807791.029136,230807791.029136,230807791.029136,230807791.029136
