"","AA","AB","BA","BB"
"EV",0.415672087738391,0.415672090593311,0.415672092452509,0.415672091967361
"STD",4.99637889379443e-06,4.99637874109572e-06,4.99637904396061e-06,4.99637894940136e-06
"Q.05",0.415663869436301,0.415663872291472,0.415663874150172,0.415663873665179
"Q.95",0.415680306060191,0.415680308914859,0.415680310774556,0.415680310289253
"theta0",5685299211.48417,5685299211.48417,5685299211.48417,5685299211.48417
"theta1",4044339097.5928,4044339097.5928,4044339097.5928,4044339097.5928
