"","AA","AB","BA","BB"
"EV",0.415628257074246,0.415628257413779,0.415628257283764,0.415628257370091
"STD",2.60224683797089e-06,2.60224680294485e-06,2.60224689877774e-06,2.60224689258e-06
"Q.05",0.415623976761771,0.415623977101361,0.415623976971189,0.415623977057526
"Q.95",0.415632537392071,0.415632537731546,0.415632537601689,0.415632537688005
"theta0",20959768290.0015,20959768290.0015,20959768290.0015,20959768290.0015
"theta1",14907414802.3819,14907414802.3819,14907414802.3819,14907414802.3819
