"","AA","AB","BA","BB"
"EV",0.275517884571301,0.275517884744115,0.275517884328798,0.275517884393249
"STD",1.82372833128555e-06,1.82372833960166e-06,1.82372836588639e-06,1.82372836727968e-06
"Q.05",0.275514884809393,0.275514884982194,0.275514884566834,0.275514884631283
"Q.95",0.275520884341714,0.275520884514542,0.275520884099269,0.275520884163722
"theta0",43479528226.3504,43479528226.3504,43479528226.3504,43479528226.3504
"theta1",16535104704.829,16535104704.829,16535104704.829,16535104704.829
