"","AA","AB","BA","BB"
"EV",0.27550589078953,0.275505895242683,0.275505866340017,0.275505906292349
"STD",1.65948266626852e-05,1.65948183202183e-05,1.6594817242724e-05,1.65947949669449e-05
"Q.05",0.27547859508088,0.275478599547755,0.275478570646861,0.275478610635832
"Q.95",0.275533187202526,0.275533191641957,0.275533162737518,0.275533202653208
"theta0",525115585.74893,525115585.74893,525115585.74893,525115585.74893
"theta1",199687526.195225,199687526.195225,199687526.195225,199687526.195225
