"","AA","AB","BA","BB"
"EV",0.275495142260378,0.275495030509261,0.275495064601931,0.275495174918178
"STD",4.4647958939613e-05,4.46475865691174e-05,4.46482587090858e-05,4.46481946855482e-05
"Q.05",0.275421705452658,0.275421594313995,0.275421627301169,0.275421737722716
"Q.95",0.275568584166984,0.275568471803332,0.27556850700165,0.275568617212578
"theta0",72541407.6188465,72541407.6188465,72541407.6188465,72541407.6188465
"theta1",27584082.100318,27584082.100318,27584082.100318,27584082.100318
