"","AA","AB","BA","BB"
"EV",0.239679009528921,0.239678935455424,0.239678969510479,0.239679010532608
"STD",3.36471843723608e-05,3.36471167429349e-05,3.36471438819592e-05,3.36470536699145e-05
"Q.05",0.239623666674575,0.239623592712312,0.239623626722731,0.239623667893235
"Q.95",0.239734356061007,0.239734281876263,0.239734315975961,0.239734356849694
"theta0",122383807.139947,122383807.139947,122383807.139947,122383807.139947
"theta1",38579528.2527803,38579528.2527803,38579528.2527803,38579528.2527803
