"","AA","AB","BA","BB"
"EV",0.239660853792746,0.239660878873319,0.239660890859953,0.239660878260342
"STD",1.85193696941188e-05,1.85193803438813e-05,1.85193534910017e-05,1.85193703414887e-05
"Q.05",0.239630392697475,0.239630417760531,0.239630429791332,0.239630417164006
"Q.95",0.239691316002283,0.239691341100374,0.239691353042837,0.239691340470944
"theta0",403978488.714028,403978488.714028,403978488.714028,403978488.714028
"theta1",127335073.415456,127335073.415456,127335073.415456,127335073.415456
