"","AA","AB","BA","BB"
"EV",0.239663530418801,0.23966360417227,0.239663615436291,0.239663631919388
"STD",3.59686729450597e-05,3.59686812039454e-05,3.59686868901191e-05,3.59687022930976e-05
"Q.05",0.239604369318282,0.239604443058167,0.239604454312836,0.239604470770598
"Q.95",0.239722695722496,0.23972276948955,0.239722780762924,0.239722797271358
"theta0",107092695.163081,107092695.163081,107092695.163081,107092695.163081
"theta1",33756400.7243933,33756400.7243933,33756400.7243933,33756400.7243933
