"","AA","AB","BA","BB"
"EV",0.99488305233139,0.99488305233139,0.99488305233139,0.99488305233139
"STD",3.32594151607751e-14,3.32594151607751e-14,3.32594151607751e-14,3.32594151607751e-14
"Q.05",5.562684646268e-309,5.562684646268e-309,5.562684646268e-309,5.562684646268e-309
"Q.95",0.994883052331445,0.994883052331445,0.994883052331445,0.994883052331445
"theta0",2.35485823456819e+22,2.35485823456819e+22,2.35485823456819e+22,2.35485823456819e+22
"theta1",4.578527473687e+24,4.578527473687e+24,4.578527473687e+24,4.578527473687e+24
