"","AA","AB","BA","BB"
"EV",0.239676558708172,0.23967651987817,0.239676521251961,0.239676542514613
"STD",1.69574209919843e-05,1.69574584226197e-05,1.69574638075597e-05,1.6957471159386e-05
"Q.05",0.239648666699823,0.239648627808255,0.239648629173189,0.239648650423749
"Q.95",0.239704451650659,0.239704412882227,0.239704414264875,0.23970443553962
"theta0",481836834.89948,481836834.89948,481836834.89948,481836834.89948
"theta1",151889279.649321,151889279.649321,151889279.649321,151889279.649321
