"","AA","AB","BA","BB"
"EV",0.275490966796961,0.275491055163973,0.275491006940685,0.27549098620498
"STD",2.04851684160111e-05,2.04852167302582e-05,2.04852359479514e-05,2.04852414999141e-05
"Q.05",0.275457272230099,0.275457360517643,0.275457312262745,0.275457291517909
"Q.95",0.275524662437228,0.275524750883711,0.275524702692035,0.275524681965462
"theta0",344597822.583215,344597822.583215,344597822.583215,344597822.583215
"theta1",131031637.31763,131031637.31763,131031637.31763,131031637.31763
