"","AA","AB","BA","BB"
"EV",0.23967186998596,0.239677055465656,0.239678156835882,0.239675750410898
"STD",0.000193720724349951,0.000193760469493014,0.000193739321837898,0.000193773322515521
"Q.05",0.239353288714163,0.239358408841817,0.239359544983078,0.239357082654344
"Q.95",0.239990573172661,0.239995824050193,0.239996890621864,0.239994540145398
"theta0",3689863.46958399,3689863.46958399,3689863.46958399,3689863.46958399
"theta1",1163149.26363436,1163149.26363436,1163149.26363436,1163149.26363436
