"","AA","AB","BA","BB"
"EV",0.239671638384439,0.239671671566766,0.23967172257514,0.239671699190752
"STD",2.12271069252237e-05,2.12270871727484e-05,2.12270991907559e-05,2.12270678816224e-05
"Q.05",0.239636723632541,0.239636756847357,0.239636807835962,0.239636784503072
"Q.95",0.239706554600155,0.23970658774999,0.239706638778132,0.239706615342244
"theta0",307493897.983325,307493897.983325,307493897.983325,307493897.983325
"theta1",96928627.2267601,96928627.2267601,96928627.2267601,96928627.2267601
