"","AA","AB","BA","BB"
"EV",0.415647312454664,0.415647358993681,0.415647322660793,0.41564732485542
"STD",1.57228839797883e-05,1.57229020930952e-05,1.57229073676869e-05,1.57229107322781e-05
"Q.05",0.415621450709541,0.415621497218765,0.415621460877201,0.415621463066293
"Q.95",0.415673174395025,0.415673220963836,0.415673184639624,0.415673186839785
"theta0",574128401.997833,574128401.997833,574128401.997833,574128401.997833
"theta1",408374855.372296,408374855.372296,408374855.372296,408374855.372296
