"","AA","AB","BA","BB"
"EV",0.275516776532072,0.275516776204265,0.275516777091277,0.275516777038055
"STD",2.52738818729496e-06,2.52738819469383e-06,2.52738828274531e-06,2.52738828352415e-06
"Q.05",0.275512619356614,0.275512619028795,0.275512619915661,0.275512619862438
"Q.95",0.275520933723867,0.275520933396072,0.275520934283228,0.275520934230008
"theta0",22639184268.5427,22639184268.5427,22639184268.5427,22639184268.5427
"theta1",8609550748.3395,8609550748.3395,8609550748.3395,8609550748.3395
