"","AA","AB","BA","BB"
"EV",0.0452027233123809,0.0452027233123809,0.0452027233123809,0.0452027233123809
"STD",1.18275585080535e-23,1.18275585080535e-23,1.18275585080535e-23,1.18275585080535e-23
"Q.05",0.0452027233123809,0.0452027233123809,0.0452027233123809,0.0452027233123809
"Q.95",1,1,1,1
"theta0",2.94575574594453e+44,2.94575574594453e+44,2.94575574594453e+44,2.94575574594453e+44
"theta1",1.39460161000597e+43,1.39460161000597e+43,1.39460161000597e+43,1.39460161000597e+43
