"","AA","AB","BA","BB"
"EV",0.420061645378802,0.413040647385731,0.40398441659206,0.424708640650098
"STD",0.00802941631358479,0.00821939771322509,0.00902132956869303,0.0092597696316633
"Q.05",0.406878282136358,0.399548285085397,0.389182292678484,0.409507400316979
"Q.95",0.433293137550364,0.426588138999075,0.41886037970922,0.439969998642771
"theta0",1043.75488947032,1043.75488947032,1043.75488947032,1043.75488947032
"theta1",741.810212084775,741.810212084775,741.810212084775,741.810212084775
