"","AA","AB","BA","BB"
"EV",0.41565765644581,0.415657672870947,0.415657659126132,0.415657665846705
"STD",1.71055728186264e-05,1.71055689906037e-05,1.71055935134689e-05,1.71055927497221e-05
"Q.05",0.415629520397845,0.415629536829278,0.415629523044127,0.415629529765956
"Q.95",0.415685792724833,0.415685809143672,0.415685795439194,0.415685802158511
"theta0",485058363.360221,485058363.360221,485058363.360221,485058363.360221
"theta1",345034431.773636,345034431.773636,345034431.773636,345034431.773636
