"","AA","AB","BA","BB"
"EV",0.275506448170296,0.275506454167248,0.275506449000396,0.27550645002777
"STD",6.60035010265313e-06,6.6003487627829e-06,6.60035064686859e-06,6.60035006025969e-06
"Q.05",0.275495591616202,0.275495597615358,0.275495592445407,0.275495593473745
"Q.95",0.275517304835813,0.275517310830561,0.275517305666808,0.275517306693217
"theta0",3319454784.8837,3319454784.8837,3319454784.8837,3319454784.8837
"theta1",1262304136.85568,1262304136.85568,1262304136.85568,1262304136.85568
