"","AA","AB","BA","BB"
"EV",0.239677321629937,0.239677191652721,0.239677315933914,0.239677257126008
"STD",2.59140978173649e-05,2.59142041155858e-05,2.59141961107841e-05,2.59142469345969e-05
"Q.05",0.239634697822934,0.239634567670883,0.239634691965241,0.239634633073741
"Q.95",0.239719947618469,0.239719817816108,0.239719942084133,0.239719883359829
"theta0",206321854.666532,206321854.666532,206321854.666532,206321854.666532
"theta1",65039038.4905315,65039038.4905315,65039038.4905315,65039038.4905315
