"","AA","AB","BA","BB"
"EV",0.275514269390626,0.275514288604056,0.275514267216971,0.275514329063807
"STD",1.92821416022469e-05,1.92821809523134e-05,1.928212524912e-05,1.92821677324784e-05
"Q.05",0.27548255356552,0.275482572714227,0.275482551418763,0.275482613195722
"Q.95",0.275545986166614,0.275546005444771,0.27554598396606,0.275546045882777
"theta0",388947932.217691,388947932.217691,388947932.217691,388947932.217691
"theta1",147912803.749432,147912803.749432,147912803.749432,147912803.749432
