"","AA","AB","BA","BB"
"EV",0.415672416932604,0.415672415557154,0.415672416268552,0.415672415838837
"STD",2.88180289113307e-06,2.88180298774877e-06,2.8818029526435e-06,2.88180300512622e-06
"Q.05",0.415667676791944,0.415667675416336,0.415667676127792,0.41566767569799
"Q.95",0.41567715707982,0.415677155704529,0.415677156415869,0.41567715598624
"theta0",17089737573.4118,17089737573.4118,17089737573.4118,17089737573.4118
"theta1",12157106227.4795,12157106227.4795,12157106227.4795,12157106227.4795
