"","AA","AB","BA","BB"
"EV",0.415660827305411,0.4156608619447,0.415660831159689,0.415660872383337
"STD",1.76392725088894e-05,1.76392844372638e-05,1.76392930274039e-05,1.7639296872729e-05
"Q.05",0.415631813406891,0.41563184802656,0.41563181722742,0.415631858444742
"Q.95",0.415689841449622,0.415689876108531,0.41568984533765,0.415689886567622
"theta0",456148460.307358,456148460.307358,456148460.307358,456148460.307358
"theta1",324474331.962683,324474331.962683,324474331.962683,324474331.962683
