"","AA","AB","BA","BB"
"EV",0.239671232704099,0.239671242413272,0.239671236360446,0.239671230062095
"STD",1.39655840396785e-05,1.39655726044752e-05,1.39655964739807e-05,1.39655946368633e-05
"Q.05",0.239648261679348,0.23964827140733,0.239648265315243,0.239648259019914
"Q.95",0.239694204362464,0.239694214052826,0.239694208039263,0.239694201737891
"theta0",710394629.904621,710394629.904621,710394629.904621,710394629.904621
"theta1",223930971.019855,223930971.019855,223930971.019855,223930971.019855
