"","AA","AB","BA","BB"
"EV",0.274883558153438,0.272846639915774,0.273863089925815,0.276933210579381
"STD",0.00422386279892596,0.00417137143344201,0.00415404773710901,0.00381654449433714
"Q.05",0.267958865731193,0.266008029692781,0.267052633209822,0.270674025951456
"Q.95",0.28185407843411,0.279730559747393,0.280718175921123,0.283229298966192
"theta0",7582.38739077138,7582.38739077138,7582.38739077138,7582.38739077138
"theta1",2870.76654161382,2870.76654161382,2870.76654161382,2870.76654161382
