"","AA","AB","BA","BB"
"EV",0.275501742437423,0.275501734550553,0.275501683978556,0.275501732224294
"STD",1.87262931535204e-05,1.87262917043123e-05,1.87262698135992e-05,1.87262670956408e-05
"Q.05",0.275470940874675,0.27547093299019,0.275470882454198,0.275470930704407
"Q.95",0.275532544897096,0.275532537007843,0.275532486399838,0.275532534641105
"theta0",412377381.377001,412377381.377001,412377381.377001,412377381.377001
"theta1",156812904.697918,156812904.697918,156812904.697918,156812904.697918
