"","AA","AB","BA","BB"
"EV",0.239666351856829,0.239666336988742,0.239666324773745,0.239666329062804
"STD",1.8080168206323e-05,1.80801623896453e-05,1.80801586361691e-05,1.80801455789179e-05
"Q.05",0.239636613157585,0.239636598299066,0.239636586090243,0.239636590400778
"Q.95",0.239696091618074,0.23969607674042,0.239696064519249,0.23969606878683
"theta0",423847692.898398,423847692.898398,423847692.898398,423847692.898398
"theta1",133601901.628323,133601901.628323,133601901.628323,133601901.628323
