"","AA","AB","BA","BB"
"EV",0.425462911348354,0.418954599858883,0.397741384517087,0.410749454278864
"STD",0.00966577765572685,0.00821240333496387,0.0108377564819177,0.00963829618538719
"Q.05",0.409596152493844,0.405471713168839,0.379971456749207,0.394934489256156
"Q.95",0.441394492233223,0.432488569741458,0.415625421944695,0.426642364885684
"theta0",709.651345343867,709.651345343867,709.651345343867,709.651345343867
"theta1",499.760914411839,499.760914411839,499.760914411839,499.760914411839
