"","AA","AB","BA","BB"
"EV",0.239683967227708,0.239683933748073,0.239683981580815,0.239683965103511
"STD",2.48174135479758e-05,2.48175166612491e-05,2.48175299319663e-05,2.48175552658428e-05
"Q.05",0.239643147215387,0.239643113566155,0.239643161377069,0.239643144858096
"Q.95",0.239724789240731,0.23972475593071,0.239724803785281,0.23972478734965
"theta0",224961846.601717,224961846.601717,224961846.601717,224961846.601717
"theta1",70917544.791876,70917544.791876,70917544.791876,70917544.791876
