"","AA","AB","BA","BB"
"EV",0.275505533309128,0.275505318626715,0.275505365855443,0.275505452971016
"STD",3.77589475307784e-05,3.77587768595053e-05,3.77590689359961e-05,3.77590115462308e-05
"Q.05",0.275443427190626,0.275443212788927,0.27544325953726,0.275443346747225
"Q.95",0.275567643074176,0.275567428111019,0.275567475820198,0.275567562841367
"theta0",101427542.533417,101427542.533417,101427542.533417,101427542.533417
"theta1",38570112.4050398,38570112.4050398,38570112.4050398,38570112.4050398
