"","AA","AB","BA","BB"
"EV",0.415667490800872,0.415667384084388,0.415667601268661,0.415667532935586
"STD",3.39585182865633e-05,3.39583941733483e-05,3.39586526834348e-05,3.39586364803098e-05
"Q.05",0.415611634464145,0.415611527951806,0.415611744710874,0.415611676404451
"Q.95",0.415723348048116,0.415723241127481,0.415723458736971,0.415723390377244
"theta0",123073558.032748,123073558.032748,123073558.032748,123073558.032748
"theta1",87548918.9407339,87548918.9407339,87548918.9407339,87548918.9407339
