"","AA","AB","BA","BB"
"EV",0.275549235523926,0.275549235480089,0.275549235363806,0.275549235490029
"STD",1.14198194429091e-06,1.14198194365643e-06,1.14198194317139e-06,1.14198194279631e-06
"Q.05",0.27554735713245,0.275547357088614,0.275547356972332,0.275547357098555
"Q.95",0.275551113918736,0.275551113874898,0.275551113758614,0.275551113884837
"theta0",110891557191.581,110891557191.581,110891557191.581,110891557191.581
"theta1",42178275321.8095,42178275321.8095,42178275321.8095,42178275321.8095
