"","AA","AB","BA","BB"
"EV",0.239664361802997,0.239664357203565,0.239664462564111,0.239664320666737
"STD",2.59890164908732e-05,2.59890279278508e-05,2.59889937413813e-05,2.5989006101182e-05
"Q.05",0.239621614772153,0.23962161015391,0.239621715570684,0.239621573652982
"Q.95",0.239707111028192,0.239707106447573,0.239707211751884,0.239707069874842
"theta0",205131438.93874,205131438.93874,205131438.93874,205131438.93874
"theta1",64659206.5722981,64659206.5722981,64659206.5722981,64659206.5722981
