"","AA","AB","BA","BB"
"EV",0.415631292658665,0.415631337704605,0.415631308337772,0.415631319741984
"STD",2.17504620098472e-05,2.17504785125646e-05,2.17504611115412e-05,2.17504778049179e-05
"Q.05",0.415595516519187,0.415595561537982,0.415595532199771,0.415595543576526
"Q.95",0.415667069171845,0.415667114244929,0.415667084849474,0.415667096281145
"theta0",300015414.831724,300015414.831724,300015414.831724,300015414.831724
"theta1",213385495.061625,213385495.061625,213385495.061625,213385495.061625
