"","AA","AB","BA","BB"
"EV",0.239676065305031,0.239676248684196,0.239676285871511,0.239676280807032
"STD",3.41568894306275e-05,3.41568703873039e-05,3.41571125345807e-05,3.41571497920746e-05
"Q.05",0.239619884116646,0.23962006752713,0.239620104316174,0.239620099190416
"Q.95",0.239732250283502,0.239732433631339,0.239732471216976,0.239732466213785
"theta0",118756754.541441,118756754.541441,118756754.541441,118756754.541441
"theta1",37435591.0003943,37435591.0003943,37435591.0003943,37435591.0003943
