"","AA","AB","BA","BB"
"EV",0.240535252419963,0.235321354326217,0.239576711656105,0.246571316144348
"STD",0.00626392609961712,0.00551569947807005,0.00664019818344726,0.00620195145353096
"Q.05",0.230295623301683,0.226299901218114,0.228726524264144,0.236429887291546
"Q.95",0.250901653441759,0.244444593474904,0.250570281776217,0.256832105621154
"theta0",2563.146638453,2563.146638453,2563.146638453,2563.146638453
"theta1",811.640367418453,811.640367418453,811.640367418453,811.640367418453
