"","AA","AB","BA","BB"
"EV",0.427865986466949,0.411883294932139,0.42010845607966,0.411325035054136
"STD",0.00893499058721461,0.00779041561810831,0.00866547403892621,0.00752480601097812
"Q.05",0.413195692820019,0.399094126592335,0.405882764415296,0.398971248878623
"Q.95",0.442589803279644,0.424722687141999,0.434390173047335,0.423725993650721
"theta0",1243.77325433358,1243.77325433358,1243.77325433358,1243.77325433358
"theta1",892.545731866264,892.545731866264,892.545731866264,892.545731866264
