"","AA","AB","BA","BB"
"EV",0.239674643766056,0.239674741724263,0.239674673804889,0.239674415619624
"STD",3.69498250593548e-05,3.6949628144632e-05,3.69498566812045e-05,3.69496649127836e-05
"Q.05",0.23961386892998,0.239613967212058,0.239613898916803,0.23961364104695
"Q.95",0.239735423037414,0.2397355206717,0.239735453128263,0.239735194627549
"theta0",101482989.891484,101482989.891484,101482989.891484,101482989.891484
"theta1",31990115.6904411,31990115.6904411,31990115.6904411,31990115.6904411
