"","AA","AB","BA","BB"
"EV",0.239674722367103,0.239676232527508,0.239674807405612,0.239674981418362
"STD",0.000161848742440922,0.000161894175173297,0.000161894870115674,0.00016190172167402
"Q.05",0.239408547428624,0.239409982882298,0.239408556618095,0.239408719364589
"Q.95",0.239940982402719,0.239942567316777,0.239941143338731,0.239941328624845
"theta0",5285847.78924774,5285847.78924774,5285847.78924774,5285847.78924774
"theta1",1666243.85822597,1666243.85822597,1666243.85822597,1666243.85822597
