"","AA","AB","BA","BB"
"EV",0.236944255190887,0.246144624048281,0.238807158549513,0.239759341207996
"STD",0.00555957878559706,0.00603989951627431,0.00544531621793535,0.00587301897765918
"Q.05",0.227850878089971,0.236266816337365,0.229899019824953,0.230155283997962
"Q.95",0.246139923626455,0.256135957413266,0.247812207660214,0.249475417709738
"theta0",3098.7307676542,3098.7307676542,3098.7307676542,3098.7307676542
"theta1",980.76824177348,980.76824177348,980.76824177348,980.76824177348
