"","AA","AB","BA","BB"
"EV",0.275503324446502,0.27550331477943,0.275503371540444,0.275503281735286
"STD",2.06031318301876e-05,2.06031143863586e-05,2.06031283207709e-05,2.06031043534971e-05
"Q.05",0.275469435853244,0.275469426214864,0.275469482952958,0.275469393187222
"Q.95",0.275537214125472,0.275537204429707,0.275537261213641,0.275537171369059
"theta0",340668730.294124,340668730.294124,340668730.294124,340668730.294124
"theta1",129545614.602683,129545614.602683,129545614.602683,129545614.602683
