"","AA","AB","BA","BB"
"EV",0.239671460413269,0.239671586359442,0.239671566090236,0.239671508593208
"STD",3.08409435297931e-05,3.08411526370006e-05,3.0841191747761e-05,3.08412321966178e-05
"Q.05",0.239620733120481,0.239620858722724,0.239620838389191,0.239620780825634
"Q.95",0.239722190796074,0.239722317086217,0.239722296881347,0.239722239450856
"theta0",145664918.502914,145664918.502914,145664918.502914,145664918.502914
"theta1",45916646.9848656,45916646.9848656,45916646.9848656,45916646.9848656
