"","AA","AB","BA","BB"
"EV",0.415590188537611,0.415590188518359,0.415590188567079,0.415590188550136
"STD",9.06760096232304e-07,9.06760093165757e-07,9.0676009713794e-07,9.06760095832587e-07
"Q.05",0.415588697050302,0.415588697031056,0.415588697079769,0.415588697062828
"Q.95",0.415591680025569,0.415591680006312,0.415591680055038,0.415591680038093
"theta0",172629686433.087,172629686433.087,172629686433.087,172629686433.087
"theta1",122761806058.607,122761806058.607,122761806058.607,122761806058.607
