"","AA","AB","BA","BB"
"EV",0.275518948781669,0.275518946797224,0.275518946067854,0.275518929961568
"STD",9.75493972875335e-06,9.75493987439934e-06,9.75494275665582e-06,9.75494275900461e-06
"Q.05",0.275502903455357,0.275502901470672,0.275502900736561,0.275502884630271
"Q.95",0.275534994351343,0.275534992367138,0.275534991642509,0.275534975536226
"theta0",1519693133.89561,1519693133.89561,1519693133.89561,1519693133.89561
"theta1",577936775.17203,577936775.17203,577936775.17203,577936775.17203
