"","AA","AB","BA","BB"
"EV",0.239557563770248,0.239557563770246,0.239557563770246,0.239557563770246
"STD",3.47873177285473e-09,3.47873177285515e-09,3.47873177285515e-09,3.47873177285522e-09
"Q.05",0.239557558048244,0.239557558048242,0.239557558048241,0.239557558048242
"Q.95",0.239557569492253,0.239557569492251,0.23955756949225,0.239557569492251
"theta0",11447237389734582,11447237389734582,11447237389734582,11447237389734582
"theta1",3606153694657788,3606153694657788,3606153694657788,3606153694657788
