"","AA","AB","BA","BB"
"EV",0.275509277637537,0.275509192207957,0.275509177465166,0.275509144546724
"STD",2.78849464731245e-05,2.78850179325702e-05,2.78849524562771e-05,2.78850154058589e-05
"Q.05",0.275463411976555,0.27546332642944,0.275463311794343,0.275463278772363
"Q.95",0.275555145287225,0.275555059975192,0.275555045124697,0.275555012309802
"theta0",185976698.108678,185976698.108678,185976698.108678,185976698.108678
"theta1",70723176.6135204,70723176.6135204,70723176.6135204,70723176.6135204
