"","AA","AB","BA","BB"
"EV",0.275463685421134,0.275463685422639,0.27546368542822,0.275463685424845
"STD",2.198359385999e-07,2.19835938694307e-07,2.19835938685546e-07,2.19835938708293e-07
"Q.05",0.275463323823255,0.27546332382476,0.275463323830341,0.275463323826965
"Q.95",0.275464047019137,0.275464047020642,0.275464047026223,0.275464047022848
"theta0",2992177029000.93,2992177029000.93,2992177029000.93,2992177029000.93
"theta1",1137604969231.64,1137604969231.64,1137604969231.64,1137604969231.64
