"","AA","AB","BA","BB"
"EV",0.275509587331787,0.275509788166224,0.27550971575412,0.27550969034799
"STD",3.04178958403674e-05,3.04179823761351e-05,3.0417828253645e-05,3.04180063839266e-05
"Q.05",0.275459555528701,0.275459756220804,0.275459684062198,0.275459658363084
"Q.95",0.275559621501274,0.275559822478055,0.27555974981243,0.275559724699313
"theta0",156293078.277822,156293078.277822,156293078.277822,156293078.277822
"theta1",59435244.5133148,59435244.5133148,59435244.5133148,59435244.5133148
