"","AA","AB","BA","BB"
"EV",0.415665621458436,0.41566554203986,0.415665624659453,0.415665646523933
"STD",2.91615375716036e-05,2.91615971087447e-05,2.91614102351082e-05,2.91615807074922e-05
"Q.05",0.415617655333314,0.415617575816811,0.415617658743779,0.415617680327861
"Q.95",0.415713588255019,0.415713508934375,0.415713591246584,0.41571361339147
"theta0",166895274.932629,166895274.932629,166895274.932629,166895274.932629
"theta1",118720765.165388,118720765.165388,118720765.165388,118720765.165388
