"","AA","AB","BA","BB"
"EV",0.231970730878508,0.237257393920343,0.243806605444514,0.238656694041276
"STD",0.00619126916987967,0.00749573115380783,0.00535724691623803,0.007197089606289
"Q.05",0.221852849908178,0.225021224878499,0.235040207477581,0.226903639267074
"Q.95",0.242219791936599,0.249679154774844,0.252663717209645,0.250579242368882
"theta0",2241.91259159783,2241.91259159783,2241.91259159783,2241.91259159783
"theta1",699.931916919562,699.931916919562,699.931916919562,699.931916919562
