"","AA","AB","BA","BB"
"EV",0.23966827827326,0.239668293919226,0.239668297910482,0.239668308888998
"STD",2.16397979178441e-05,2.16398580425535e-05,2.16398721517632e-05,2.16398865604256e-05
"Q.05",0.239632684733839,0.239632700280913,0.239632704248962,0.239632715203779
"Q.95",0.239703873334004,0.23970388907887,0.239703893093334,0.239703904095551
"theta0",295873769.299839,295873769.299839,295873769.299839,295873769.299839
"theta1",93263981.0347959,93263981.0347959,93263981.0347959,93263981.0347959
