"","AA","AB","BA","BB"
"EV",0.99496192956931,0.99496192956931,0.99496192956931,0.99496192956931
"STD",6.53428477501256e-14,6.53428477501256e-14,6.53428477501256e-14,6.53428477501256e-14
"Q.05",5.562684646268e-309,5.562684646268e-309,5.562684646268e-309,5.562684646268e-309
"Q.95",NA,NA,NA,NA
"theta0",5.91478301296118e+21,5.91478301296118e+21,5.91478301296118e+21,5.91478301296118e+21
"theta1",1.16810274896332e+24,1.16810274896332e+24,1.16810274896332e+24,1.16810274896332e+24
