"","AA","AB","BA","BB"
"EV",0.239678199103324,0.239678175311601,0.239678149075964,0.239678143639575
"STD",1.70481019952626e-05,1.70481266614106e-05,1.704813320056e-05,1.70481401918733e-05
"Q.05",0.239650157943001,0.239650134110708,0.239650107864314,0.239650102416426
"Q.95",0.23970624120779,0.239706217456642,0.239706191231761,0.239706185806872
"theta0",476726270.570545,476726270.570545,476726270.570545,476726270.570545
"theta1",150279623.181271,150279623.181271,150279623.181271,150279623.181271
