"","AA","AB","BA","BB"
"EV",0.239672972418591,0.239672845627752,0.239672682960169,0.239672797012539
"STD",3.65930721546079e-05,3.65931209183157e-05,3.65932508952521e-05,3.65932728567487e-05
"Q.05",0.239612784346231,0.239612657475191,0.239612494593832,0.23961260861008
"Q.95",0.239733164841049,0.239733038130427,0.239732875676654,0.239732989765149
"theta0",103470065.067695,103470065.067695,103470065.067695,103470065.067695
"theta1",32616173.0668611,32616173.0668611,32616173.0668611,32616173.0668611
