"","AA","AB","BA","BB"
"EV",0.413621862933421,0.415859453978444,0.415702636299183,0.418029479107002
"STD",0.00428700178136986,0.00440695594800241,0.00424187810212616,0.00435402093939927
"Q.05",0.406577784097692,0.408618271606416,0.408732438145881,0.410874981903559
"Q.95",0.420680827902214,0.423115935722198,0.422687036943665,0.425198503589261
"theta0",6718.82293025341,6718.82293025341,6718.82293025341,6718.82293025341
"theta1",4782.13790307969,4782.13790307969,4782.13790307969,4782.13790307969
