"","AA","AB","BA","BB"
"EV",0.415658103992289,0.415658105006587,0.415658102726158,0.415658108259767
"STD",8.30275909566061e-06,8.3027587203697e-06,8.30275836503576e-06,8.30275760570771e-06
"Q.05",0.415644447196094,0.415644448211009,0.415644445931165,0.415644451466024
"Q.95",0.415671760842919,0.4156717618566,0.415671759575586,0.415671765107947
"theta0",2058852861.91773,2058852861.91773,2058852861.91773,2058852861.91773
"theta1",1464517410.72894,1464517410.72894,1464517410.72894,1464517410.72894
