"","AA","AB","BA","BB"
"EV",0.415679470551836,0.415679475690496,0.415679394816187,0.415679438875646
"STD",2.55550451854037e-05,2.55550976225628e-05,2.5555119957472e-05,2.55551474891012e-05
"Q.05",0.415637436500849,0.415637441553258,0.415637360642212,0.415637404656386
"Q.95",0.415721505118383,0.415721510343295,0.415721429505724,0.415721473610469
"theta0",217322083.351318,217322083.351318,217322083.351318,217322083.351318
"theta1",154600625.029291,154600625.029291,154600625.029291,154600625.029291
