"","AA","AB","BA","BB"
"EV",0.275612122973605,0.275612122963514,0.275612122989762,0.275612122982439
"STD",5.22481981193197e-07,5.22481980498585e-07,5.22481981416291e-07,5.22481981131587e-07
"Q.05",0.275611263567572,0.275611263557482,0.275611263583728,0.275611263576406
"Q.95",0.275612982380336,0.275612982370243,0.275612982396493,0.275612982389169
"theta0",529783011560.475,529783011560.475,529783011560.475,529783011560.475
"theta1",201569663387.813,201569663387.813,201569663387.813,201569663387.813
