"","AA","AB","BA","BB"
"EV",0.239661074459268,0.239661070802231,0.239661076390564,0.239661074914333
"STD",6.94992841279406e-06,6.94992782382329e-06,6.94992787194224e-06,6.94992592574127e-06
"Q.05",0.239649642922775,0.239649639266706,0.239649644854961,0.239649643381931
"Q.95",0.239672506152688,0.239672502494682,0.239672508083095,0.239672506603662
"theta0",2868476051.20614,2868476051.20614,2868476051.20614,2868476051.20614
"theta1",904152119.772832,904152119.772832,904152119.772832,904152119.772832
