"","AA","AB","BA","BB"
"EV",0.415667633441918,0.41566759243787,0.415667613772659,0.415667623401693
"STD",1.58679434193979e-05,1.58679333484016e-05,1.58679369203588e-05,1.58679359699842e-05
"Q.05",0.415641533097034,0.415641492109551,0.415641513438465,0.415641523069062
"Q.95",0.415693733985608,0.415693692964995,0.41569371430566,0.415693723933131
"theta0",563669408.654149,563669408.654149,563669408.654149,563669408.654149
"theta1",400968910.007057,400968910.007057,400968910.007057,400968910.007057
