"","AA","AB","BA","BB"
"EV",0.411903451863375,0.415515348648598,0.417827719951178,0.416814729010229
"STD",0.00515473833603639,0.00570627514004026,0.00531475888121063,0.00477154701349464
"Q.05",0.403435596979059,0.406142168387971,0.4090965098667,0.40897504881403
"Q.95",0.420393285480307,0.424914292944656,0.4265806331768,0.424672129836977
"theta0",4358.82712336635,4358.82712336635,4358.82712336635,4358.82712336635
"theta1",3098.72905589035,3098.72905589035,3098.72905589035,3098.72905589035
