"","AA","AB","BA","BB"
"EV",0.275510243322287,0.275510255715981,0.275510282277229,0.275510259047388
"STD",1.49137208024466e-05,1.4913714047241e-05,1.49137150910144e-05,1.49136980581455e-05
"Q.05",0.275485712718962,0.275485725123766,0.275485751683297,0.275485728481473
"Q.95",0.275534774494466,0.275534786877047,0.275534813440012,0.275534790182154
"theta0",650174633.450601,650174633.450601,650174633.450601,650174633.450601
"theta1",247249577.891382,247249577.891382,247249577.891382,247249577.891382
