"","AA","AB","BA","BB"
"EV",0.239669129111295,0.23966911436093,0.239669113656179,0.239669106436429
"STD",1.42126993935666e-05,1.42127178187779e-05,1.42127024670612e-05,1.42127183432162e-05
"Q.05",0.239645751629274,0.239645736848603,0.239645736169103,0.239645728923239
"Q.95",0.239692507249561,0.239692492529504,0.239692491799501,0.239692484605865
"theta0",685903235.954251,685903235.954251,685903235.954251,685903235.954251
"theta1",216208266.131452,216208266.131452,216208266.131452,216208266.131452
