"","AA","AB","BA","BB"
"EV",0.275517258031622,0.275517258805221,0.275517258472258,0.275517257821609
"STD",2.79677697052146e-06,2.7967768660981e-06,2.79677704813176e-06,2.7967770324405e-06
"Q.05",0.275512657752881,0.275512658526651,0.275512658193388,0.275512657542766
"Q.95",0.275521858330368,0.275521859103795,0.275521858771131,0.275521858120457
"theta0",18487968762.854,18487968762.854,18487968762.854,18487968762.854
"theta1",7030884480.01732,7030884480.01732,7030884480.01732,7030884480.01732
