"","AA","AB","BA","BB"
"EV",0.275517908007991,0.275517907731336,0.27551790538149,0.275517904347015
"STD",5.18191138615789e-06,5.18191067350808e-06,5.18191165735792e-06,5.18191137214247e-06
"Q.05",0.27550938455659,0.275509384281107,0.275509381929643,0.275509380895637
"Q.95",0.275526431528066,0.275526431250239,0.275526428902011,0.275526427867067
"theta0",5385488567.85301,5385488567.85301,5385488567.85301,5385488567.85301
"theta1",2048081723.54081,2048081723.54081,2048081723.54081,2048081723.54081
