"","AA","AB","BA","BB"
"EV",0.415659655349432,0.415659685305243,0.415659664450546,0.415659708042989
"STD",2.78274048823478e-05,2.78273400082679e-05,2.78273269426643e-05,2.78273490997741e-05
"Q.05",0.415613883647311,0.415613913709829,0.415613892876623,0.415613936432622
"Q.95",0.415705427663028,0.415705457512129,0.415705436635941,0.415705480264829
"theta0",183283620.561732,183283620.561732,183283620.561732,183283620.561732
"theta1",130375412.974593,130375412.974593,130375412.974593,130375412.974593
