"","AA","AB","BA","BB"
"EV",0.239683518101782,0.239683537258844,0.239683513901761,0.239683538185758
"STD",1.41566601930127e-05,1.41566778071112e-05,1.41566595943147e-05,1.41566777557965e-05
"Q.05",0.239660232793429,0.23966025192152,0.239660228594393,0.239660252848518
"Q.95",0.239706804061152,0.239706823247188,0.239706799860146,0.239706824174017
"theta0",691359795.689842,691359795.689842,691359795.689842,691359795.689842
"theta1",217945500.365969,217945500.365969,217945500.365969,217945500.365969
