"","AA","AB","BA","BB"
"EV",0.275539873790436,0.275539873788271,0.275539873785935,0.275539873776029
"STD",3.1032332997206e-07,3.10323330028492e-07,3.10323329806858e-07,3.10323329975491e-07
"Q.05",0.275539363354105,0.27553936335194,0.275539363349604,0.275539363339698
"Q.95",0.275540384227014,0.275540384224849,0.275540384222513,0.275540384212607
"theta0",1501704822799.9,1501704822799.9,1501704822799.9,1501704822799.9
"theta1",571155737029.78,571155737029.78,571155737029.78,571155737029.78
