"","AA","AB","BA","BB"
"EV",0.41565684134019,0.41565685022278,0.41565672503502,0.415656776545971
"STD",2.81379601072962e-05,2.81379916090282e-05,2.81379481935126e-05,2.81379879540072e-05
"Q.05",0.415610558827054,0.415610567657829,0.415610442541481,0.415610493987032
"Q.95",0.415703124478547,0.415703133412954,0.415703008153781,0.415703059730132
"theta0",179259903.861277,179259903.861277,179259903.861277,179259903.861277
"theta1",127511704.560224,127511704.560224,127511704.560224,127511704.560224
