"","AA","AB","BA","BB"
"EV",0.415644688467799,0.415644649378588,0.415644644862504,0.415644619444633
"STD",2.06252364306391e-05,2.06252108457153e-05,2.06252593280839e-05,2.06252534745007e-05
"Q.05",0.415610763140835,0.415610724093707,0.415610719497878,0.415610694089635
"Q.95",0.415678614130742,0.415678574999447,0.41567857056311,0.415678545135611
"theta0",333639202.16203,333639202.16203,333639202.16203,333639202.16203
"theta1",237313391.067122,237313391.067122,237313391.067122,237313391.067122
