"","AA","AB","BA","BB"
"EV",0.415658105949178,0.415658100227499,0.415658107933118,0.415658105875005
"STD",8.30275825061287e-06,8.30275900468591e-06,8.30275768370803e-06,8.30275884776696e-06
"Q.05",0.415644449154374,0.415644443431454,0.415644451139246,0.415644449079218
"Q.95",0.415671762798418,0.41567175707798,0.415671764781426,0.415671762725227
"theta0",2058852861.91773,2058852861.91773,2058852861.91773,2058852861.91773
"theta1",1464517410.72894,1464517410.72894,1464517410.72894,1464517410.72894
