"","AA","AB","BA","BB"
"EV",0.239675697422538,0.239675711245181,0.239675714030155,0.239675691739323
"STD",2.71830190443426e-05,2.71831268282175e-05,2.71829898190045e-05,2.71831210555824e-05
"Q.05",0.239630986535304,0.239631000180668,0.23963100319099,0.239630980684305
"Q.95",0.2397204107102,0.239720424710141,0.239720427269743,0.239720405194787
"theta0",187509066.26263,187509066.26263,187509066.26263,187509066.26263
"theta1",59108156.3540255,59108156.3540255,59108156.3540255,59108156.3540255
