"","AA","AB","BA","BB"
"EV",0.275489501163631,0.275489513868897,0.275489520145839,0.275489506113443
"STD",1.19025424062778e-05,1.19025484014894e-05,1.19025408778264e-05,1.19025478541202e-05
"Q.05",0.275469923404777,0.275469936100181,0.275469942389499,0.275469928345628
"Q.95",0.275509079284869,0.275509091999996,0.275509098264563,0.275509084243642
"theta0",1020738044.20169,1020738044.20169,1020738044.20169,1020738044.20169
"theta1",388127746.876439,388127746.876439,388127746.876439,388127746.876439
