"","AA","AB","BA","BB"
"EV",0.23967248897752,0.239672408106933,0.239672411407481,0.239672487314679
"STD",2.48638028286881e-05,2.48638666771005e-05,2.48638342351395e-05,2.48638813417833e-05
"Q.05",0.239631592665443,0.239631511689841,0.239631515043748,0.239631590873466
"Q.95",0.239713387297939,0.23971330653238,0.239713309779563,0.239713385764247
"theta0",224120056.327768,224120056.327768,224120056.327768,224120056.327768
"theta1",70647713.1882173,70647713.1882173,70647713.1882173,70647713.1882173
