"","AA","AB","BA","BB"
"EV",0.275504527509228,0.275504555224442,0.275504648994051,0.275504571769406
"STD",2.55249754417442e-05,2.55250435991493e-05,2.55250258367602e-05,2.55250641952744e-05
"Q.05",0.275462543493994,0.275462571097103,0.275462664895927,0.275462587608191
"Q.95",0.275546513190848,0.275546541018175,0.275546634758565,0.275546557597018
"theta0",221955311.628581,221955311.628581,221955311.628581,221955311.628581
"theta1",84403161.0984021,84403161.0984021,84403161.0984021,84403161.0984021
