"","AA","AB","BA","BB"
"EV",0.415651175740255,0.41565178088241,0.415664467382531,0.415655807658962
"STD",0.000282019579335991,0.000282102420596596,0.000282016725330495,0.000282139101416005
"Q.05",0.415187326208928,0.415187795107541,0.41520062253975,0.415191761556094
"Q.95",0.41611508808293,0.416115829505055,0.41612837502491,0.416119916622774
"theta0",1782972.38613568,1782972.38613568,1782972.38613568,1782972.38613568
"theta1",1268264.21295264,1268264.21295264,1268264.21295264,1268264.21295264
