"","AA","AB","BA","BB"
"EV",0.275517492171786,0.275517498647307,0.275517509533413,0.275517498237082
"STD",1.1353306236698e-05,1.13533049227371e-05,1.13533054722936e-05,1.13533036051702e-05
"Q.05",0.27549881780967,0.275498824287352,0.275498835172554,0.275498823879294
"Q.95",0.275536166863551,0.275536173336911,0.275536184223921,0.275536172924519
"theta0",1121914988.70418,1121914988.70418,1121914988.70418,1121914988.70418
"theta1",426659322.175516,426659322.175516,426659322.175516,426659322.175516
