"","AA","AB","BA","BB"
"EV",0.27558182147004,0.275581821216132,0.275581821332832,0.275581821112981
"STD",1.6479692479133e-06,1.64796923126794e-06,1.64796924696414e-06,1.64796923093113e-06
"Q.05",0.275579110805317,0.275579110551436,0.27557911066811,0.275579110448286
"Q.95",0.275584532141706,0.275584531887771,0.275584532004496,0.275584531784619
"theta0",53251400644.987,53251400644.987,53251400644.987,53251400644.987
"theta1",20257799164.7413,20257799164.7413,20257799164.7413,20257799164.7413
