"","AA","AB","BA","BB"
"EV",0.275496962417749,0.275496830290087,0.275496981068488,0.275497016484731
"STD",3.28893805555268e-05,3.28892581177573e-05,3.28895007573933e-05,3.28894724790978e-05
"Q.05",0.275442865584269,0.27544273365799,0.275442884037303,0.275442919500057
"Q.95",0.275551062018032,0.275550929688968,0.275551080866495,0.275551116236221
"theta0",133684698.367771,133684698.367771,133684698.367771,133684698.367771
"theta1",50834466.7499224,50834466.7499224,50834466.7499224,50834466.7499224
