"","AA","AB","BA","BB"
"EV",0.415642859450508,0.415642878873598,0.415642884064711,0.41564290021424
"STD",1.69418348499891e-05,1.69418673681269e-05,1.69418545952754e-05,1.69418530686069e-05
"Q.05",0.415614992725355,0.415615012094957,0.415615017307079,0.41561503345912
"Q.95",0.415670726402359,0.415670745878936,0.41567075104904,0.415670767196058
"theta0",494486523.309274,494486523.309274,494486523.309274,494486523.309274
"theta1",351719515.624037,351719515.624037,351719515.624037,351719515.624037
