"","AA","AB","BA","BB"
"EV",0.23969249914826,0.239692459040731,0.23969248058999,0.239692497884472
"STD",1.50758079028058e-05,1.5075822917227e-05,1.50758258631062e-05,1.50758327409555e-05
"Q.05",0.239667702020082,0.239667661887857,0.23966768343227,0.23966770071544
"Q.95",0.239717297014691,0.23971725693186,0.239717278485964,0.23971729579176
"theta0",609635353.091563,609635353.091563,609635353.091563,609635353.091563
"theta1",192191987.059388,192191987.059388,192191987.059388,192191987.059388
