"","AA","AB","BA","BB"
"EV",0.239675931897749,0.239676108369591,0.239676064342714,0.239676039854887
"STD",3.15343713416889e-05,3.15343847979353e-05,3.15345708994263e-05,3.15345717752453e-05
"Q.05",0.239624064087921,0.239624240537629,0.239624196204662,0.239624171715395
"Q.95",0.239727802938012,0.239727979431987,0.23972793571124,0.239727911224854
"theta0",139330820.524416,139330820.524416,139330820.524416,139330820.524416
"theta1",43921092.0082298,43921092.0082298,43921092.0082298,43921092.0082298
