"","AA","AB","BA","BB"
"EV",0.239675831851327,0.239675832016291,0.239675824355978,0.239675863031181
"STD",1.91277026208336e-05,1.91276764345344e-05,1.9127734002589e-05,1.9127731315064e-05
"Q.05",0.239644370174579,0.239644370382614,0.239644362627614,0.239644401307237
"Q.95",0.239707294716628,0.239707294838518,0.2397072872729,0.239707325943682
"theta0",378699312.002285,378699312.002285,378699312.002285,378699312.002285
"theta1",119376812.416462,119376812.416462,119376812.416462,119376812.416462
