"","AA","AB","BA","BB"
"EV",0.413669455027169,0.415431827014492,0.41735748735547,0.415155101030737
"STD",0.00391790084402284,0.00418675258340821,0.00385379738529705,0.00417806335955671
"Q.05",0.40723127040604,0.408552143637319,0.411024271066958,0.408289705552995
"Q.95",0.420120065296794,0.422325393164468,0.423702182883194,0.422034369627433
"theta0",7878.11902445775,7878.11902445775,7878.11902445775,7878.11902445775
"theta1",5598.04541160626,5598.04541160626,5598.04541160626,5598.04541160626
