"","AA","AB","BA","BB"
"EV",0.415648609536767,0.415648537736206,0.41564862895102,0.415648586253641
"STD",2.34051738723671e-05,2.34052251795195e-05,2.34052317276703e-05,2.34052490383453e-05
"Q.05",0.415610111667944,0.415610039782991,0.415610130987035,0.415610088261182
"Q.95",0.415687107838221,0.415687036122053,0.415687127347639,0.415687084678733
"theta0",259088163.687652,259088163.687652,259088163.687652,259088163.687652
"theta1",184289159.469025,184289159.469025,184289159.469025,184289159.469025
