"","AA","AB","BA","BB"
"EV",0.270523353290013,0.274818757435236,0.280905732708724,0.277377118672148
"STD",0.00588164521542194,0.00606242252103951,0.00615412865761608,0.00627002745956302
"Q.05",0.26089475046944,0.264894278276214,0.270829888359267,0.267113593247299
"Q.95",0.28024345890859,0.284837697509908,0.291075018704167,0.287739968166616
"theta0",2810.5788947754,2810.5788947754,2810.5788947754,2810.5788947754
"theta1",1070.93322386477,1070.93322386477,1070.93322386477,1070.93322386477
