"","AA","AB","BA","BB"
"EV",0.239677508632242,0.239677506176966,0.239677505955077,0.23967750847418
"STD",4.82363276680322e-06,4.82363312218553e-06,4.82363271756168e-06,4.82363314571337e-06
"Q.05",0.239669574500183,0.239669572044323,0.239669571823099,0.239669574341498
"Q.95",0.239685442839886,0.239685440385195,0.23968544016264,0.239685442682447
"theta0",5954898568.66767,5954898568.66767,5954898568.66767,5954898568.66767
"theta1",1877170883.33594,1877170883.33594,1877170883.33594,1877170883.33594
