"","AA","AB","BA","BB"
"EV",0.275496075782067,0.275496074166875,0.275496076274173,0.275496077075595
"STD",1.01329784538881e-05,1.01329816412355e-05,1.01329770494862e-05,1.01329814346071e-05
"Q.05",0.27547940864702,0.275479407026586,0.275479409141437,0.275479409935646
"Q.95",0.275512743179743,0.275512741569794,0.275512743669539,0.275512744478174
"theta0",1408387701.17277,1408387701.17277,1408387701.17277,1408387701.17277
"theta1",535546146.759591,535546146.759591,535546146.759591,535546146.759591
