"","AA","AB","BA","BB"
"EV",0.239674827284495,0.239674818642312,0.239674841503086,0.23967485862723
"STD",1.88321020206555e-05,1.88320928089025e-05,1.88321031911478e-05,1.88320946908976e-05
"Q.05",0.239643851809244,0.239643843182213,0.239643866025909,0.239643883164034
"Q.95",0.239705803911855,0.23970579525452,0.239705818132371,0.239705835242533
"theta0",390681164.709581,390681164.709581,390681164.709581,390681164.709581
"theta1",123153157.067166,123153157.067166,123153157.067166,123153157.067166
