"","AA","AB","BA","BB"
"EV",0.275618892515123,0.275618892516476,0.275618892516424,0.275618892523141
"STD",3.55417194878467e-07,3.55417195117711e-07,3.55417194852901e-07,3.5541719511284e-07
"Q.05",0.275618307906022,0.275618307907375,0.275618307907323,0.27561830791404
"Q.95",0.275619477124546,0.2756194771259,0.275619477125847,0.275619477132565
"theta0",1144896803478.32,1144896803478.32,1144896803478.32,1144896803478.32
"theta1",435620401695.497,435620401695.497,435620401695.497,435620401695.497
