"","AA","AB","BA","BB"
"EV",0.239663636362332,0.239663631994011,0.239663543249755,0.239663570340638
"STD",3.59687534674229e-05,3.59686527556503e-05,3.59687315729446e-05,3.59686055367773e-05
"Q.05",0.239604475129374,0.239604470926698,0.239604382052809,0.239604409350987
"Q.95",0.239722801798482,0.239722797264494,0.239722708649891,0.239722735533447
"theta0",107092695.163081,107092695.163081,107092695.163081,107092695.163081
"theta1",33756400.7243933,33756400.7243933,33756400.7243933,33756400.7243933
