"","AA","AB","BA","BB"
"EV",0.415610700922898,0.415610700994897,0.415610701328029,0.415610700521225
"STD",4.07451911460622e-06,4.07451877799014e-06,4.07451927866489e-06,4.07451921861791e-06
"Q.05",0.415603998941913,0.415603999014466,0.415603999346774,0.415603998540069
"Q.95",0.415617402917,0.415617402988446,0.415617403322402,0.415617402515499
"theta0",8549455782.75409,8549455782.75409,8549455782.75409,8549455782.75409
"theta1",6080271004.61358,6080271004.61358,6080271004.61358,6080271004.61358
