"","AA","AB","BA","BB"
"EV",0.239679564097962,0.23967964264932,0.239679605668898,0.239679622792263
"STD",2.64813351447611e-05,2.64812533833281e-05,2.6481259932868e-05,2.64812781080031e-05
"Q.05",0.239636007316842,0.239636086002677,0.239636049011483,0.239636066104954
"Q.95",0.239723123157126,0.23972320157399,0.239723164604342,0.239723181757604
"theta0",197580391.726161,197580391.726161,197580391.726161,197580391.726161
"theta1",62284257.4672919,62284257.4672919,62284257.4672919,62284257.4672919
