"","AA","AB","BA","BB"
"EV",0.415670121067874,0.415670055845737,0.415670105805581,0.415670080416913
"STD",2.32465175636081e-05,2.32465749390541e-05,2.32465440767787e-05,2.32465804905349e-05
"Q.05",0.415631884162476,0.415631818845966,0.415631868856573,0.41563184340801
"Q.95",0.415708358399943,0.415708293272181,0.41570834318126,0.415708317852488
"theta0",262631234.380335,262631234.380335,262631234.380335,262631234.380335
"theta1",186825879.241468,186825879.241468,186825879.241468,186825879.241468
