"","AA","AB","BA","BB"
"EV",0.239686550399082,0.239686573326248,0.239686608151404,0.239686566184609
"STD",1.92640106466541e-05,1.92640426409637e-05,1.92639896793878e-05,1.92640391296046e-05
"Q.05",0.239654864524041,0.239654887398582,0.239654922310848,0.239654880262718
"Q.95",0.239718237479591,0.239718260459385,0.239718295197422,0.239718253311969
"theta0",373365193.348876,373365193.348876,373365193.348876,373365193.348876
"theta1",117702280.73719,117702280.73719,117702280.73719,117702280.73719
