"","AA","AB","BA","BB"
"EV",0.27551764916152,0.275517635679777,0.275517676431657,0.275517734081139
"STD",2.40046465222384e-05,2.40046615420304e-05,2.40047306913506e-05,2.40047352620762e-05
"Q.05",0.27547816576846,0.275478152262012,0.275478192900155,0.275478250542119
"Q.95",0.27555713402824,0.275557120571203,0.275557161436828,0.275557219093828
"theta0",250963655.880225,250963655.880225,250963655.880225,250963655.880225
"theta1",95440454.8092436,95440454.8092436,95440454.8092436,95440454.8092436
