"","AA","AB","BA","BB"
"EV",0.275503933011803,0.275503722512761,0.275503672832087,0.275503566175566
"STD",4.21595718104694e-05,4.21597337753438e-05,4.21596553950484e-05,4.21592953742168e-05
"Q.05",0.275434588960277,0.275434378194848,0.27543432864309,0.275434222578714
"Q.95",0.275573281609426,0.275573071376814,0.275573021567207,0.275572914318468
"theta0",81358274.9960921,81358274.9960921,81358274.9960921,81358274.9960921
"theta1",30938057.8532783,30938057.8532783,30938057.8532783,30938057.8532783
