"","AA","AB","BA","BB"
"EV",0.275500888503921,0.275500831490173,0.275500857531222,0.275500855614937
"STD",2.01282829174506e-05,2.01282963758558e-05,2.01282461606437e-05,2.01282800074863e-05
"Q.05",0.275467780942893,0.275467723907009,0.275467750030652,0.275467748058695
"Q.95",0.275533997101209,0.275533940109599,0.275533966068048,0.275533964207438
"theta0",356930946.574874,356930946.574874,356930946.574874,356930946.574874
"theta1",135727948.408311,135727948.408311,135727948.408311,135727948.408311
