"","AA","AB","BA","BB"
"EV",0.415659884558903,0.415660001141338,0.415660028536205,0.415659992734304
"STD",2.91636590768558e-05,2.91635862187949e-05,2.91636250473144e-05,2.91636487345917e-05
"Q.05",0.41561191494429,0.415612031646563,0.415612058977563,0.415612023136701
"Q.95",0.415707854845125,0.415707971307717,0.415707998766452,0.415707963003513
"theta0",166872214.656893,166872214.656893,166872214.656893,166872214.656893
"theta1",118701608.834109,118701608.834109,118701608.834109,118701608.834109
