"","AA","AB","BA","BB"
"EV",0.241213724889949,0.239601992027437,0.236927604973465,0.240195597056086
"STD",0.00385168790032338,0.00416132348364931,0.00402128106114614,0.00425350020588086
"Q.05",0.234902167057752,0.232785436659353,0.230340008602957,0.233228572360441
"Q.95",0.247572988929479,0.246474837362437,0.243568717001275,0.24722120007886
"theta0",7242.59740813625,7242.59740813625,7242.59740813625,7242.59740813625
"theta1",2280.67924206888,2280.67924206888,2280.67924206888,2280.67924206888
