"","AA","AB","BA","BB"
"EV",0.239681644555005,0.239681659857261,0.239681658662242,0.239681648394932
"STD",1.30490936855436e-05,1.30491128029228e-05,1.30491096958043e-05,1.30491154058579e-05
"Q.05",0.239660180982501,0.239660196253312,0.239660195063404,0.239660184786703
"Q.95",0.239703108680651,0.239703124014353,0.239703122814223,0.239703112556306
"theta0",813698425.516575,813698425.516575,813698425.516575,813698425.516575
"theta1",256509111.359802,256509111.359802,256509111.359802,256509111.359802
