"","AA","AB","BA","BB"
"EV",0.275514929256385,0.275514981331796,0.275515045246232,0.275514776239422
"STD",3.77624319270853e-05,3.77625361148912e-05,3.77621843440795e-05,3.7762413963068e-05
"Q.05",0.275452817406782,0.275452869310828,0.275452933803841,0.275452664419367
"Q.95",0.275577044752976,0.27557709699977,0.275577160335559,0.275576891706464
"theta0",101409900.532668,101409900.532668,101409900.532668,101409900.532668
"theta1",38565242.0539143,38565242.0539143,38565242.0539143,38565242.0539143
