"","AA","AB","BA","BB"
"EV",0.239679412278842,0.239679335706154,0.239679314524391,0.239679368589452
"STD",2.63392547786739e-05,2.63392196599433e-05,2.63392507496393e-05,2.6339227515179e-05
"Q.05",0.239636089186938,0.239636012672013,0.239635991439115,0.239636045542391
"Q.95",0.239722737624412,0.239722660993956,0.239722639863334,0.239722693890175
"theta0",199717114.438263,199717114.438263,199717114.438263,199717114.438263
"theta1",62957740.555079,62957740.555079,62957740.555079,62957740.555079
