"","AA","AB","BA","BB"
"EV",0.268718230256302,0.28294741965465,0.281320693189438,0.275432233496244
"STD",0.00625608590295537,0.00722672859102705,0.0075789123587836,0.00809323198794653
"Q.05",0.25848039216039,0.271124175173547,0.268925301986027,0.26220410313345
"Q.95",0.279060852258626,0.294897768303749,0.293857425955209,0.288828055299774
"theta0",1705.91823030862,1705.91823030862,1705.91823030862,1705.91823030862
"theta1",653.922797036031,653.922797036031,653.922797036031,653.922797036031
