"","AA","AB","BA","BB"
"EV",0.272001989412972,0.284339213090029,0.283162354307685,0.278757837638232
"STD",0.00542482772049929,0.00750510511311711,0.00806239150377267,0.0088213303849909
"Q.05",0.263117546571221,0.272062438705445,0.269980050167945,0.264345700722968
"Q.95",0.280963504489827,0.296751794269212,0.29650264309777,0.293364815146993
"theta0",1803.74326170124,1803.74326170124,1803.74326170124,1803.74326170124
"theta1",699.944438642749,699.944438642749,699.944438642749,699.944438642749
