"","AA","AB","BA","BB"
"EV",0.275496371173219,0.275496386706283,0.275496376880235,0.275496467778895
"STD",2.5680870087337e-05,2.56808172053869e-05,2.56808618940625e-05,2.56808013036896e-05
"Q.05",0.275454130744366,0.27545414636441,0.275454136464859,0.275454227463176
"Q.95",0.275538613288966,0.275538628735044,0.275538618982505,0.275538709781498
"theta0",219268623.358065,219268623.358065,219268623.358065,219268623.358065
"theta1",83378076.4542131,83378076.4542131,83378076.4542131,83378076.4542131
