"","AA","AB","BA","BB"
"EV",0.275495853922331,0.275495789283,0.275495866065565,0.275495908230243
"STD",2.45435964227712e-05,2.45435671573704e-05,2.45436676089243e-05,2.45436647359331e-05
"Q.05",0.275455484069142,0.275455419477947,0.27545549609529,0.275455538264693
"Q.95",0.27553622531632,0.27553616062885,0.275536237576649,0.275536279736601
"theta0",240058707.45035,240058707.45035,240058707.45035,240058707.45035
"theta1",91283368.2177471,91283368.2177471,91283368.2177471,91283368.2177471
