"","AA","AB","BA","BB"
"EV",0.410930113473503,0.421569936366968,0.41603584417802,0.41268827037767
"STD",0.00695817647984724,0.00650612840534835,0.0068572797015573,0.00632597371357284
"Q.05",0.399505061570523,0.410883677613781,0.404774975864337,0.402299264257419
"Q.95",0.42239569025176,0.432287163933704,0.427333679233737,0.423110066997612
"theta0",2331.58340521673,2331.58340521673,2331.58340521673,2331.58340521673
"theta1",1656.11619319549,1656.11619319549,1656.11619319549,1656.11619319549
