"","AA","AB","BA","BB"
"EV",0.417752507480676,0.410807764685358,0.414593329187765,0.418193043326818
"STD",0.00534214642888392,0.00594170097226333,0.00596024923197465,0.00630625154634414
"Q.05",0.408976370700823,0.401049249025664,0.404803723711565,0.407835287649542
"Q.95",0.426550592882033,0.420595870797822,0.42441136877631,0.428581213984306
"theta0",3258.94316005216,3258.94316005216,3258.94316005216,3258.94316005216
"theta1",2315.10841389684,2315.10841389684,2315.10841389684,2315.10841389684
