"","AA","AB","BA","BB"
"EV",0.250799023907153,0.234744544842404,0.240650873068189,0.242112113631878
"STD",0.00735656129369815,0.00562081314783873,0.00907690546674533,0.00840578506148494
"Q.05",0.238780496144787,0.225552371378351,0.225854422606543,0.228399332414863
"Q.95",0.262980842017153,0.244042832473276,0.25571340766651,0.256050844666787
"theta0",1504.44510923216,1504.44510923216,1504.44510923216,1504.44510923216
"theta1",480.51287429013,480.51287429013,480.51287429013,480.51287429013
