"","AA","AB","BA","BB"
"EV",0.27551399612909,0.27551398410831,0.275514008359959,0.275514009757321
"STD",2.28581407818328e-05,2.28582180481656e-05,2.28582137053297e-05,2.28582389915416e-05
"Q.05",0.275476398501467,0.2754763863536,0.275476410612391,0.275476411968163
"Q.95",0.275551595092998,0.275551583199315,0.275551607443819,0.275551608882776
"theta0",276769217.742046,276769217.742046,276769217.742046,276769217.742046
"theta1",105252267.287867,105252267.287867,105252267.287867,105252267.287867
