"","AA","AB","BA","BB"
"EV",0.239310388597076,0.239767553306401,0.239874124996802,0.239629186752673
"STD",0.00152002102256584,0.00153365119594278,0.00150791782956226,0.00153023147375475
"Q.05",0.236813941948928,0.237248743138883,0.237397512583023,0.23711598803059
"Q.95",0.241814359499196,0.242293999853952,0.242358114404389,0.242149994886431
"theta0",58595.8009807932,58595.8009807932,58595.8009807932,58595.8009807932
"theta1",18467.9718410921,18467.9718410921,18467.9718410921,18467.9718410921
