"","AA","AB","BA","BB"
"EV",0.415666131401995,0.415666247180449,0.415666264179018,0.415666231747
"STD",3.07339399831996e-05,3.07341440500922e-05,3.07341021588833e-05,3.07341668939263e-05
"Q.05",0.415615578942241,0.41561569438504,0.415615711452512,0.415615678914017
"Q.95",0.415716684607569,0.415716800721688,0.41571681765135,0.415716785325814
"theta0",150253121.572115,150253121.572115,150253121.572115,150253121.572115
"theta1",106882656.598947,106882656.598947,106882656.598947,106882656.598947
