"","AA","AB","BA","BB"
"EV",0.239646195949503,0.239646195949503,0.239646195949503,0.239646195949503
"STD",1.01165958001957e-09,1.01165958001958e-09,1.01165958001957e-09,1.01165958001958e-09
"Q.05",0.239646194285442,0.239646194281953,0.239656571774441,5.562684646268e-309
"Q.95",0.239646197633369,0.239646197613094,1,1
"theta0",135373353882846000,135373353882846000,135373353882846000,135373353882846000
"theta1",42666596942277440,42666596942277440,42666596942277440,42666596942277440
