"","AA","AB","BA","BB"
"EV",0.415657654963987,0.415657665615318,0.41565767548932,0.415657658220969
"STD",1.71055751589956e-05,1.71055913058696e-05,1.71055714892701e-05,1.71055901182689e-05
"Q.05",0.415629518912172,0.415629529536944,0.415629539443541,0.415629522144548
"Q.95",0.415685791246859,0.415685801924749,0.415685811766155,0.415685794528447
"theta0",485058363.360221,485058363.360221,485058363.360221,485058363.360221
"theta1",345034431.773636,345034431.773636,345034431.773636,345034431.773636
