"","AA","AB","BA","BB"
"EV",0.275498747003004,0.275498735057572,0.275498737325035,0.275498737748425
"STD",8.89947573685718e-06,8.89947914152458e-06,8.89948071976087e-06,8.89948140377522e-06
"Q.05",0.275484108769349,0.275484096818317,0.275484099083184,0.275484099505449
"Q.95",0.275513385439236,0.275513373499405,0.275513375769463,0.275513376193978
"theta0",1825864132.28819,1825864132.28819,1825864132.28819,1825864132.28819
"theta1",694302817.425594,694302817.425594,694302817.425594,694302817.425594
