"","AA","AB","BA","BB"
"EV",0.239679969810839,0.239679948470257,0.239679932212575,0.239679996413008
"STD",2.43807375945719e-05,2.43807793981604e-05,2.43806824457877e-05,2.43807639298527e-05
"Q.05",0.239639868031676,0.239639846622336,0.239639830524119,0.239639894590529
"Q.95",0.239720073520969,0.239720052249151,0.239720035831989,0.239720100166457
"theta0",233092696.947661,233092696.947661,233092696.947661,233092696.947661
"theta1",73479121.7888537,73479121.7888537,73479121.7888537,73479121.7888537
