"","AA","AB","BA","BB"
"EV",0.275608898215836,0.275608898218445,0.275608898219196,0.275608898224657
"STD",3.52872306542362e-07,3.52872306793411e-07,3.52872306600146e-07,3.52872306797856e-07
"Q.05",0.275608317792702,0.27560831779531,0.275608317796062,0.275608317801523
"Q.95",0.275609478639288,0.275609478641898,0.275609478642648,0.27560947864811
"theta0",1161460101777.15,1161460101777.15,1161460101777.15,1161460101777.15
"theta1",441900429464.304,441900429464.304,441900429464.304,441900429464.304
