"","AA","AB","BA","BB"
"EV",0.230186916336529,0.237733112287733,0.241016963013939,0.25512761511566
"STD",0.00684177297254385,0.00840115876436524,0.0129872056293283,0.00805414531369729
"Q.05",0.21901463788331,0.224031225457001,0.219928797901346,0.241975162483877
"Q.95",0.241521339364245,0.251667418993978,0.262648891025474,0.268470245241663
"theta0",822.393543133453,822.393543133453,822.393543133453,822.393543133453
"theta1",261.153127947889,261.153127947889,261.153127947889,261.153127947889
