"","AA","AB","BA","BB"
"EV",0.239671076580315,0.239671094454603,0.239671083375383,0.239671103523195
"STD",1.36770289909353e-05,1.36770265111759e-05,1.36770278531089e-05,1.36770251018787e-05
"Q.05",0.239648580173426,0.239648598051793,0.239648586970366,0.239648607122703
"Q.95",0.239693573594905,0.239693591465114,0.239693580388101,0.239693600531388
"theta0",740686741.030979,740686741.030979,740686741.030979,740686741.030979
"theta1",233479479.377438,233479479.377438,233479479.377438,233479479.377438
