"","AA","AB","BA","BB"
"EV",0.275472624408326,0.275472619325408,0.275472617355529,0.275472622505839
"STD",7.11891189865554e-06,7.11891277983651e-06,7.11891332261625e-06,7.11891366663926e-06
"Q.05",0.275460914905093,0.275460909820726,0.275460907849954,0.275460912999699
"Q.95",0.275484334041206,0.275484328959737,0.275484326990751,0.275484332141627
"theta0",2853385941.35214,2853385941.35214,2853385941.35214,2853385941.35214
"theta1",1084886128.98407,1084886128.98407,1084886128.98407,1084886128.98407
