"","AA","AB","BA","BB"
"EV",0.239685624757604,0.239685616875536,0.239685621889914,0.239685633001219
"STD",9.99062917730991e-06,9.9906286380113e-06,9.99063118837256e-06,9.9906309392809e-06
"Q.05",0.239669191797081,0.2396691839159,0.239669188926083,0.239669200037798
"Q.95",0.239702058042355,0.2397020501594,0.239702055177973,0.239702066288868
"theta0",1388168811.71428,1388168811.71428,1388168811.71428,1388168811.71428
"theta1",437613858.965798,437613858.965798,437613858.965798,437613858.965798
