"","AA","AB","BA","BB"
"EV",0.239667432369207,0.239667432906172,0.239667460134247,0.239667400900725
"STD",2.10938430377722e-05,2.10938848766313e-05,2.10938554117384e-05,2.10938860496399e-05
"Q.05",0.239632736807756,0.239632737275905,0.239632764552444,0.239632705268529
"Q.95",0.239702129376193,0.239702129981979,0.239702157161587,0.239702097978462
"theta0",311388227.008445,311388227.008445,311388227.008445,311388227.008445
"theta1",98153912.746635,98153912.746635,98153912.746635,98153912.746635
