"","AA","AB","BA","BB"
"EV",0.275500707579028,0.27550070377265,0.275500696214906,0.275500695445885
"STD",1.49171577369642e-05,1.49171719667811e-05,1.49171572386382e-05,1.49171715110997e-05
"Q.05",0.275476171322598,0.275476167492815,0.275476159959295,0.275476159166799
"Q.95",0.27552524440461,0.275525240621639,0.275525233039668,0.275525232294124
"theta0",649868299.367273,649868299.367273,649868299.367273,649868299.367273
"theta1",247121249.195774,247121249.195774,247121249.195774,247121249.195774
