"","AA","AB","BA","BB"
"EV",0.275504115580432,0.275503950076773,0.275504077828832,0.275504179909872
"STD",3.15493490980539e-05,3.15492786421811e-05,3.15494655194502e-05,3.15494567126471e-05
"Q.05",0.27545222279206,0.275452057404286,0.275452184848973,0.275452286944497
"Q.95",0.275556010914619,0.275555845295066,0.275555973354525,0.275556075421077
"theta0",145282997.762741,145282997.762741,145282997.762741,145282997.762741
"theta1",55246769.1080692,55246769.1080692,55246769.1080692,55246769.1080692
