"","AA","AB","BA","BB"
"EV",0.415631310670492,0.415631300839302,0.415631343846276,0.415631303086994
"STD",2.17504741353223e-05,2.17504409314016e-05,2.17504890655923e-05,2.17504753066221e-05
"Q.05",0.415595534511069,0.415595524734494,0.415595567662296,0.415595526925645
"Q.95",0.415667087203616,0.41566707731781,0.415667120403959,0.415667079622045
"theta0",300015414.831724,300015414.831724,300015414.831724,300015414.831724
"theta1",213385495.061625,213385495.061625,213385495.061625,213385495.061625
