"","AA","AB","BA","BB"
"EV",0.239678187373713,0.239678137794513,0.239678190393698,0.23967806407036
"STD",2.43079660436919e-05,2.43079950213673e-05,2.43079549565523e-05,2.43079847766633e-05
"Q.05",0.239638205287356,0.239638155660494,0.239638208325576,0.239638081953192
"Q.95",0.23971817137955,0.239718121848016,0.239718174381297,0.239718048107012
"theta0",234489656.302271,234489656.302271,234489656.302271,234489656.302271
"theta1",73918756.1835434,73918756.1835434,73918756.1835434,73918756.1835434
