"","AA","AB","BA","BB"
"EV",0.415666046482309,0.415666045455972,0.415666050364097,0.415666041251044
"STD",8.1731276412545e-06,8.17312668189989e-06,8.1731276174293e-06,8.1731266205153e-06
"Q.05",0.415652602910036,0.415652601885278,0.415652606791864,0.415652597680451
"Q.95",0.415679490107325,0.415679489079411,0.415679493989074,0.415679484874382
"theta0",2124663249.37599,2124663249.37599,2124663249.37599,2124663249.37599
"theta1",1511379521.09545,1511379521.09545,1511379521.09545,1511379521.09545
