"","AA","AB","BA","BB"
"EV",0.239682326945239,0.239682279070075,0.239682360954134,0.239682360881357
"STD",2.16072556296046e-05,2.16072338638318e-05,2.16072432000351e-05,2.16072177892986e-05
"Q.05",0.239646786930762,0.239646739091398,0.2396468209601,0.239646820929118
"Q.95",0.239717868476325,0.239717820565357,0.239717902464774,0.239717902350197
"theta0",296774110.860836,296774110.860836,296774110.860836,296774110.860836
"theta1",93554988.8668269,93554988.8668269,93554988.8668269,93554988.8668269
