"","AA","AB","BA","BB"
"EV",0.239664933629682,0.239664875942013,0.239664908763487,0.23966492586062
"STD",1.84202015513116e-05,1.84201929505998e-05,1.8420229278911e-05,1.84202285969857e-05
"Q.05",0.239634635645525,0.239634577972002,0.239634610733723,0.239634627831978
"Q.95",0.239695232716175,0.239695175014358,0.239695207895589,0.2396952249916
"theta0",408341952.767271,408341952.767271,408341952.767271,408341952.767271
"theta1",128713299.168483,128713299.168483,128713299.168483,128713299.168483
