"","AA","AB","BA","BB"
"EV",0.239658648953016,0.239658677536666,0.239658653323268,0.239658656405985
"STD",1.93201421102964e-05,1.93201362901342e-05,1.93201855071633e-05,1.93201841477302e-05
"Q.05",0.239626870753564,0.239626899346787,0.239626875052437,0.23962687813739
"Q.95",0.239690428365197,0.239690456939273,0.239690432806833,0.239690435887314
"theta0",371182475.729869,371182475.729869,371182475.729869,371182475.729869
"theta1",116996261.525073,116996261.525073,116996261.525073,116996261.525073
