"","AA","AB","BA","BB"
"EV",0.279333298002097,0.273434161745292,0.272213283453136,0.269798778247602
"STD",0.00540012075033291,0.00624858877956225,0.00587531532290874,0.00649422315719115
"Q.05",0.270487297643624,0.263206892461325,0.262594476312849,0.25917290885457
"Q.95",0.288252006278741,0.283762719212875,0.281922370499898,0.280536751048703
"theta0",2972.18304252105,2972.18304252105,2972.18304252105,2972.18304252105
"theta1",1120.01325533916,1120.01325533916,1120.01325533916,1120.01325533916
