"","AA","AB","BA","BB"
"EV",0.275496747050423,0.27549688191984,0.275497415319401,0.275496677851688
"STD",5.80456759726554e-05,5.80464387756417e-05,5.80450680231762e-05,5.80463132570898e-05
"Q.05",0.275401274718852,0.275401408333679,0.275401943987708,0.275401204471975
"Q.95",0.275592228000006,0.275592364124232,0.275592895268887,0.275592159849608
"theta0",42918393.4958857,42918393.4958857,42918393.4958857,42918393.4958857
"theta1",16319993.8868061,16319993.8868061,16319993.8868061,16319993.8868061
