"","AA","AB","BA","BB"
"EV",0.239784022272911,0.239784022272911,0.239784022272911,0.239784022272911
"STD",6.2160309671869e-10,6.2160309671869e-10,6.21603096718689e-10,6.2160309671869e-10
"Q.05",0.239784021320237,5.562684646268e-309,5.562684646268e-309,0.239784021236361
"Q.95",0.239784023295132,0.239784023295133,0.239784023295133,1
"theta0",358647566527176512,358647566527176512,358647566527176512,358647566527176512
"theta1",113123057920193264,113123057920193264,113123057920193264,113123057920193264
