"","AA","AB","BA","BB"
"EV",0.415669572730748,0.41566957135912,0.415669583091504,0.415669570948216
"STD",1.09470380797517e-05,1.09470392843876e-05,1.09470331555126e-05,1.09470363473219e-05
"Q.05",0.415651566502766,0.415651565129157,0.415651576871622,0.415651564723084
"Q.95",0.415687579053347,0.4156875776837,0.415687589406004,0.415687577267966
"theta0",1184327366.14144,1184327366.14144,1184327366.14144,1184327366.14144
"theta1",842483688.942109,842483688.942109,842483688.942109,842483688.942109
