"","AA","AB","BA","BB"
"EV",0.415675729657387,0.415675725996147,0.415675732913332,0.415675717374922
"STD",1.07975015744396e-05,1.07974977539787e-05,1.07975028071853e-05,1.07975006706508e-05
"Q.05",0.415657969393782,0.415657965738825,0.415657972647699,0.415657957112803
"Q.95",0.415693490013036,0.415693486345512,0.415693493271009,0.415693477729084
"theta0",1217350739.10581,1217350739.10581,1217350739.10581,1217350739.10581
"theta1",865997145.470356,865997145.470356,865997145.470356,865997145.470356
