"","AA","AB","BA","BB"
"EV",0.275480017284719,0.275480056606121,0.275480031051034,0.275480019535256
"STD",1.97579567858406e-05,1.97579628574512e-05,1.97579586375802e-05,1.97579649125275e-05
"Q.05",0.275447518837152,0.275447558148567,0.275447532600421,0.275447521074322
"Q.95",0.275512516730906,0.275512556062295,0.275512530500267,0.275512518994811
"theta0",370429293.238242,370429293.238242,370429293.238242,370429293.238242
"theta1",140846184.479481,140846184.479481,140846184.479481,140846184.479481
