"","AA","AB","BA","BB"
"EV",0.239692051174285,0.239692044805238,0.239692037849585,0.23969205718213
"STD",1.54343625964528e-05,1.54343530341197e-05,1.54343607794491e-05,1.54343484447135e-05
"Q.05",0.239666664293887,0.239666657940568,0.239666650972175,0.239666670325009
"Q.95",0.239717438828473,0.239717432443697,0.239717425500784,0.23971744481304
"theta0",581640711.206431,581640711.206431,581640711.206431,581640711.206431
"theta1",183366033.117571,183366033.117571,183366033.117571,183366033.117571
