"","AA","AB","BA","BB"
"EV",0.239688748929254,0.239688749511026,0.239688748137521,0.239688749221916
"STD",3.49551399056548e-06,3.49551388917756e-06,3.49551409524084e-06,3.49551405038382e-06
"Q.05",0.239682999340233,0.239682999922173,0.239682998548328,0.239682999632797
"Q.95",0.239694498557964,0.23969449913957,0.239694497766403,0.239694498850725
"theta0",11339877048.3364,11339877048.3364,11339877048.3364,11339877048.3364
"theta1",3574905591.92533,3574905591.92533,3574905591.92533,3574905591.92533
