"","AA","AB","BA","BB"
"EV",0.239697986149816,0.239697980219837,0.239697983012971,0.239697984660281
"STD",5.74768343285898e-06,5.74768364777837e-06,5.74768282832889e-06,5.74768338103817e-06
"Q.05",0.239688532105527,0.239688526175195,0.239688528969676,0.239688530616077
"Q.95",0.239707440301409,0.239707434371784,0.239707437163569,0.239707438811788
"theta0",4194216867.00296,4194216867.00296,4194216867.00296,4194216867.00296
"theta1",1322297328.76982,1322297328.76982,1322297328.76982,1322297328.76982
