"","AA","AB","BA","BB"
"EV",0.239675451566613,0.239675561929776,0.239675516900722,0.239675487937082
"STD",2.30267013062771e-05,2.30267741140997e-05,2.3026701981422e-05,2.3026770641631e-05
"Q.05",0.239637576874711,0.23963768711812,0.239637642207709,0.239637613131139
"Q.95",0.239713327981009,0.239713438463934,0.239713393316228,0.239713364465529
"theta0",261309324.614648,261309324.614648,261309324.614648,261309324.614648
"theta1",82371993.2842377,82371993.2842377,82371993.2842377,82371993.2842377
