"","AA","AB","BA","BB"
"EV",0.239678685500391,0.239678797192172,0.239678346562165,0.239678637959582
"STD",4.55935659788794e-05,4.55935155228235e-05,4.55937319195577e-05,4.55937308746589e-05
"Q.05",0.239603694134575,0.239603805909339,0.239603354923434,0.239603646322563
"Q.95",0.23975368361913,0.239753795227908,0.239753344953884,0.239753636349576
"theta0",66651168.884218,66651168.884218,66651168.884218,66651168.884218
"theta1",21010667.7586821,21010667.7586821,21010667.7586821,21010667.7586821
