"","AA","AB","BA","BB"
"EV",0.239673548503843,0.23967355106967,0.2396736238721,0.239673635906943
"STD",2.59245939975539e-05,2.59245156426956e-05,2.59246619013185e-05,2.59246472401147e-05
"Q.05",0.23963090743307,0.239630910127773,0.239630982689642,0.239630994748599
"Q.95",0.239716191757966,0.239716194194904,0.239716267237921,0.239716279248647
"theta0",206154885.578527,206154885.578527,206154885.578527,206154885.578527
"theta1",64985091.7012557,64985091.7012557,64985091.7012557,64985091.7012557
