"","AA","AB","BA","BB"
"EV",0.275535400280178,0.275535400279097,0.275535400330178,0.275535400297186
"STD",7.30395651546402e-07,7.30395650899402e-07,7.3039565256054e-07,7.30395652224051e-07
"Q.05",0.275534198886924,0.275534198885844,0.275534198936922,0.275534198903931
"Q.95",0.275536601674797,0.275536601673715,0.275536601724798,0.275536601691806
"theta0",271078692399.306,271078692399.306,271078692399.306,271078692399.306
"theta1",103099276421.2,103099276421.2,103099276421.2,103099276421.2
