"","AA","AB","BA","BB"
"EV",0.23969264636007,0.239692659772912,0.2396926427809,0.239692702129167
"STD",2.13901860456924e-05,2.139018100463e-05,2.13901811836098e-05,2.1390176122894e-05
"Q.05",0.239657463378073,0.239657476799207,0.239657459806901,0.239657519163491
"Q.95",0.239727830828252,0.239727844232802,0.239727827241085,0.239727886581026
"theta0",302832537.786005,302832537.786005,302832537.786005,302832537.786005
"theta1",95470257.6498428,95470257.6498428,95470257.6498428,95470257.6498428
