"","AA","AB","BA","BB"
"EV",0.239661128153208,0.239661065902812,0.239661389835276,0.239661072020981
"STD",4.18592137823272e-05,4.1859277680097e-05,4.18592447268758e-05,4.1859280259758e-05
"Q.05",0.239592278720013,0.239592216364525,0.239592540351181,0.23959222247845
"Q.95",0.239729983279097,0.239729921133814,0.239730245012064,0.239729927256226
"theta0",79072003.3796788,79072003.3796788,79072003.3796788,79072003.3796788
"theta1",24923741.1658483,24923741.1658483,24923741.1658483,24923741.1658483
