"","AA","AB","BA","BB"
"EV",0.275500453170558,0.275500434720852,0.275500463736364,0.275500403819415
"STD",1.78670343400594e-05,1.78670265253291e-05,1.78670283086001e-05,1.78670181603356e-05
"Q.05",0.275471064922578,0.275471046485726,0.275471075498305,0.275471015598048
"Q.95",0.275529842235048,0.275529823772487,0.275529852790933,0.275529792857291
"theta0",452994492.142091,452994492.142091,452994492.142091,452994492.142091
"theta1",172257083.481305,172257083.481305,172257083.481305,172257083.481305
