"","AA","AB","BA","BB"
"EV",0.239667742450173,0.239667760394169,0.239667762888561,0.239667745435246
"STD",1.36844577707893e-05,1.36844644427948e-05,1.36844749191041e-05,1.36844759279223e-05
"Q.05",0.239645233824366,0.239645251757388,0.239645254234549,0.239645236779574
"Q.95",0.239690251684356,0.239690269639327,0.239690272150951,0.239690254699295
"theta0",739877631.243645,739877631.243645,739877631.243645,739877631.243645
"theta1",233220161.135657,233220161.135657,233220161.135657,233220161.135657
