"","AA","AB","BA","BB"
"EV",0.415630413874283,0.41563043315914,0.415630468079819,0.415630442123757
"STD",1.79091235588574e-05,1.79091453184662e-05,1.79091461742583e-05,1.79091544439865e-05
"Q.05",0.41560095611412,0.415600975363186,0.415601010282458,0.415600984312794
"Q.95",0.415659871887807,0.415659891208456,0.415659926130543,0.415659900188084
"theta0",442519155.487302,442519155.487302,442519155.487302,442519155.487302
"theta1",314739923.721397,314739923.721397,314739923.721397,314739923.721397
