"","AA","AB","BA","BB"
"EV",0.424950709794774,0.419467941879256,0.410760239198252,0.414110358248993
"STD",0.00761547617460743,0.00851882674226966,0.00657098684987073,0.0078666844898895
"Q.05",0.412444439751023,0.405482765694831,0.399969922415646,0.401195538198884
"Q.95",0.437497498664189,0.4335077194305,0.421586768559665,0.427075016660629
"theta0",1611.43142697903,1611.43142697903,1611.43142697903,1611.43142697903
"theta1",1154.13168411447,1154.13168411447,1154.13168411447,1154.13168411447
