"","AA","AB","BA","BB"
"EV",0.275513799021694,0.275513731646089,0.275513677918037,0.27551369548815
"STD",2.67704788125491e-05,2.67706109627532e-05,2.67705378341754e-05,2.67706196300362e-05
"Q.05",0.275469766418963,0.275469698826,0.275469645218229,0.275469662653805
"Q.95",0.275557833457288,0.275557766299061,0.275557712450718,0.275557730155378
"theta0",201783774.276909,201783774.276909,201783774.276909,201783774.276909
"theta1",76736028.7085616,76736028.7085616,76736028.7085616,76736028.7085616
