"","AA","AB","BA","BB"
"EV",0.239701123087655,0.239701070470514,0.239701069204865,0.239701070913159
"STD",2.22466258330206e-05,2.22465812672679e-05,2.22466727845911e-05,2.22466658610057e-05
"Q.05",0.239664531448221,0.23966447890438,0.239664477488205,0.239664479207887
"Q.95",0.239737716334578,0.239737663644129,0.239737662529019,0.239737664225925
"theta0",279967904.335846,279967904.335846,279967904.335846,279967904.335846
"theta1",88266086.6243401,88266086.6243401,88266086.6243401,88266086.6243401
