"","AA","AB","BA","BB"
"EV",0.987943684500288,0.987943684500288,0.987943684500288,0.987943684500288
"STD",1.5946067840452e-11,1.5946067840452e-11,1.5946067840452e-11,1.5946067840452e-11
"Q.05",5.562684646268e-309,5.562684646268e-309,5.562684646268e-309,5.562684646268e-309
"Q.95",1,1,0.987943684526512,0.987943684526512
"theta0",564747326121456512,564747326121456512,564747326121456512,564747326121456512
"theta1",46277700197334073344,46277700197334073344,46277700197334073344,46277700197334073344
