"","AA","AB","BA","BB"
"EV",0.415675237935039,0.415675233300217,0.415675237218889,0.41567523757473
"STD",5.30836886620363e-06,5.30836845397248e-06,5.30836920329334e-06,5.30836907954744e-06
"Q.05",0.415666506456379,0.415666501822236,0.415666505739675,0.41566650609572
"Q.95",0.415683969435945,0.415683964800445,0.41568396872035,0.415683969075987
"theta0",5036634872.62183,5036634872.62183,5036634872.62183,5036634872.62183
"theta1",3582946543.95551,3582946543.95551,3582946543.95551,3582946543.95551
