"","AA","AB","BA","BB"
"EV",0.275504536399814,0.275504521685543,0.275504530966697,0.275504530908551
"STD",1.06083991382998e-05,1.06084020878926e-05,1.06084064153514e-05,1.06084069888499e-05
"Q.05",0.275487087279933,0.27548707256081,0.275487081834847,0.275487081775758
"Q.95",0.27552198580753,0.27552197109811,0.275521980386383,0.27552198032918
"theta0",1284989711.15814,1284989711.15814,1284989711.15814,1284989711.15814
"theta1",488644168.353728,488644168.353728,488644168.353728,488644168.353728
