"","AA","AB","BA","BB"
"EV",0.275495839319881,0.275495933719353,0.275495876967376,0.275495847189342
"STD",2.35035617197008e-05,2.3503527039478e-05,2.3503561251347e-05,2.35035237762008e-05
"Q.05",0.275457180107637,0.275457274564151,0.275457217755903,0.275457188039507
"Q.95",0.275534499945109,0.275534594287535,0.275534537591834,0.275534507752156
"theta0",261775096.02378,261775096.02378,261775096.02378,261775096.02378
"theta1",99541129.4175295,99541129.4175295,99541129.4175295,99541129.4175295
