"","AA","AB","BA","BB"
"EV",0.415660419540202,0.415660359566396,0.415660346644306,0.415660354147822
"STD",2.78237534805897e-05,2.78239284075992e-05,2.78239269968159e-05,2.78239518568678e-05
"Q.05",0.41561465384402,0.415614593582488,0.415614580662719,0.415614588125344
"Q.95",0.415706185847693,0.41570612616162,0.41570611323721,0.415706120781617
"theta0",183329145.12995,183329145.12995,183329145.12995,183329145.12995
"theta1",130408167.408908,130408167.408908,130408167.408908,130408167.408908
