"","AA","AB","BA","BB"
"EV",0.415651838558154,0.415651861311495,0.415651841675234,0.415651853119664
"STD",1.37077783911278e-05,1.37077659010339e-05,1.37077847847191e-05,1.37077828720182e-05
"Q.05",0.415629291343345,0.41562931411723,0.415629294449908,0.415629305897485
"Q.95",0.415674385921355,0.415674408654152,0.415674389048951,0.415674400490236
"theta0",755332957.434872,755332957.434872,755332957.434872,755332957.434872
"theta1",537274806.792615,537274806.792615,537274806.792615,537274806.792615
