"","AA","AB","BA","BB"
"EV",0.274564126627181,0.276316308748655,0.277111744818306,0.272764900080485
"STD",0.00419782782224342,0.00440743232075841,0.00410116498641943,0.00433863025832141
"Q.05",0.267682024523304,0.269091470655655,0.270387235523421,0.265653044330636
"Q.95",0.281491590296085,0.2835905681844,0.283878817021479,0.279925799172634
"theta0",6887.87342159931,6887.87342159931,6887.87342159931,6887.87342159931
"theta1",2615.12269210227,2615.12269210227,2615.12269210227,2615.12269210227
