"","AA","AB","BA","BB"
"EV",0.239677827079187,0.239677921168337,0.23967789031066,0.239677859833951
"STD",2.66042518189764e-05,2.66043668888958e-05,2.66042991191931e-05,2.66043760277092e-05
"Q.05",0.239634068128741,0.239634162028628,0.239634131282416,0.23963410067921
"Q.95",0.2397215883289,0.239721682607332,0.239721651638178,0.239721621287979
"theta0",195756512.412368,195756512.412368,195756512.412368,195756512.412368
"theta1",61708719.5948322,61708719.5948322,61708719.5948322,61708719.5948322
