"","AA","AB","BA","BB"
"EV",0.274659070297702,0.279627218797095,0.275674200652252,0.273332280311981
"STD",0.00481074946891275,0.00499419783623334,0.00555272342844292,0.00477776364512657
"Q.05",0.266775905566568,0.271443568175795,0.266580243473945,0.265503228458443
"Q.95",0.28260177462432,0.287872932629487,0.284846946249313,0.281220582091363
"theta0",4676.13001529637,4676.13001529637,4676.13001529637,4676.13001529637
"theta1",1781.03629732126,1781.03629732126,1781.03629732126,1781.03629732126
