"","AA","AB","BA","BB"
"EV",0.415658529475716,0.415658687871469,0.415658719439115,0.415658543049065
"STD",3.95751954700859e-05,3.95750734968411e-05,3.9575139897142e-05,3.95749292396268e-05
"Q.05",0.415593434690265,0.415593593286641,0.41559362474507,0.415593448701515
"Q.95",0.415723625497927,0.415723783693047,0.415723815369914,0.415723638633358
"theta0",90619601.7318862,90619601.7318862,90619601.7318862,90619601.7318862
"theta1",64460296.4723894,64460296.4723894,64460296.4723894,64460296.4723894
