"","AA","AB","BA","BB"
"EV",0.23968400725581,0.23968400725581,0.23968400725581,0.23968400725581
"STD",1.11652913812166e-10,1.11652913812166e-10,1.11652913812166e-10,1.11652913812166e-10
"Q.05",0.239684007072197,5.562684646268e-309,0.239684007072197,5.562684646268e-309
"Q.95",0.239684007439422,1,0.239684007439422,1
"theta0",1.1114429761875e+19,1.1114429761875e+19,1.1114429761875e+19,1.1114429761875e+19
"theta1",3503741982428251648,3503741982428251648,3503741982428251648,3503741982428251648
