"","AA","AB","BA","BB"
"EV",0.27548384258196,0.275483834479998,0.275483832248415,0.275483831567918
"STD",1.0731317172548e-05,1.07313208052901e-05,1.07313160261659e-05,1.073132030885e-05
"Q.05",0.275466191283279,0.275466183175343,0.275466180951621,0.275466180264079
"Q.95",0.275501494175225,0.275501486079239,0.275501483839795,0.275501483166342
"theta0",1255699513.19511,1255699513.19511,1255699513.19511,1255699513.19511
"theta1",477456452.412193,477456452.412193,477456452.412193,477456452.412193
