"","AA","AB","BA","BB"
"EV",0.430684727172398,0.402697687908466,0.410300868944407,0.421122802417056
"STD",0.0109560833888386,0.00973187762817771,0.00952712697045587,0.0083604355031129
"Q.05",0.412701620820413,0.386733418123426,0.394668083581987,0.407396594262223
"Q.95",0.44874505807742,0.418749135627045,0.426010219346981,0.434900463098603
"theta0",686.363116584703,686.363116584703,686.363116584703,686.363116584703
"theta1",489.323049345165,489.323049345165,489.323049345165,489.323049345165
