"","AA","AB","BA","BB"
"EV",0.275510376243811,0.275510476482365,0.275510402219768,0.275510262668101
"STD",3.24335776419074e-05,3.24335177131077e-05,3.2433729947673e-05,3.24337157124028e-05
"Q.05",0.275457029101207,0.275457129438329,0.275457054826656,0.275456915298404
"Q.95",0.275563726076819,0.275563826216793,0.275563752303309,0.275563612728227
"theta0",137469892.124388,137469892.124388,137469892.124388,137469892.124388
"theta1",52277328.8561995,52277328.8561995,52277328.8561995,52277328.8561995
