"","AA","AB","BA","BB"
"EV",0.275485278118368,0.275485275662713,0.275485274757906,0.275485275187386
"STD",7.28002445681063e-06,7.28002693039336e-06,7.2800253146488e-06,7.28002709564678e-06
"Q.05",0.275473303611522,0.275473301151798,0.275473300249649,0.2754733006762
"Q.95",0.275497252760785,0.275497250309199,0.275497249401735,0.275497249834144
"theta0",2728517822.85388,2728517822.85388,2728517822.85388,2728517822.85388
"theta1",1037475789.40492,1037475789.40492,1037475789.40492,1037475789.40492
