"","AA","AB","BA","BB"
"EV",0.415618441513393,0.415618441513285,0.415618441492217,0.415618441519078
"STD",4.73668790746573e-07,4.73668790997055e-07,4.73668791318473e-07,4.73668791410842e-07
"Q.05",0.415617662397653,0.415617662397544,0.415617662376476,0.415617662403338
"Q.95",0.41561922062931,0.415619220629202,0.415619220608135,0.415619220634997
"theta0",632613231756.902,632613231756.902,632613231756.902,632613231756.902
"theta1",449921325615.034,449921325615.034,449921325615.034,449921325615.034
