"","AA","AB","BA","BB"
"EV",0.257851883653312,0.265370419619021,0.28917048559773,0.265678922621849
"STD",0.0091382735807898,0.0118745550672732,0.00730155856344533,0.0101826704285556
"Q.05",0.242941465105283,0.246032550319441,0.277222781939088,0.249072174092635
"Q.95",0.273002754739066,0.285094622702011,0.301242587108792,0.282569093837948
"theta0",616.940089276982,616.940089276982,616.940089276982,616.940089276982
"theta1",227.627052017048,227.627052017048,227.627052017048,227.627052017048
