"","AA","AB","BA","BB"
"EV",0.415633664525343,0.415633656871467,0.41563366921544,0.41563367571157
"STD",1.01569903401223e-05,1.01569877440199e-05,1.01569899209362e-05,1.01569868937248e-05
"Q.05",0.415616957803687,0.415616950154082,0.415616962494474,0.415616968995584
"Q.95",0.415650371328488,0.415650363670343,0.415650376017896,0.415650382509047
"theta0",1375785963.56587,1375785963.56587,1375785963.56587,1375785963.56587
"theta1",978535093.022359,978535093.022359,978535093.022359,978535093.022359
