"","AA","AB","BA","BB"
"EV",0.414670358272212,0.415703628256103,0.416304912750875,0.415668736457747
"STD",0.00269163543391426,0.00274859721681577,0.0026558915093646,0.00273954664535177
"Q.05",0.410245900276355,0.411185561072746,0.411939114953649,0.411165537919123
"Q.95",0.419100608558009,0.420227658048398,0.420676235696114,0.420177860996143
"theta0",18472.1419478357,18472.1419478357,18472.1419478357,18472.1419478357
"theta1",13135.8813216386,13135.8813216386,13135.8813216386,13135.8813216386
