"","AA","AB","BA","BB"
"EV",0.275493502875638,0.275493499641504,0.275493516553277,0.275493497050057
"STD",1.82042002808887e-05,1.82042546343785e-05,1.82042530160473e-05,1.82042634372216e-05
"Q.05",0.275463560054611,0.275463556731076,0.275463573645511,0.27546355412515
"Q.95",0.275523446544322,0.275523443399594,0.275523460308705,0.275523440822627
"theta0",436364691.38784,436364691.38784,436364691.38784,436364691.38784
"theta1",165927619.036889,165927619.036889,165927619.036889,165927619.036889
