"","AA","AB","BA","BB"
"EV",0.275510734949851,0.275510772361547,0.27551061150142,0.275510774304577
"STD",3.24942418703224e-05,3.24943858206309e-05,3.2494201691903e-05,3.24943803911122e-05
"Q.05",0.275457288028504,0.275457325203435,0.275457164646158,0.275457327155395
"Q.95",0.275564184571669,0.275564222220153,0.275564061057148,0.275564224154252
"theta0",136957092.815074,136957092.815074,136957092.815074,136957092.815074
"theta1",52082410.2242062,52082410.2242062,52082410.2242062,52082410.2242062
