"","AA","AB","BA","BB"
"EV",0.274543990343915,0.274528480620929,0.27710199988656,0.276312129860078
"STD",0.0034823537419613,0.00348335321232342,0.00352623644014109,0.00353158031489021
"Q.05",0.268831654697759,0.268814511600124,0.271317606654885,0.270519078808931
"Q.95",0.280287545447694,0.280273690270129,0.282917860017188,0.282136910989511
"theta0",10675.1178891266,10675.1178891266,10675.1178891266,10675.1178891266
"theta1",4061.81848543688,4061.81848543688,4061.81848543688,4061.81848543688
