"","AA","AB","BA","BB"
"EV",0.275519211408584,0.275519234666772,0.275519226001551,0.275519223026945
"STD",1.37163011744682e-05,1.37163108866738e-05,1.3716289046857e-05,1.37163088454848e-05
"Q.05",0.275496650341422,0.275496673583635,0.275496664954337,0.275496661947166
"Q.95",0.27554177295689,0.275541796231054,0.275541787529909,0.27554178458787
"theta0",768654037.734785,768654037.734785,768654037.734785,768654037.734785
"theta1",292318265.446708,292318265.446708,292318265.446708,292318265.446708
