"","AA","AB","BA","BB"
"EV",0.239672004535462,0.239672004696708,0.239672004813604,0.23967200472193
"STD",1.10567036354402e-06,1.10567036746668e-06,1.10567036058613e-06,1.10567036660529e-06
"Q.05",0.23967018587154,0.239670186032779,0.239670186149687,0.239670186058003
"Q.95",0.239673823203356,0.239673823364608,0.239673823481493,0.239673823389829
"theta0",113336012433.989,113336012433.989,113336012433.989,113336012433.989
"theta1",35725988614.7328,35725988614.7328,35725988614.7328,35725988614.7328
