"","AA","AB","BA","BB"
"EV",0.239659655040071,0.239659687475747,0.239659647472611,0.239659660823615
"STD",1.91281149115972e-05,1.91280890473895e-05,1.9128115204087e-05,1.9128090220189e-05
"Q.05",0.239628192685255,0.239628225163472,0.239628185117314,0.239628198509411
"Q.95",0.23969111858362,0.239691150976751,0.239691111016641,0.239691124326548
"theta0",378674374.893963,378674374.893963,378674374.893963,378674374.893963
"theta1",119358356.365811,119358356.365811,119358356.365811,119358356.365811
