"","AA","AB","BA","BB"
"EV",0.275507055181863,0.275507054490132,0.275507055824794,0.275507056538785
"STD",3.7733440590578e-06,3.77334420281501e-06,3.77334437051417e-06,3.77334440920811e-06
"Q.05",0.275500848601409,0.275500847909442,0.275500849243828,0.275500849957755
"Q.95",0.275513261798732,0.275513261107237,0.275513262442175,0.27551326315623
"theta0",10156595111.1854,10156595111.1854,10156595111.1854,10156595111.1854
"theta1",3862306229.983,3862306229.983,3862306229.983,3862306229.983
