"","AA","AB","BA","BB"
"EV",0.273092441716058,0.278281544753542,0.274454043394532,0.27073261501859
"STD",0.00544598909918647,0.00484405341876568,0.00581385945365724,0.00552059286424803
"Q.05",0.264173209070852,0.270343284927895,0.264934716319224,0.261692372013075
"Q.95",0.282088784494298,0.286278722099722,0.284060454904092,0.279853356426921
"theta0",3917.62787168434,3917.62787168434,3917.62787168434,3917.62787168434
"theta1",1479.59566657214,1479.59566657214,1479.59566657214,1479.59566657214
