"","AA","AB","BA","BB"
"EV",0.275501642773208,0.275501641886156,0.275501641768178,0.275501642121213
"STD",3.51543394953251e-06,3.51543395103129e-06,3.51543378666813e-06,3.51543381559778e-06
"Q.05",0.275495860414731,0.275495859527676,0.275495859409969,0.275495859762955
"Q.95",0.275507425163295,0.275507424276245,0.275507424157997,0.275507424511079
"theta0",11701488101.8354,11701488101.8354,11701488101.8354,11701488101.8354
"theta1",4449670799.82631,4449670799.82631,4449670799.82631,4449670799.82631
