"","AA","AB","BA","BB"
"EV",0.403630416942684,0.41928431140625,0.424565705188159,0.41252618871826
"STD",0.00857855780174087,0.00945796876632309,0.00789462225895293,0.00865942925949767
"Q.05",0.389553222824509,0.403760726641865,0.411601889778467,0.398313226542165
"Q.95",0.41777464181346,0.434875368840556,0.437573299261915,0.426800728689296
"theta0",1040.08480353024,1040.08480353024,1040.08480353024,1040.08480353024
"theta1",737.841864313951,737.841864313951,737.841864313951,737.841864313951
