"","AA","AB","BA","BB"
"EV",0.239656561992702,0.239656574903169,0.239656579290033,0.239656560402609
"STD",1.3602709769415e-05,1.36027037010378e-05,1.36027182619601e-05,1.3602716292622e-05
"Q.05",0.239634187826791,0.239634200747238,0.239634205110153,0.239634186225968
"Q.95",0.239678936759787,0.239678949660272,0.239678954071087,0.239678935180424
"theta0",748785217.834878,748785217.834878,748785217.834878,748785217.834878
"theta1",236013476.312233,236013476.312233,236013476.312233,236013476.312233
