"","AA","AB","BA","BB"
"EV",0.415655490416823,0.415655899432962,0.415655648226852,0.415655760431632
"STD",4.36889024251168e-05,4.3688617490038e-05,4.36889758886624e-05,4.36888030081743e-05
"Q.05",0.415583629320825,0.415584038805627,0.415583787010018,0.415583899499155
"Q.95",0.415727353020115,0.415727761567565,0.415727510950982,0.415727622871392
"theta0",74357622.2725266,74357622.2725266,74357622.2725266,74357622.2725266
"theta1",52892052.6575163,52892052.6575163,52892052.6575163,52892052.6575163
