"","AA","AB","BA","BB"
"EV",0.41566765078235,0.415667644429573,0.415667680188848,0.415667686919425
"STD",2.41432744857446e-05,2.4143329447199e-05,2.41432770498716e-05,2.41433311070504e-05
"Q.05",0.415627938859858,0.415627932416679,0.415627968262139,0.415627974903801
"Q.95",0.415707363165079,0.415707356902706,0.415707392575794,0.415707399395289
"theta0",243484398.079404,243484398.079404,243484398.079404,243484398.079404
"theta1",173203818.115567,173203818.115567,173203818.115567,173203818.115567
