"","AA","AB","BA","BB"
"EV",0.415862443136173,0.415862443282057,0.415862443170312,0.415862443213043
"STD",1.32842970912569e-06,1.32842970970429e-06,1.32842971744568e-06,1.32842971767282e-06
"Q.05",0.415860258064443,0.415860258210326,0.415860258098568,0.415860258141298
"Q.95",0.415864628209293,0.415864628355178,0.415864628243445,0.415864628286177
"theta0",80408654231.8881,80408654231.8881,80408654231.8881,80408654231.8881
"theta1",57244974260.5904,57244974260.5904,57244974260.5904,57244974260.5904
