"","AA","AB","BA","BB"
"EV",0.416160680935271,0.411619576152716,0.411087677320912,0.424593833573195
"STD",0.00732310786669564,0.00754650205323472,0.00735548799981385,0.00760731448145334
"Q.05",0.404136129247014,0.399230153802259,0.399011420165317,0.412101046373226
"Q.95",0.428227327843699,0.424056275658597,0.423209135697399,0.437127253957906
"theta0",1671.60609908509,1671.60609908509,1671.60609908509,1671.60609908509
"theta1",1190.07529222916,1190.07529222916,1190.07529222916,1190.07529222916
