"","AA","AB","BA","BB"
"EV",0.239683881724864,0.23968385889719,0.239683877467904,0.239683793377132
"STD",3.0166140875023e-05,3.01660473265008e-05,3.01661341389603e-05,3.01660161840775e-05
"Q.05",0.239634264316676,0.239634241642867,0.239634260070795,0.239634176174031
"Q.95",0.239733502089083,0.239733479107527,0.239733497821043,0.239733413536242
"theta0",152260076.560537,152260076.560537,152260076.560537,152260076.560537
"theta1",47998825.145154,47998825.145154,47998825.145154,47998825.145154
