"","AA","AB","BA","BB"
"EV",0.239681101307552,0.239681108906503,0.239681107077459,0.239681112366911
"STD",1.19708424569082e-05,1.19708634939744e-05,1.19708653218457e-05,1.19708617740145e-05
"Q.05",0.239661411256674,0.239661418821023,0.239661416988973,0.23966142228426
"Q.95",0.239700791823937,0.239700799457492,0.239700797631455,0.239700802915071
"theta0",966883779.078319,966883779.078319,966883779.078319,966883779.078319
"theta1",304798127.706692,304798127.706692,304798127.706692,304798127.706692
