"","AA","AB","BA","BB"
"EV",0.275508419514679,0.275508434765577,0.275508438750579,0.275508432781095
"STD",1.2288808455336e-05,1.22888229097481e-05,1.2288818092978e-05,1.22888242722855e-05
"Q.05",0.275488206416639,0.275488221643762,0.275488225636687,0.275488219657039
"Q.95",0.275528632998955,0.275528648273629,0.275528652250708,0.275528646291388
"theta0",957592673.735904,957592673.735904,957592673.735904,957592673.735904
"theta1",364151726.501149,364151726.501149,364151726.501149,364151726.501149
