"","AA","AB","BA","BB"
"EV",0.415661049014243,0.415661049976073,0.415661049613233,0.415661054401748
"STD",6.73733468510364e-06,6.73733386516168e-06,6.73733455807675e-06,6.73733360543846e-06
"Q.05",0.415649967102771,0.41564996806595,0.415649967701971,0.415649972492052
"Q.95",0.415672130961557,0.415672131922039,0.415672131560339,0.415672136347286
"theta0",3126746703.31247,3126746703.31247,3126746703.31247,3126746703.31247
"theta1",2224165994.42548,2224165994.42548,2224165994.42548,2224165994.42548
