"","AA","AB","BA","BB"
"EV",0.239671022662499,0.239671218790464,0.239670977554499,0.239671376914599
"STD",4.45679696746259e-05,4.45681939693257e-05,4.45683051614744e-05,4.45685096085802e-05
"Q.05",0.23959771810245,0.239597913861511,0.239597672442673,0.239598071466508
"Q.95",0.239744333675415,0.239744530172339,0.239744289119291,0.239744688815697
"theta0",69752616.094905,69752616.094905,69752616.094905,69752616.094905
"theta1",21987446.1105996,21987446.1105996,21987446.1105996,21987446.1105996
