"","AA","AB","BA","BB"
"EV",0.275521148166023,0.275521132179507,0.275521124845572,0.275521139461986
"STD",1.34623106639808e-05,1.34623188375016e-05,1.34623096080955e-05,1.34623191922162e-05
"Q.05",0.275499004867243,0.275498988867284,0.275498981548529,0.27549899614918
"Q.95",0.275543291928287,0.275543275955216,0.2755432686061,0.275543283238279
"theta0",797932760.865183,797932760.865183,797932760.865183,797932760.865183
"theta1",303455838.201306,303455838.201306,303455838.201306,303455838.201306
