"","AA","AB","BA","BB"
"EV",0.41572233440987,0.415722334805937,0.415722334737298,0.415722334923631
"STD",2.09706074495093e-06,2.09706074605541e-06,2.09706078368808e-06,2.09706078465894e-06
"Q.05",0.415718885053633,0.415718885449698,0.415718885380997,0.415718885567328
"Q.95",0.415725783769578,0.415725784165646,0.415725784097069,0.415725784283404
"theta0",32271554565.7413,32271554565.7413,32271554565.7413,32271554565.7413
"theta1",22961695793.6207,22961695793.6207,22961695793.6207,22961695793.6207
