"","AA","AB","BA","BB"
"EV",0.278931430347807,0.270983502438518,0.278091663510958,0.284368465097992
"STD",0.00626074789735678,0.00595369486297102,0.00804188726553123,0.00804888083590064
"Q.05",0.268682502370738,0.261237374744978,0.264945442142263,0.27120747318424
"Q.95",0.289278359852953,0.280823101107131,0.291400525541632,0.297685635063086
"theta0",1970.24850441839,1970.24850441839,1970.24850441839,1970.24850441839
"theta1",758.982738641782,758.982738641782,758.982738641782,758.982738641782
