"","AA","AB","BA","BB"
"EV",0.239682816566356,0.239682789156944,0.239682818479162,0.239682776632858
"STD",2.54899595417662e-05,2.54898966081951e-05,2.54899572484946e-05,2.54898951070435e-05
"Q.05",0.23964089036928,0.23964086306338,0.239640892285859,0.239640850541764
"Q.95",0.239724744874055,0.239724717361122,0.23972474678309,0.239724704834568
"theta0",213248987.114631,213248987.114631,213248987.114631,213248987.114631
"theta1",67224724.6271148,67224724.6271148,67224724.6271148,67224724.6271148
