"","AA","AB","BA","BB"
"EV",0.415660457333563,0.415660434075914,0.415660432848438,0.415660418801433
"STD",1.98252678546767e-05,1.98252603479344e-05,1.98253003290156e-05,1.98252991255012e-05
"Q.05",0.415627847825004,0.415627824579702,0.415627823286465,0.415627809241438
"Q.95",0.415693067152483,0.415693043882486,0.415693042720774,0.415693028671789
"theta0",361101647.566237,361101647.566237,361101647.566237,361101647.566237
"theta1",256863778.14147,256863778.14147,256863778.14147,256863778.14147
