"","AA","AB","BA","BB"
"EV",0.415610701387553,0.415610700530241,0.415610700936925,0.41561070091233
"STD",4.07451907599419e-06,4.07451881660216e-06,4.07451930735471e-06,4.0745191899281e-06
"Q.05",0.415603999406632,0.415603998549747,0.415603998955623,0.415603998931221
"Q.95",0.415617403381592,0.415617402523854,0.415617402931344,0.415617402906556
"theta0",8549455782.75409,8549455782.75409,8549455782.75409,8549455782.75409
"theta1",6080271004.61358,6080271004.61358,6080271004.61358,6080271004.61358
