"","AA","AB","BA","BB"
"EV",0.275526896305798,0.275526932338897,0.275526917811721,0.275526919113341
"STD",1.30777528921385e-05,1.30777617193961e-05,1.30777457682814e-05,1.30777624717207e-05
"Q.05",0.275505385535205,0.275505421553785,0.275505407052845,0.275505408326992
"Q.95",0.275548407513757,0.275548443561376,0.275548429007962,0.275548430337058
"theta0",845554370.502608,845554370.502608,845554370.502608,845554370.502608
"theta1",321575768.177015,321575768.177015,321575768.177015,321575768.177015
