"","AA","AB","BA","BB"
"EV",0.275675624631453,0.275675624231541,0.2756756241326,0.275675624254849
"STD",2.70096706517646e-06,2.70096715918859e-06,2.70096718202869e-06,2.70096704518595e-06
"Q.05",0.275671181945298,0.275671181545232,0.275671181446253,0.275671181568727
"Q.95",0.275680067336245,0.275680066936488,0.275680066837585,0.275680066959608
"theta0",19825582299.8985,19825582299.8985,19825582299.8985,19825582299.8985
"theta1",7545555501.92675,7545555501.92675,7545555501.92675,7545555501.92675
