"","AA","AB","BA","BB"
"EV",0.415754621429021,0.415754621420285,0.415754621473869,0.415754621451306
"STD",5.28184957484146e-07,5.28184957628745e-07,5.28184956977331e-07,5.28184957326561e-07
"Q.05",0.415753752642188,0.415753752633452,0.415753752687037,0.415753752664473
"Q.95",0.415755490216074,0.415755490207338,0.415755490260922,0.415755490238358
"theta0",508692810229.766,508692810229.766,508692810229.766,508692810229.766
"theta1",361990688348.945,361990688348.945,361990688348.945,361990688348.945
