"","AA","AB","BA","BB"
"EV",0.241731373087446,0.243400889715824,0.237816643357315,0.239833603970003
"STD",0.00474362627716171,0.00486466806757954,0.00431041227959287,0.00456076484083118
"Q.05",0.233964954770553,0.235436822209917,0.230757285833466,0.232365658108626
"Q.95",0.249569904795827,0.251439956441612,0.244937124276535,0.247369061947354
"theta0",5393.96666982347,5393.96666982347,5393.96666982347,5393.96666982347
"theta1",1709.86017731932,1709.86017731932,1709.86017731932,1709.86017731932
