"","AA","AB","BA","BB"
"EV",0.23966365492977,0.239663517174939,0.239663596539833,0.239663613301834
"STD",3.59684905005336e-05,3.59686211911278e-05,3.59688762971756e-05,3.59687553468445e-05
"Q.05",0.239604494129323,0.239604356159543,0.239604435104853,0.239604452065785
"Q.95",0.239722819933347,0.239722682393501,0.239722762178035,0.239722778741076
"theta0",107092695.163081,107092695.163081,107092695.163081,107092695.163081
"theta1",33756400.7243933,33756400.7243933,33756400.7243933,33756400.7243933
