"","AA","AB","BA","BB"
"EV",0.239700597159164,0.239700600201652,0.239700609778283,0.239700601343742
"STD",8.16785237966966e-06,8.16785505532706e-06,8.1678533655787e-06,8.16785526898045e-06
"Q.05",0.239687162345898,0.239687165383985,0.239687174963395,0.239687166525724
"Q.95",0.23971403218912,0.239714035236009,0.239714044809859,0.23971403637845
"theta0",2076931839.33998,2076931839.33998,2076931839.33998,2076931839.33998
"theta1",654797062.684564,654797062.684564,654797062.684564,654797062.684564
