"","AA","AB","BA","BB"
"EV",0.275505425237964,0.275505575634492,0.275505580722857,0.27550558746508
"STD",2.94432356180569e-05,2.94431588216491e-05,2.94433261250145e-05,2.94433076781428e-05
"Q.05",0.275456996533699,0.275457147056539,0.275457151869728,0.275457158642292
"Q.95",0.275553856159471,0.275554006429673,0.275554011793241,0.27555401850512
"theta0",166811477.350736,166811477.350736,166811477.350736,166811477.350736
"theta1",63433869.008405,63433869.008405,63433869.008405,63433869.008405
