"","AA","AB","BA","BB"
"EV",0.275517470127898,0.275517519656374,0.275517527169437,0.275517545868323
"STD",2.51605683156923e-05,2.51606500327999e-05,2.51605476266268e-05,2.51606480613874e-05
"Q.05",0.275476085485356,0.275476134879424,0.275476142560924,0.275476161094616
"Q.95",0.275558856389444,0.275558906052338,0.275558913396951,0.275558932261044
"theta0",228434033.627921,228434033.627921,228434033.627921,228434033.627921
"theta1",86872462.5313793,86872462.5313793,86872462.5313793,86872462.5313793
