"","AA","AB","BA","BB"
"EV",0.239653794781682,0.239653795631153,0.239653801188794,0.239653802164124
"STD",1.01651962306588e-05,1.01652004221646e-05,1.01651991655465e-05,1.01651898558534e-05
"Q.05",0.239637074689658,0.239637075532235,0.239637081091943,0.239637082082586
"Q.95",0.239670515209434,0.239670516065799,0.239670521621373,0.239670522581391
"theta0",1340834442.21314,1340834442.21314,1340834442.21314,1340834442.21314
"theta1",422618100.106241,422618100.106241,422618100.106241,422618100.106241
