"","AA","AB","BA","BB"
"EV",0.23968380446657,0.239683772894437,0.239683780386667,0.239683783506351
"STD",1.74440613690864e-05,1.74440618639968e-05,1.74440948925493e-05,1.74440955091565e-05
"Q.05",0.2396551120332,0.239655080460253,0.239655087898158,0.239655091016828
"Q.95",0.239712497888413,0.239712466317095,0.239712473863654,0.239712476984352
"theta0",455333921.697774,455333921.697774,455333921.697774,455333921.697774
"theta1",143540484.655528,143540484.655528,143540484.655528,143540484.655528
