"","AA","AB","BA","BB"
"EV",0.415657455714264,0.415657489649333,0.415657496969733,0.415657480315834
"STD",1.94042423374246e-05,1.94042628254229e-05,1.94042297559513e-05,1.94042531367064e-05
"Q.05",0.415625538724539,0.415625572625908,0.415625580000702,0.415625563308345
"Q.95",0.415689373001319,0.415689406970088,0.415689414236093,0.415689397620652
"theta0",376943252.694524,376943252.694524,376943252.694524,376943252.694524
"theta1",268129183.796129,268129183.796129,268129183.796129,268129183.796129
