"","AA","AB","BA","BB"
"EV",0.275492204985751,0.27549219245005,0.275492207815026,0.27549220438002
"STD",1.48588318067035e-05,1.48588343913459e-05,1.4858819461105e-05,1.4858825575479e-05
"Q.05",0.275467764664733,0.275467752124782,0.275467767514315,0.275467764069252
"Q.95",0.27551664587151,0.275516633340061,0.275516648680478,0.27551664525553
"theta0",654976343.764233,654976343.764233,654976343.764233,654976343.764233
"theta1",249053048.226441,249053048.226441,249053048.226441,249053048.226441
