"","AA","AB","BA","BB"
"EV",0.275499629743392,0.275499621854529,0.275499636631413,0.275499637315774
"STD",1.75845970723517e-05,1.75846237088075e-05,1.75846270930425e-05,1.75846364233679e-05
"Q.05",0.275470706050573,0.275470698117898,0.275470712889216,0.27547071355823
"Q.95",0.275528554227115,0.275528546382066,0.275528561164517,0.275528561864225
"theta0",467661049.923089,467661049.923089,467661049.923089,467661049.923089
"theta1",177833514.578983,177833514.578983,177833514.578983,177833514.578983
