"","AA","AB","BA","BB"
"EV",0.239691292187283,0.239691297659867,0.239691277496361,0.23969128749341
"STD",1.46857463595832e-05,1.46857547993333e-05,1.46857261689128e-05,1.46857498152992e-05
"Q.05",0.239667136634398,0.2396671420931,0.239667121976685,0.239667131934841
"Q.95",0.23971544844072,0.239715453927186,0.239715433716586,0.239715443752531
"theta0",642450223.457636,642450223.457636,642450223.457636,642450223.457636
"theta1",202535785.438198,202535785.438198,202535785.438198,202535785.438198
