"","AA","AB","BA","BB"
"EV",0.275503139751575,0.275503223003508,0.275503174201345,0.27550318488381
"STD",2.16599726886279e-05,2.1660045254158e-05,2.16600345702906e-05,2.16600573333708e-05
"Q.05",0.275467512866919,0.275467595999497,0.275467547214907,0.27546755785993
"Q.95",0.275538767836184,0.275538851207481,0.275538802387745,0.275538813107652
"theta0",308233642.111097,308233642.111097,308233642.111097,308233642.111097
"theta1",117211485.872994,117211485.872994,117211485.872994,117211485.872994
