"","AA","AB","BA","BB"
"EV",0.275498668149743,0.275498106285585,0.275498564881095,0.275498488612731
"STD",5.09861499647124e-05,5.09857741033529e-05,5.09867406980002e-05,5.09866991363499e-05
"Q.05",0.275414806720676,0.275414245474718,0.275414702480437,0.275414626280432
"Q.95",0.275582536227961,0.275581973745529,0.275582433931062,0.275582357594331
"theta0",55626479.7613439,55626479.7613439,55626479.7613439,55626479.7613439
"theta1",21152486.8155164,21152486.8155164,21152486.8155164,21152486.8155164
