"","AA","AB","BA","BB"
"EV",0.239677811265734,0.239677314440094,0.239677653154053,0.239677632522873
"STD",4.64666749941606e-05,4.64669935475492e-05,4.64673004008058e-05,4.64673854719407e-05
"Q.05",0.239601383893969,0.239600886544415,0.239601224753684,0.239601203982587
"Q.95",0.239754245651574,0.239753749349968,0.239754088568694,0.239754068077456
"theta0",64168861.4733907,64168861.4733907,64168861.4733907,64168861.4733907
"theta1",20228049.2550956,20228049.2550956,20228049.2550956,20228049.2550956
