"","AA","AB","BA","BB"
"EV",0.415603880679657,0.415603880695701,0.415603880561525,0.415603880635168
"STD",1.01480445372258e-06,1.01480446141965e-06,1.01480446048379e-06,1.01480446246327e-06
"Q.05",0.415602211475277,0.415602211491308,0.415602211357134,0.415602211430775
"Q.95",0.41560554988485,0.415605549900906,0.415605549766729,0.415605549840376
"theta0",137825476915.499,137825476915.499,137825476915.499,137825476915.499
"theta1",98017083208.048,98017083208.048,98017083208.048,98017083208.048
