"","AA","AB","BA","BB"
"EV",0.27549396756669,0.275494009795825,0.275494114010232,0.275494431812935
"STD",5.1113953261108e-05,5.11134993969361e-05,5.11145119904283e-05,5.11144650267047e-05
"Q.05",0.275409895936701,0.275409938912316,0.275410041461285,0.275410359341223
"Q.95",0.275578045879417,0.275578087361951,0.275578193242056,0.275578510967498
"theta0",55348522.2874813,55348522.2874813,55348522.2874813,55348522.2874813
"theta1",21046334.715829,21046334.715829,21046334.715829,21046334.715829
