"","AA","AB","BA","BB"
"EV",0.415642935971358,0.415642928022913,0.415642925279601,0.415642925176636
"STD",1.19453776005003e-05,1.19453785254535e-05,1.1945376524526e-05,1.19453776960711e-05
"Q.05",0.415623287630036,0.415623279680069,0.415623276940049,0.415623276835156
"Q.95",0.41566258442538,0.415662576478456,0.415662573731854,0.415662573630815
"theta0",994665042.431672,994665042.431672,994665042.431672,994665042.431672
"theta1",707487786.912815,707487786.912815,707487786.912815,707487786.912815
