"","AA","AB","BA","BB"
"EV",0.275499195224083,0.275499191892687,0.275499194700232,0.275499191632149
"STD",5.80152848009909e-06,5.80152850140551e-06,5.80152913164676e-06,5.80152914146446e-06
"Q.05",0.275489652601965,0.275489649270534,0.275489652077042,0.275489649008943
"Q.95",0.27550873793229,0.275508734600929,0.27550873740951,0.275508734341444
"theta0",4296482634.10642,4296482634.10642,4296482634.10642,4296482634.10642
"theta1",1633783550.1948,1633783550.1948,1633783550.1948,1633783550.1948
