"","AA","AB","BA","BB"
"EV",0.275498529741803,0.275498550264833,0.275498574785394,0.275498542137248
"STD",1.67501774115492e-05,1.67501795758541e-05,1.67501745871414e-05,1.67501757143848e-05
"Q.05",0.275470978510552,0.275470999030022,0.27547102355879,0.275470990908789
"Q.95",0.275526081690683,0.275526102217274,0.27552612672963,0.275526094083337
"theta0",515416268.455318,515416268.455318,515416268.455318,515416268.455318
"theta1",195991925.281732,195991925.281732,195991925.281732,195991925.281732
