"","AA","AB","BA","BB"
"EV",0.234254750108253,0.237975541339146,0.243332400417304,0.243162748942404
"STD",0.00568407625623612,0.00652827697650539,0.0055289735055224,0.00645920487966013
"Q.05",0.224959906673168,0.227307793650252,0.234286660480224,0.232604763850718
"Q.95",0.243658468481587,0.248783372889398,0.252475071196578,0.253853187131248
"theta0",2700.68583823715,2700.68583823715,2700.68583823715,2700.68583823715
"theta1",851.358505607059,851.358505607059,851.358505607059,851.358505607059
