"","AA","AB","BA","BB"
"EV",0.415654450881831,0.415653768701652,0.415654279947631,0.415654543922836
"STD",6.19731175516271e-05,6.19729294183826e-05,6.19736268877578e-05,6.19735791598112e-05
"Q.05",0.415552515691042,0.415551833820318,0.415552343919087,0.41555260797279
"Q.95",0.415756389105591,0.415755706615964,0.415756219009203,0.415756482905895
"theta0",36953213.5491508,36953213.5491508,36953213.5491508,36953213.5491508
"theta1",26285398.575456,26285398.575456,26285398.575456,26285398.575456
