"","AA","AB","BA","BB"
"EV",0.415657472859827,0.415657511913378,0.415657472806171,0.415657465069793
"STD",1.9404260185512e-05,1.94042439193277e-05,1.9404255733206e-05,1.940422821746e-05
"Q.05",0.415625555840744,0.415625594921051,0.415625555794412,0.415625548103293
"Q.95",0.415689390176239,0.415689429203035,0.41568939011526,0.415689382333622
"theta0",376943252.694524,376943252.694524,376943252.694524,376943252.694524
"theta1",268129183.796129,268129183.796129,268129183.796129,268129183.796129
