"","AA","AB","BA","BB"
"EV",0.240218022453779,0.240595977887385,0.242600560004951,0.234601841732215
"STD",0.0056364058223986,0.00582164802779461,0.00499722017886819,0.00526610500180495
"Q.05",0.230998554119581,0.231075126935497,0.234420758058154,0.225986637011456
"Q.95",0.249540347079001,0.25022628154947,0.25085992943392,0.243310276786673
"theta0",3600.18800368761,3600.18800368761,3600.18800368761,3600.18800368761
"theta1",1133.81242362197,1133.81242362197,1133.81242362197,1133.81242362197
