"","AA","AB","BA","BB"
"EV",0.274128951060756,0.267767266218471,0.279804228047332,0.279233334495534
"STD",0.00619490860864339,0.00715215200166729,0.00656473940972538,0.00742875565314787
"Q.05",0.263988875492168,0.256072117876734,0.26905984901824,0.267083117459735
"Q.95",0.284368119379629,0.279600249580818,0.290655729122269,0.291521266893751
"theta0",2048.87921667088,2048.87921667088,2048.87921667088,2048.87921667088
"theta1",778.07077302741,778.07077302741,778.07077302741,778.07077302741
