"","AA","AB","BA","BB"
"EV",0.275506812872078,0.275506830966007,0.275507012422054,0.275506752331152
"STD",3.43074401250346e-05,3.43075293302846e-05,3.43073163297749e-05,3.43074843183784e-05
"Q.05",0.27545038365994,0.275450401607146,0.275450583413528,0.275450323046327
"Q.95",0.275563245094551,0.275563263335216,0.275563444440888,0.275563184626321
"theta0",122862802.660284,122862802.660284,122862802.660284,122862802.660284
"theta1",46721689.6600265,46721689.6600265,46721689.6600265,46721689.6600265
