"","AA","AB","BA","BB"
"EV",0.239679185524674,0.239679186109983,0.239679187364233,0.239679188530571
"STD",4.54532133442358e-06,4.54532127174931e-06,4.54532142186042e-06,4.54532139104305e-06
"Q.05",0.239671709169949,0.23967170975536,0.239671711009363,0.239671712175752
"Q.95",0.239686661946514,0.239686662531719,0.239686663786216,0.239686664952503
"theta0",6706482874.72642,6706482874.72642,6706482874.72642,6706482874.72642
"theta1",2114113324.96655,2114113324.96655,2114113324.96655,2114113324.96655
