"","AA","AB","BA","BB"
"EV",0.239722187806821,0.239722189264554,0.239722187976308,0.239722189043095
"STD",3.56780585583993e-06,3.56780602847744e-06,3.56780579091847e-06,3.56780601426681e-06
"Q.05",0.239716319309088,0.239716320766538,0.239716319478682,0.239716320545101
"Q.95",0.239728056345893,0.23972805780391,0.239728056515273,0.239728057582427
"theta0",10885549970.7164,10885549970.7164,10885549970.7164,10885549970.7164
"theta1",3432308325.89208,3432308325.89208,3432308325.89208,3432308325.89208
