"","AA","AB","BA","BB"
"EV",0.239681835262935,0.239681986024014,0.239682031485895,0.239681999089666
"STD",3.62738892950758e-05,3.62741112202537e-05,3.62738432831039e-05,3.62741079685555e-05
"Q.05",0.239622172161753,0.239622322557821,0.239622368460388,0.239622335628821
"Q.95",0.239741502638405,0.239741653764542,0.239741698785674,0.239741666824845
"theta0",105300540.755188,105300540.755188,105300540.755188,105300540.755188
"theta1",33194846.2233135,33194846.2233135,33194846.2233135,33194846.2233135
