"","AA","AB","BA","BB"
"EV",0.415649280371521,0.415649157663728,0.41564925303402,0.415649181883991
"STD",3.04552472619985e-05,3.04553249914103e-05,3.04552560443883e-05,3.04553294926249e-05
"Q.05",0.415599186313846,0.415599063478202,0.4155991589619,0.415599087691061
"Q.95",0.415699375161706,0.415699252581769,0.415699347838651,0.415699276809436
"theta0",153019318.218161,153019318.218161,153019318.218161,153019318.218161
"theta1",108842773.835791,108842773.835791,108842773.835791,108842773.835791
