"","AA","AB","BA","BB"
"EV",0.415660801095961,0.415660942647961,0.415660828752992,0.41566090288834
"STD",3.41938297358072e-05,3.41940437570431e-05,3.41939054528552e-05,3.41940576880479e-05
"Q.05",0.415604557712713,0.415604698912685,0.415604585245202,0.415604659130149
"Q.95",0.415717045402466,0.415717187306505,0.415717073184042,0.415717147569798
"theta0",121385595.018361,121385595.018361,121385595.018361,121385595.018361
"theta1",86345820.783772,86345820.783772,86345820.783772,86345820.783772
