"","AA","AB","BA","BB"
"EV",0.24097526596932,0.21842040478132,0.251868655971665,0.244458677035249
"STD",0.00594943274653701,0.0115150553213363,0.0121737484577888,0.0162382641530911
"Q.05",0.231246523142705,0.199730964717965,0.232068076964731,0.218168440595115
"Q.95",0.250818030691243,0.237607758400682,0.272113540556893,0.271580266902955
"theta0",455.472317732356,455.472317732356,455.472317732356,455.472317732356
"theta1",142.989514029044,142.989514029044,142.989514029044,142.989514029044
