"","AA","AB","BA","BB"
"EV",0.275473619225077,0.275473618476147,0.275473603835506,0.27547361983646
"STD",1.41162223220737e-05,1.41162252839265e-05,1.41162389759163e-05,1.41162399981152e-05
"Q.05",0.275450400360476,0.275450399606675,0.275450384943513,0.275450400942785
"Q.95",0.275496838599445,0.275496837855387,0.275496823237267,0.275496839239902
"theta0",725688453.487882,725688453.487882,725688453.487882,725688453.487882
"theta1",275915447.782519,275915447.782519,275915447.782519,275915447.782519
