"","AA","AB","BA","BB"
"EV",0.272766689113201,0.282408975118688,0.281520052819193,0.278341342816134
"STD",0.00509020463712911,0.00668859385822474,0.0070697215525487,0.00757147884335003
"Q.05",0.264427857564043,0.271461944293915,0.269952915879237,0.265959482291628
"Q.95",0.281173029881572,0.293465275575029,0.293210005362721,0.290867123771001
"theta0",2470.87723483145,2470.87723483145,2470.87723483145,2470.87723483145
"theta1",954.993838171409,954.993838171409,954.993838171409,954.993838171409
