"","AA","AB","BA","BB"
"EV",0.408212438924299,0.431600002139743,0.448699071800192,0.418415626364698
"STD",0.00692188573361542,0.0130341736738017,0.0146345758234761,0.0186983953522761
"Q.05",0.396847527034946,0.410213657233863,0.424676485683924,0.387790428502969
"Q.95",0.419618761664819,0.453094179916,0.472822797581445,0.449307973653179
"theta0",330.203664441992,330.203664441992,330.203664441992,330.203664441992
"theta1",245.800676743177,245.800676743177,245.800676743177,245.800676743177
