"","AA","AB","BA","BB"
"EV",0.275498319775565,0.275498375146817,0.275498418922996,0.275498339951262
"STD",2.49410822613723e-05,2.49411455712487e-05,2.49410276006088e-05,2.49411353728674e-05
"Q.05",0.275457296141496,0.275457351408616,0.275457395378831,0.275457316229835
"Q.95",0.275539345000719,0.27553940047611,0.275539444058237,0.27553936526378
"theta0",232468758.533633,232468758.533633,232468758.533633,232468758.533633
"theta1",88398368.330686,88398368.330686,88398368.330686,88398368.330686
