"","AA","AB","BA","BB"
"EV",0.27550120322409,0.275501194991469,0.275501232794811,0.275501142033736
"STD",2.1938412571674e-05,2.19384300900043e-05,2.19383586030921e-05,2.19384083374572e-05
"Q.05",0.275465118362116,0.275465110100681,0.275465148021604,0.275465057178726
"Q.95",0.275537289317084,0.275537281113279,0.275537318799031,0.275537228119765
"theta0",300460411.329054,300460411.329054,300460411.329054,300460411.329054
"theta1",114254435.035763,114254435.035763,114254435.035763,114254435.035763
