"","AA","AB","BA","BB"
"EV",0.239679227211889,0.239679311541158,0.239679216739341,0.239679318632202
"STD",2.93175698985433e-05,2.93177115721251e-05,2.93175307418694e-05,2.93177068218421e-05
"Q.05",0.239631005496808,0.239631089593057,0.239630995088663,0.239631096691914
"Q.95",0.239727451719122,0.239727536281437,0.239727441182164,0.239727543364666
"theta0",161199367.708615,161199367.708615,161199367.708615,161199367.708615
"theta1",50815589.9839379,50815589.9839379,50815589.9839379,50815589.9839379
