"","AA","AB","BA","BB"
"EV",0.41565810413022,0.415658109192808,0.415658101702522,0.415658104959251
"STD",8.30275648389978e-06,8.3027580514161e-06,8.30275946020481e-06,8.30275979125413e-06
"Q.05",0.415644447338321,0.415644452398331,0.415644444905728,0.415644448161912
"Q.95",0.415671760976554,0.415671766041721,0.415671758553752,0.415671761811025
"theta0",2058852861.91773,2058852861.91773,2058852861.91773,2058852861.91773
"theta1",1464517410.72894,1464517410.72894,1464517410.72894,1464517410.72894
