"","AA","AB","BA","BB"
"EV",0.239666434587172,0.239666640803815,0.239666612557317,0.239666633986974
"STD",3.34640469292641e-05,3.346425523991e-05,3.34643021148815e-05,3.34640171834258e-05
"Q.05",0.239611392947304,0.239611598821327,0.239611570497732,0.239611592396028
"Q.95",0.239721479865162,0.239721686424466,0.239721658255076,0.23972167921603
"theta0",123723409.035376,123723409.035376,123723409.035376,123723409.035376
"theta1",38999162.2038503,38999162.2038503,38999162.2038503,38999162.2038503
