"","AA","AB","BA","BB"
"EV",0.415653258447857,0.415653256715993,0.415653299353432,0.41565328636513
"STD",2.5273246312193e-05,2.52732105066338e-05,2.52732448766995e-05,2.52731990361551e-05
"Q.05",0.415611687909198,0.415611686236228,0.415611728817133,0.415611715904232
"Q.95",0.415694829490934,0.415694827700174,0.415694870394147,0.415694857330444
"theta0",222202724.132405,222202724.132405,222202724.132405,222202724.132405
"theta1",158055630.545102,158055630.545102,158055630.545102,158055630.545102
