"","AA","AB","BA","BB"
"EV",0.275554743144988,0.275554747775887,0.275554746637685,0.275554746338158
"STD",7.69627169053313e-06,7.69627447211699e-06,7.69627500577493e-06,7.69627580702562e-06
"Q.05",0.275542083980307,0.275542088606631,0.275542087467551,0.275542087166706
"Q.95",0.275567402461115,0.27556740709659,0.275567405959265,0.275567405661056
"theta0",2441505882.39235,2441505882.39235,2441505882.39235,2441505882.39235
"theta1",928667183.004279,928667183.004279,928667183.004279,928667183.004279
