"","AA","AB","BA","BB"
"EV",0.41402195045545,0.417139266453694,0.41625103489459,0.416615145211931
"STD",0.00371127003313049,0.00380922751026098,0.00382154793215841,0.00388042240204043
"Q.05",0.407922984582329,0.410879245547096,0.409970849168875,0.410238269106334
"Q.95",0.420132017461955,0.42341053387647,0.422542668318885,0.423003770232959
"theta0",8922.86972232345,8922.86972232345,8922.86972232345,8922.86972232345
"theta1",6356.19569940236,6356.19569940236,6356.19569940236,6356.19569940236
