"","AA","AB","BA","BB"
"EV",0.279092678937684,0.264526811479864,0.269052610640252,0.291653132902731
"STD",0.00886834956144618,0.0108153368506754,0.0072560801362876,0.00968773028523692
"Q.05",0.264604024071635,0.246898953336149,0.257187929145585,0.275826121446193
"Q.95",0.293777815420307,0.282476904555163,0.281057951174562,0.307695529067773
"theta0",746.537236083345,746.537236083345,746.537236083345,746.537236083345
"theta1",284.708587647148,284.708587647148,284.708587647148,284.708587647148
