"","AA","AB","BA","BB"
"EV",0.239681970533836,0.239682059095133,0.239682190676374,0.23968202866975
"STD",3.77965794971491e-05,3.77969676925489e-05,3.77967768661565e-05,3.77970038288592e-05
"Q.05",0.239619803013346,0.239619890936165,0.239620022831262,0.239619860451348
"Q.95",0.239744142694989,0.239744231894857,0.239744363162191,0.239744201528918
"theta0",96986228.4709692,96986228.4709692,96986228.4709692,96986228.4709692
"theta1",30573866.675489,30573866.675489,30573866.675489,30573866.675489
