"","AA","AB","BA","BB"
"EV",0.229016916664749,0.257469167679063,0.244213477586743,0.244844371725065
"STD",0.00650421544870944,0.0086236886657571,0.00982591598370516,0.0125404363035412
"Q.05",0.218392603162504,0.243392200236208,0.228204344580655,0.224465921460109
"Q.95",0.239788927287142,0.271760801412699,0.260527111766104,0.265716957613074
"theta0",718.091083205041,718.091083205041,718.091083205041,718.091083205041
"theta1",231.621850116395,231.621850116395,231.621850116395,231.621850116395
