"","AA","AB","BA","BB"
"EV",0.275531958569717,0.275531958556129,0.275531958560798,0.275531958521353
"STD",7.78411939508401e-07,7.784119424359e-07,7.78411940637128e-07,7.78411942557864e-07
"Q.05",0.27553067819679,0.275530678183197,0.275530678187869,0.275530678148421
"Q.95",0.275533238944194,0.27553323893061,0.275533238935277,0.275533238895835
"theta0",238666498904.061,238666498904.061,238666498904.061,238666498904.061
"theta1",90770391682.6954,90770391682.6954,90770391682.6954,90770391682.6954
