"","AA","AB","BA","BB"
"EV",0.236420321428571,0.232480903771678,0.24209475436088,0.246052155584515
"STD",0.0066691504589745,0.0069958670653884,0.00638207893727966,0.00696251430257104
"Q.05",0.225524708238092,0.221057563947723,0.231662517834274,0.234675597661218
"Q.95",0.247463665471361,0.244071174237928,0.252657225575099,0.257579678424887
"theta0",1902.45706488224,1902.45706488224,1902.45706488224,1902.45706488224
"theta1",598.347446991494,598.347446991494,598.347446991494,598.347446991494
