"","AA","AB","BA","BB"
"EV",0.275509669902033,0.275509580238358,0.275509829134446,0.275509958913297
"STD",5.03841968278969e-05,5.03837358334158e-05,5.03843599609247e-05,5.03841186891725e-05
"Q.05",0.275426798519487,0.275426709614023,0.275426957483588,0.275427087659262
"Q.95",0.275592547777175,0.275592457355174,0.275592707277936,0.275592836659896
"theta0",56964813.0911287,56964813.0911287,56964813.0911287,56964813.0911287
"theta1",21662627.1729951,21662627.1729951,21662627.1729951,21662627.1729951
