"","AA","AB","BA","BB"
"EV",0.239704110389084,0.239704110418499,0.239704110383558,0.239704110394601
"STD",5.04448506701504e-07,5.04448506643457e-07,5.04448506790145e-07,5.04448506715692e-07
"Q.05",0.239703280645541,0.239703280674957,0.239703280640015,0.239703280651059
"Q.95",0.239704940133453,0.239704940162868,0.239704940127927,0.23970494013897
"theta0",544511534556.027,544511534556.027,544511534556.027,544511534556.027
"theta1",171672180234.266,171672180234.266,171672180234.266,171672180234.266
