"","AA","AB","BA","BB"
"EV",0.415660514114693,0.415660500688317,0.415660508780402,0.41566051014489
"STD",8.90536501275746e-06,8.90536911909132e-06,8.90536897546688e-06,8.90537016603398e-06
"Q.05",0.415645866124064,0.415645852690934,0.415645860783254,0.415645862145784
"Q.95",0.415675162167945,0.415675148748324,0.415675156840172,0.415675158206618
"theta0",1789638256.15668,1789638256.15668,1789638256.15668,1789638256.15668
"theta1",1273030418.45053,1273030418.45053,1273030418.45053,1273030418.45053
