"","AA","AB","BA","BB"
"EV",0.275473616226817,0.275473621474407,0.275473602987914,0.275473620684051
"STD",1.41162248324462e-05,1.41162227735537e-05,1.41162393500312e-05,1.41162396240002e-05
"Q.05",0.275450397358087,0.275450402609063,0.275450384095305,0.275450401790991
"Q.95",0.275496835605314,0.275496840849517,0.275496822390291,0.275496840086878
"theta0",725688453.487882,725688453.487882,725688453.487882,725688453.487882
"theta1",275915447.782519,275915447.782519,275915447.782519,275915447.782519
