"","AA","AB","BA","BB"
"EV",0.231721871500463,0.239926151676273,0.253036330127219,0.264393519697276
"STD",0.00649375120156564,0.0115977633843706,0.00914959077062307,0.01408203342085
"Q.05",0.221113182409138,0.221069337342312,0.238111583628763,0.241505683036506
"Q.95",0.242475118556435,0.259219663780066,0.268209984370196,0.287828470380378
"theta0",523.722566994859,523.722566994859,523.722566994859,523.722566994859
"theta1",172.043906375876,172.043906375876,172.043906375876,172.043906375876
