"","AA","AB","BA","BB"
"EV",0.415650294928382,0.415650282700671,0.415650297589132,0.415650260509609
"STD",2.08973310653587e-05,2.08973396183281e-05,2.08972975699669e-05,2.08973196001526e-05
"Q.05",0.415615922050021,0.415615909808241,0.415615924765866,0.415615887650107
"Q.95",0.415684668151622,0.415684655937978,0.415684670757276,0.41568463371399
"theta0",325005949.151808,325005949.151808,325005949.151808,325005949.151808
"theta1",231178028.017871,231178028.017871,231178028.017871,231178028.017871
