"","AA","AB","BA","BB"
"EV",0.415658101792475,0.415658107320295,0.415658107338316,0.415658103533713
"STD",8.30275850608918e-06,8.30275991235068e-06,8.30275594408949e-06,8.30275942424592e-06
"Q.05",0.41564444499725,0.415644450522758,0.415644450547306,0.415644446736978
"Q.95",0.415671758642136,0.415671764172269,0.415671764183763,0.415671760384884
"theta0",2058852861.91773,2058852861.91773,2058852861.91773,2058852861.91773
"theta1",1464517410.72894,1464517410.72894,1464517410.72894,1464517410.72894
