"","AA","AB","BA","BB"
"EV",0.239678929180019,0.239678929605088,0.239678906850385,0.239679111301101
"STD",3.87507517462266e-05,3.87506465572992e-05,3.87506261392264e-05,3.87505320855793e-05
"Q.05",0.23961519230453,0.239615192902607,0.239615170181487,0.239615374786891
"Q.95",0.239742670933535,0.239742671185571,0.239742648397281,0.239742852693276
"theta0",92270058.8810743,92270058.8810743,92270058.8810743,92270058.8810743
"theta1",29086651.1842673,29086651.1842673,29086651.1842673,29086651.1842673
