"","AA","AB","BA","BB"
"EV",0.239685988639257,0.23968598862735,0.239685988128649,0.239685988190925
"STD",4.29577873054504e-06,4.29577892274235e-06,4.29577925550291e-06,4.29577930090765e-06
"Q.05",0.239678922742003,0.23967892272978,0.239678922230532,0.239678922292734
"Q.95",0.239693054596454,0.239693054584863,0.23969305408671,0.239693054149061
"theta0",7508353244.8061,7508353244.8061,7508353244.8061,7508353244.8061
"theta1",2366978697.30576,2366978697.30576,2366978697.30576,2366978697.30576
