"","AA","AB","BA","BB"
"EV",0.243098915889128,0.231471765335883,0.247959579664929,0.246244981822943
"STD",0.00613424318508422,0.00684936583503072,0.00920472180674677,0.00948778367409926
"Q.05",0.233068939245337,0.220286468420963,0.23295006883058,0.230779695918024
"Q.95",0.253248400590541,0.242818164168281,0.26322968206353,0.261990331350092
"theta0",1309.41535847779,1309.41535847779,1309.41535847779,1309.41535847779
"theta1",418.486819307636,418.486819307636,418.486819307636,418.486819307636
