"","AA","AB","BA","BB"
"EV",0.239677612117744,0.239677615160395,0.239677641284758,0.239677644053113
"STD",1.63715587238194e-05,1.63715383034858e-05,1.63715776822127e-05,1.63715746768292e-05
"Q.05",0.239650683735352,0.23965068681159,0.239650712871183,0.239650715644481
"Q.95",0.239704541370835,0.239704544379896,0.239704570569034,0.239704573332445
"theta0",516942002.733125,516942002.733125,516942002.733125,516942002.733125
"theta1",162956448.080737,162956448.080737,162956448.080737,162956448.080737
