"","AA","AB","BA","BB"
"EV",0.239676945219021,0.239676934938637,0.239676919683518,0.239676903865436
"STD",2.63982702054789e-05,2.63983648617877e-05,2.63983813470855e-05,2.63984083100408e-05
"Q.05",0.239633525060452,0.23963351462438,0.239633499342148,0.239633483479717
"Q.95",0.239720367641403,0.239720357516723,0.239720342288722,0.239720326514992
"theta0",198822849.341912,198822849.341912,198822849.341912,198822849.341912
"theta1",62675000.8808907,62675000.8808907,62675000.8808907,62675000.8808907
