"","AA","AB","BA","BB"
"EV",0.275496847063085,0.275496833009973,0.275496861726138,0.27549682747513
"STD",1.59389383747347e-05,1.5938938305379e-05,1.59389232295335e-05,1.59389239442971e-05
"Q.05",0.275470630167396,0.275470616114397,0.27547064485536,0.275470610603176
"Q.95",0.275523064608583,0.275523050555357,0.275523079246725,0.275523044996892
"theta0",569217151.786133,569217151.786133,569217151.786133,569217151.786133
"theta1",216448370.501417,216448370.501417,216448370.501417,216448370.501417
