"","AA","AB","BA","BB"
"EV",0.235357763154225,0.235929818276819,0.243740884628694,0.226362655168505
"STD",0.00736138172794572,0.00949625266856764,0.00581515958641356,0.0086844141316789
"Q.05",0.223340423850511,0.220461054539063,0.234229435300389,0.212212946456641
"Q.95",0.247556396256756,0.251699207470524,0.253359269403133,0.240780519248239
"theta0",1349.60788879485,1349.60788879485,1349.60788879485,1349.60788879485
"theta1",415.386438574325,415.386438574325,415.386438574325,415.386438574325
