"","AA","AB","BA","BB"
"EV",0.275497612027412,0.275497620493526,0.275497644639857,0.275497630669574
"STD",1.53613269696883e-05,1.53613359873924e-05,1.53613172361531e-05,1.53613321951322e-05
"Q.05",0.275472345194814,0.275472353646095,0.275472377823269,0.27547236382838
"Q.95",0.275522879463573,0.27552288794452,0.275522912060007,0.27552289811433
"theta0",612828821.619615,612828821.619615,612828821.619615,612828821.619615
"theta1",233032895.90653,233032895.90653,233032895.90653,233032895.90653
