"","AA","AB","BA","BB"
"EV",0.239676382375362,0.239676392826345,0.239676376658624,0.239676389007818
"STD",1.80791461515379e-05,1.80791470862101e-05,1.80791333410688e-05,1.80791354110744e-05
"Q.05",0.239646645357153,0.239646655806599,0.239646639661486,0.239646652007275
"Q.95",0.239706120455381,0.239706130907902,0.239706114717571,0.23970612707017
"theta0",423902004.678346,423902004.678346,423902004.678346,423902004.678346
"theta1",133626390.387459,133626390.387459,133626390.387459,133626390.387459
