"","AA","AB","BA","BB"
"EV",0.415660662591169,0.415660656409285,0.415660690913478,0.415660670853444
"STD",1.96777164079786e-05,1.96777495400195e-05,1.96777111587381e-05,1.96777486975976e-05
"Q.05",0.415628295780841,0.41562828954446,0.415628324111784,0.415628303990004
"Q.95",0.415693029707255,0.415693023579868,0.415693058020929,0.415693038022641
"theta0",366537207.55471,366537207.55471,366537207.55471,366537207.55471
"theta1",260730526.896095,260730526.896095,260730526.896095,260730526.896095
