"","AA","AB","BA","BB"
"EV",0.239665433463332,0.239665429784051,0.239665441847325,0.239665488292608
"STD",2.24544863333624e-05,2.24544796917183e-05,2.24545098077932e-05,2.24545051779343e-05
"Q.05",0.239628499939085,0.239628496270728,0.239628508284468,0.239628554737366
"Q.95",0.239702368625637,0.239702364935431,0.239702377048244,0.239702423485911
"theta0",274793511.732467,274793511.732467,274793511.732467,274793511.732467
"theta1",86617805.3262331,86617805.3262331,86617805.3262331,86617805.3262331
