"","AA","AB","BA","BB"
"EV",0.415648883919804,0.41564895149506,0.415648937553769,0.415648991348643
"STD",2.75317789261156e-05,2.75317906990875e-05,2.75317821454656e-05,2.75317937437191e-05
"Q.05",0.415603598472689,0.41560366602858,0.415603652101358,0.415603705877155
"Q.95",0.415694169965552,0.415694237560173,0.415694223604812,0.415694277418764
"theta0",187242108.348811,187242108.348811,187242108.348811,187242108.348811
"theta1",133185322.178167,133185322.178167,133185322.178167,133185322.178167
