"","AA","AB","BA","BB"
"EV",0.415652398198255,0.415652516452269,0.415652605044481,0.415652538957564
"STD",3.17140823371093e-05,3.17141824637239e-05,3.17140500105172e-05,3.17141761451624e-05
"Q.05",0.415600233572027,0.41560035166135,0.415600440471424,0.415600374177037
"Q.95",0.415704563618768,0.415704682037478,0.41570477041182,0.41570470453238
"theta0",141112229.471768,141112229.471768,141112229.471768,141112229.471768
"theta1",100374613.553965,100374613.553965,100374613.553965,100374613.553965
