"","AA","AB","BA","BB"
"EV",0.275502799055213,0.275502802744295,0.275502799047884,0.275502814463909
"STD",1.55306636432908e-05,1.55306614274755e-05,1.55306583976385e-05,1.55306560019353e-05
"Q.05",0.275477253695252,0.275477257387979,0.275477253696551,0.275477269116517
"Q.95",0.275528345032094,0.275528348717532,0.275528345016137,0.275528360428221
"theta0",599540923.837652,599540923.837652,599540923.837652,599540923.837652
"theta1",227985983.108134,227985983.108134,227985983.108134,227985983.108134
