"","AA","AB","BA","BB"
"EV",0.275561073666881,0.275561074502088,0.275561074496162,0.275561074654098
"STD",2.92323902921196e-06,2.92323893285126e-06,2.92323907629725e-06,2.92323903383299e-06
"Q.05",0.275556265377486,0.275556266212851,0.275556266206689,0.275556266364695
"Q.95",0.275565881978125,0.275565882813174,0.275565882807483,0.275565882965349
"theta0",16923599662.9881,16923599662.9881,16923599662.9881,16923599662.9881
"theta1",6437375380.45144,6437375380.45144,6437375380.45144,6437375380.45144
