"","AA","AB","BA","BB"
"EV",0.239669206937483,0.239669224398439,0.239669249871734,0.239669257771145
"STD",1.87774076141786e-05,1.87774572766131e-05,1.87774708580042e-05,1.87774775189488e-05
"Q.05",0.239638321423205,0.239638338802477,0.239638364253433,0.239638372141888
"Q.95",0.23970009359723,0.239700111139877,0.239700136635512,0.23970014454588
"theta0",392954953.082489,392954953.082489,392954953.082489,392954953.082489
"theta1",123866108.264373,123866108.264373,123866108.264373,123866108.264373
