"","AA","AB","BA","BB"
"EV",0.275492198647688,0.275492198788115,0.275492210284777,0.275492201910273
"STD",1.48588341251144e-05,1.48588320729349e-05,1.48588250578103e-05,1.48588199787731e-05
"Q.05",0.275467758322857,0.27546775846666,0.27546776997486,0.275467761608711
"Q.95",0.275516639537261,0.275516639674312,0.275516651159435,0.275516642776577
"theta0",654976343.764233,654976343.764233,654976343.764233,654976343.764233
"theta1",249053048.226441,249053048.226441,249053048.226441,249053048.226441
