"","AA","AB","BA","BB"
"EV",0.252849019795164,0.23433020601812,0.204820363450886,0.254021286133524
"STD",0.0085771026629971,0.00857870067868693,0.0115686013627485,0.0125769961600913
"Q.05",0.238850880618263,0.220344139159133,0.186070669959853,0.233569089983153
"Q.95",0.267066148868997,0.248564229746159,0.224122286328197,0.274940990972763
"theta0",264.907446893734,264.907446893734,264.907446893734,264.907446893734
"theta1",82.0535793340963,82.0535793340963,82.0535793340963,82.0535793340963
