"","AA","AB","BA","BB"
"EV",0.411307619315467,0.420803908549197,0.426096836000525,0.410594387597932
"STD",0.00656037479100284,0.00891305778094567,0.00871459389744034,0.0100438610378129
"Q.05",0.400534581649221,0.406172306411984,0.411788433871888,0.394115711316251
"Q.95",0.422116516819717,0.435494242116807,0.440457455984117,0.427157868199361
"theta0",1206.38045322449,1206.38045322449,1206.38045322449,1206.38045322449
"theta1",863.595445688975,863.595445688975,863.595445688975,863.595445688975
