"","AA","AB","BA","BB"
"EV",0.239682142064647,0.23968213316451,0.23968212861698,0.2396821351281
"STD",1.1896623851281e-05,1.189663677832e-05,1.1896635181165e-05,1.18966395973565e-05
"Q.05",0.239662574089634,0.239662565168234,0.239662560623331,0.239662567127188
"Q.95",0.239701710499411,0.239701701620538,0.23970169707038,0.239701703588765
"theta0",978987970.311406,978987970.311406,978987970.311406,978987970.311406
"theta1",308615563.760642,308615563.760642,308615563.760642,308615563.760642
