"","AA","AB","BA","BB"
"EV",0.239630129515303,0.239630128629683,0.239630129206486,0.239630128798389
"STD",3.34153585119615e-06,3.34153586130143e-06,3.34153605992076e-06,3.34153609657177e-06
"Q.05",0.23962463319608,0.239624632310444,0.239624632886921,0.239624632478763
"Q.95",0.239635625870809,0.239635624985206,0.239635625562336,0.239635625154299
"theta0",12407917614.979,12407917614.979,12407917614.979,12407917614.979
"theta1",3910348124.83079,3910348124.83079,3910348124.83079,3910348124.83079
