"","AA","AB","BA","BB"
"EV",0.275319220044176,0.271741253778433,0.259784927366765,0.287859146095984
"STD",0.00801608826522996,0.0104883680409426,0.00883600226958923,0.00816625069193182
"Q.05",0.26221644545168,0.254634313182077,0.245362370077143,0.274505502398241
"Q.95",0.288586627650012,0.289136970698838,0.274429407330001,0.301369803010863
"theta0",800.391981097386,800.391981097386,800.391981097386,800.391981097386
"theta1",301.584339668988,301.584339668988,301.584339668988,301.584339668988
