"","AA","AB","BA","BB"
"EV",0.275503169734381,0.27550268619351,0.275503208769115,0.275503357453189
"STD",9.46981527799393e-05,9.46973078007159e-05,9.46977080775954e-05,9.46967070886939e-05
"Q.05",0.275347416603013,0.275346934451842,0.275347456369107,0.275347606699408
"Q.95",0.275658945802489,0.275658460871583,0.275658984105642,0.275659131142982
"theta0",16124764.5773848,16124764.5773848,16124764.5773848,16124764.5773848
"theta1",6131734.66049574,6131734.66049574,6131734.66049574,6131734.66049574
