"","AA","AB","BA","BB"
"EV",0.415710832634691,0.415710832651672,0.415710832658984,0.415710832644932
"STD",4.09880414968964e-07,4.09880415050334e-07,4.09880414892331e-07,4.09880414986722e-07
"Q.05",0.41571015844147,0.415710158458451,0.415710158465764,0.415710158451711
"Q.95",0.415711506828044,0.415711506845025,0.415711506852338,0.415711506838286
"theta0",844758705267.483,844758705267.483,844758705267.483,844758705267.483
"theta1",601030045353.019,601030045353.019,601030045353.019,601030045353.019
