"","AA","AB","BA","BB"
"EV",0.415658143937185,0.415653836759894,0.415651940111922,0.415651427241938
"STD",0.000223258292458592,0.000223368985172283,0.000223364685615523,0.000223345744861089
"Q.05",0.415290936400667,0.415286447170643,0.415284557594523,0.415284075876094
"Q.95",0.416025390833851,0.416021265750463,0.41601936203006,0.416018818002091
"theta0",2844633.73422185,2844633.73422185,2844633.73422185,2844633.73422185
"theta1",2023428.91968318,2023428.91968318,2023428.91968318,2023428.91968318
