"","AA","AB","BA","BB"
"EV",0.239673528649764,0.239673492918083,0.239673501115472,0.239673497735916
"STD",2.25881554529931e-05,2.25881428527566e-05,2.25882237225761e-05,2.25882204196514e-05
"Q.05",0.239636375269116,0.23963633955816,0.239636347622536,0.239636344248413
"Q.95",0.23971068368794,0.239710647935534,0.239710656265948,0.239710652880958
"theta0",271553713.849915,271553713.849915,271553713.849915,271553713.849915
"theta1",85600371.4950175,85600371.4950175,85600371.4950175,85600371.4950175
