"","AA","AB","BA","BB"
"EV",0.25862438311886,0.292325549219808,0.28685630775012,0.279266890128814
"STD",0.00770371356089737,0.0119909283028679,0.00784875206447015,0.0175461093218062
"Q.05",0.246038170111681,0.272766876539345,0.274019398585546,0.250792756032495
"Q.95",0.271380571344826,0.312212801984247,0.299839242490327,0.308510553611409
"theta0",470.480842795244,470.480842795244,470.480842795244,470.480842795244
"theta1",182.300105313732,182.300105313732,182.300105313732,182.300105313732
