"","AA","AB","BA","BB"
"EV",0.275521514062937,0.275521483882752,0.275521501190021,0.275521495657119
"STD",1.20587858416324e-05,1.20587816153787e-05,1.20587907578301e-05,1.2058789461715e-05
"Q.05",0.27550167931125,0.275501649138016,0.275501666430247,0.275501660899477
"Q.95",0.275541349186505,0.275541318999368,0.275541336321675,0.275541330786641
"theta0",994486237.649978,994486237.649978,994486237.649978,994486237.649978
"theta1",378206307.253415,378206307.253415,378206307.253415,378206307.253415
