"","AA","AB","BA","BB"
"EV",0.239000592065994,0.239900589409888,0.240613221088971,0.240165384420728
"STD",0.00245618208856406,0.00255838622711834,0.00251521846456118,0.00257525407347051
"Q.05",0.234970390096995,0.235703050248268,0.236486281487567,0.235940221741853
"Q.95",0.243050481957493,0.244119360730503,0.244760584663439,0.24441202205438
"theta0",20593.0429805344,20593.0429805344,20593.0429805344,20593.0429805344
"theta1",6500.21172340612,6500.21172340612,6500.21172340612,6500.21172340612
