"","AA","AB","BA","BB"
"EV",0.41429228390752,0.418551248786586,0.41456503612981,0.412370902638975
"STD",0.00499829420285685,0.00494241803585562,0.00533886084871689,0.00531753640773526
"Q.05",0.406080806477537,0.410430942110259,0.405794741102951,0.403635902537164
"Q.95",0.422523831267719,0.426690149414873,0.423358152503211,0.421129159928966
"theta0",4494.2724414956,4494.2724414956,4494.2724414956,4494.2724414956
"theta1",3187.5211463448,3187.5211463448,3187.5211463448,3187.5211463448
