"","AA","AB","BA","BB"
"EV",0.239670128001979,0.239670170105847,0.239670143296223,0.23967018451649
"STD",2.33064136791052e-05,2.33064608979518e-05,2.3306349857438e-05,2.33064493242888e-05
"Q.05",0.239631793245248,0.239631835271451,0.239631808644465,0.23963184970113
"Q.95",0.239708464523367,0.239708506704906,0.239708479712629,0.239708521096511
"theta0",255073300.936935,255073300.936935,255073300.936935,255073300.936935
"theta1",80403864.8006698,80403864.8006698,80403864.8006698,80403864.8006698
