"","AA","AB","BA","BB"
"EV",0.415653810506276,0.4156537662121,0.415653825995522,0.415653674855817
"STD",3.05825053012026e-05,3.05825631247549e-05,3.05824363377291e-05,3.05825315943088e-05
"Q.05",0.4156035071308,0.415603462741514,0.41560352273348,0.415603371437094
"Q.95",0.415704114620355,0.415704070421292,0.415704129996165,0.415703979013146
"theta0",151748171.894023,151748171.894023,151748171.894023,151748171.894023
"theta1",107940628.922603,107940628.922603,107940628.922603,107940628.922603
