"","AA","AB","BA","BB"
"EV",0.415644965367625,0.415644960602177,0.415644961772101,0.415644965281416
"STD",1.05231743588595e-05,1.05231703161018e-05,1.05231752525006e-05,1.05231730415521e-05
"Q.05",0.415627656329843,0.415627651571045,0.415627652732849,0.415627656245801
"Q.95",0.415662274492866,0.415662269720768,0.415662270898812,0.41566227440449
"theta0",1281688142.57052,1281688142.57052,1281688142.57052,1281688142.57052
"theta1",911649917.271531,911649917.271531,911649917.271531,911649917.271531
