"","AA","AB","BA","BB"
"EV",0.415654273837601,0.415654195729953,0.415654206822156,0.415654213531743
"STD",2.69237280162916e-05,2.69238828914293e-05,2.69238843209901e-05,2.69239076062486e-05
"Q.05",0.415609988532137,0.415609910169745,0.415609921259596,0.415609927930883
"Q.95",0.41569855971551,0.415698481862612,0.415698492957166,0.415698499705055
"theta0",195792348.01633,195792348.01633,195792348.01633,195792348.01633
"theta1",139270136.463809,139270136.463809,139270136.463809,139270136.463809
