"","AA","AB","BA","BB"
"EV",0.415660044744471,0.415660103466081,0.415660188816799,0.415660110969214
"STD",2.8765363636416e-05,2.87653242899073e-05,2.87653346969471e-05,2.87652536617159e-05
"Q.05",0.415612730258447,0.415612789044775,0.415612874378375,0.41561279666408
"Q.95",0.415707359883882,0.415707418540771,0.415707503908608,0.41570742592773
"theta0",171525539.269016,171525539.269016,171525539.269016,171525539.269016
"theta1",122011737.228661,122011737.228661,122011737.228661,122011737.228661
