"","AA","AB","BA","BB"
"EV",0.415656602509592,0.415656579931882,0.415656585320605,0.415656580878225
"STD",1.54725382957778e-05,1.54725494216684e-05,1.54725603928351e-05,1.54725616805087e-05
"Q.05",0.41563115254338,0.41563112994737,0.415631135318048,0.41563113087355
"Q.95",0.415682052664851,0.415682030105442,0.415682035512212,0.41568203107195
"theta0",592852151.380242,592852151.380242,592852151.380242,592852151.380242
"theta1",421709043.889104,421709043.889104,421709043.889104,421709043.889104
