"","AA","AB","BA","BB"
"EV",0.415655803793408,0.415655522391942,0.415655629763794,0.41565567505993
"STD",3.78857415968455e-05,3.78855203924011e-05,3.78858905424288e-05,3.78858544208469e-05
"Q.05",0.415593487860641,0.415593206823018,0.415593313586038,0.415593358941587
"Q.95",0.415718120859635,0.415717839094315,0.41571794707502,0.41571799231174
"theta0",98881647.6353959,98881647.6353959,98881647.6353959,98881647.6353959
"theta1",70336466.5538653,70336466.5538653,70336466.5538653,70336466.5538653
