"","AA","AB","BA","BB"
"EV",0.415658103592965,0.415658103477357,0.415658107989688,0.415658104924789
"STD",8.30275840170384e-06,8.30275936399315e-06,8.30275754837352e-06,8.30275847270336e-06
"Q.05",0.415644446797912,0.415644446680721,0.415644451196039,0.41564444812962
"Q.95",0.415671760442454,0.415671760328429,0.415671764837774,0.415671761774395
"theta0",2058852861.91773,2058852861.91773,2058852861.91773,2058852861.91773
"theta1",1464517410.72894,1464517410.72894,1464517410.72894,1464517410.72894
