"","AA","AB","BA","BB"
"EV",0.275612122983036,0.275612122976783,0.275612122962924,0.275612122986577
"STD",5.22481980803312e-07,5.22481981471537e-07,5.22481980523599e-07,5.22481981441211e-07
"Q.05",0.275611263577004,0.275611263570749,0.275611263556892,0.275611263580544
"Q.95",0.275612982389766,0.275612982383514,0.275612982369653,0.275612982393308
"theta0",529783011560.475,529783011560.475,529783011560.475,529783011560.475
"theta1",201569663387.813,201569663387.813,201569663387.813,201569663387.813
