"","AA","AB","BA","BB"
"EV",0.415674488779032,0.415674523431601,0.415674497120962,0.41567445412548
"STD",1.8939055704023e-05,1.8939043499954e-05,1.89390536612475e-05,1.89390315073443e-05
"Q.05",0.415643336946155,0.415643371618798,0.415643345291446,0.415643302332403
"Q.95",0.415705640895092,0.415705675527587,0.415705649233663,0.41570560620174
"theta0",395681637.614929,395681637.614929,395681637.614929,395681637.614929
"theta1",281477978.82137,281477978.82137,281477978.82137,281477978.82137
