"","AA","AB","BA","BB"
"EV",0.239694164205224,0.239694164835708,0.239694168099416,0.239694160707782
"STD",7.6576586706071e-06,7.65765706850612e-06,7.65765846187252e-06,7.6576564948258e-06
"Q.05",0.239681568572822,0.239681569205941,0.239681572467358,0.239681565078959
"Q.95",0.239706760028098,0.239706760655947,0.239706763921947,0.239706756527077
"theta0",2362881826.74615,2362881826.74615,2362881826.74615,2362881826.74615
"theta1",744922580.809502,744922580.809502,744922580.809502,744922580.809502
