"","AA","AB","BA","BB"
"EV",0.41566142879527,0.415661427950731,0.415661432830825,0.415661366283278
"STD",2.66463758773289e-05,2.66463676905325e-05,2.66463450293124e-05,2.66463320672578e-05
"Q.05",0.415617599687585,0.415617598856513,0.415617603773881,0.415617537247654
"Q.95",0.415705258463615,0.41570525760561,0.415705262448429,0.415705195879561
"theta0",199890107.673441,199890107.673441,199890107.673441,199890107.673441
"theta1",142189146.471748,142189146.471748,142189146.471748,142189146.471748
