"","AA","AB","BA","BB"
"EV",0.415669548353596,0.415669462300727,0.415669543925234,0.415669458247519
"STD",2.86797872753484e-05,2.86798632428853e-05,2.86798265660543e-05,2.86798768483928e-05
"Q.05",0.41562237462618,0.415622288448358,0.415622370133192,0.415622284372771
"Q.95",0.415716722730439,0.415716636802528,0.415716718366706,0.4157166327717
"theta0",172547888.10086,172547888.10086,172547888.10086,172547888.10086
"theta1",122743713.254331,122743713.254331,122743713.254331,122743713.254331
