"","AA","AB","BA","BB"
"EV",0.275502332922125,0.275502290002806,0.275502327932339,0.275502264174903
"STD",1.93487083930898e-05,1.93486963360271e-05,1.93487015888966e-05,1.93486841972996e-05
"Q.05",0.275470507607719,0.275470464708231,0.275470502629124,0.275470438900294
"Q.95",0.275534159194068,0.275534116254916,0.275534154193089,0.275534090407046
"theta0",386273174.186169,386273174.186169,386273174.186169,386273174.186169
"theta1",146886801.60208,146886801.60208,146886801.60208,146886801.60208
