"","AA","AB","BA","BB"
"EV",0.239679449671667,0.239679448623384,0.239679413687807,0.239679442248279
"STD",1.98776374152215e-05,1.98776107288037e-05,1.9877598488028e-05,1.98776145990682e-05
"Q.05",0.23964675450945,0.239646753505061,0.239646718589618,0.239646747123591
"Q.95",0.239712146117431,0.239712145025251,0.239712110069539,0.239712138656513
"theta0",350666489.957897,350666489.957897,350666489.957897,350666489.957897
"theta1",110542252.443547,110542252.443547,110542252.443547,110542252.443547
