"","AA","AB","BA","BB"
"EV",0.275483832068954,0.275483832425588,0.275483834514624,0.275483841869121
"STD",1.07313213922674e-05,1.07313183130682e-05,1.07313197500102e-05,1.07313148575091e-05
"Q.05",0.275466180763333,0.275466181125032,0.275466183211704,0.275466190574249
"Q.95",0.27550148366916,0.275501484020729,0.275501486112129,0.275501493458578
"theta0",1255699513.19511,1255699513.19511,1255699513.19511,1255699513.19511
"theta1",477456452.412193,477456452.412193,477456452.412193,477456452.412193
