"","AA","AB","BA","BB"
"EV",0.415666005848578,0.41566611702197,0.415666098300403,0.415666066702801
"STD",3.06463703790429e-05,3.06463320411511e-05,3.0646361941777e-05,3.06463125452314e-05
"Q.05",0.415615597425885,0.415615708662335,0.415615689891587,0.415615658375234
"Q.95",0.41571641501285,0.41571652612318,0.415716507450796,0.415716475771943
"theta0",151114765.144017,151114765.144017,151114765.144017,151114765.144017
"theta1",107495522.411541,107495522.411541,107495522.411541,107495522.411541
