"","AA","AB","BA","BB"
"EV",0.239681028180515,0.239680962237097,0.239681035033717,0.239680966935831
"STD",1.97705623681896e-05,1.97705142622101e-05,1.97705868180298e-05,1.977057615914e-05
"Q.05",0.239648509134176,0.239648443269882,0.239648515947163,0.239648447866808
"Q.95",0.239713548496597,0.239713482474049,0.239713555390018,0.239713487274598
"theta0",354475277.523292,354475277.523292,354475277.523292,354475277.523292
"theta1",111743870.814628,111743870.814628,111743870.814628,111743870.814628
