"","AA","AB","BA","BB"
"EV",0.980523616402146,0.980523616402146,0.980523616402146,0.980523616402146
"STD",5.67314967236139e-11,5.67314967236137e-11,5.67314967236137e-11,5.67314967236136e-11
"Q.05",5.562684646268e-309,0.980523616308852,5.562684646268e-309,5.562684646268e-309
"Q.95",0.980523616495441,0.980523616495441,1,1
"theta0",115564970965161904,115564970965161904,115564970965161904,115564970965161904
"theta1",5818029958737163264,5818029958737163264,5818029958737163264,5818029958737163264
