"","AA","AB","BA","BB"
"EV",0.275416903347709,0.275416903372364,0.275416903416684,0.275416903352086
"STD",7.94328573337304e-07,7.94328573052949e-07,7.94328572167104e-07,7.94328571186407e-07
"Q.05",0.275415596794281,0.275415596818937,0.275415596863259,0.275415596798662
"Q.95",0.275418209902751,0.275418209927406,0.275418209971725,0.275418209907125
"theta0",229174670973.282,229174670973.282,229174670973.282,229174670973.282
"theta1",87110199650.5754,87110199650.5754,87110199650.5754,87110199650.5754
