"","AA","AB","BA","BB"
"EV",0.280724552087817,0.27240513158381,0.268228312546438,0.277431859959599
"STD",0.00600560246631847,0.00718585419573471,0.00657569679624931,0.00768941501922742
"Q.05",0.270890832440589,0.260653056596713,0.257470463198832,0.264858738782402
"Q.95",0.290647364932144,0.284292097811302,0.279102308610353,0.290154331549776
"theta0",2055.05891199708,2055.05891199708,2055.05891199708,2055.05891199708
"theta1",778.322346717353,778.322346717353,778.322346717353,778.322346717353
