"","AA","AB","BA","BB"
"EV",0.275497356501089,0.27549734850599,0.275497344028245,0.2754973409005
"STD",1.71171437089053e-05,1.71171910070586e-05,1.71171902801113e-05,1.71171982856546e-05
"Q.05",0.275469201679891,0.275469193606995,0.275469189130446,0.275469185989533
"Q.95",0.275525512071712,0.275525504154413,0.275525499675473,0.275525496560896
"theta0",493550894.134886,493550894.134886,493550894.134886,493550894.134886
"theta1",187676279.311995,187676279.311995,187676279.311995,187676279.311995
