"","AA","AB","BA","BB"
"EV",0.415668536628178,0.415668544160315,0.415668555653729,0.415668542918977
"STD",1.06270315458276e-05,1.06270343802029e-05,1.06270353243742e-05,1.06270364459737e-05
"Q.05",0.41565105676138,0.415651064288855,0.415651075780715,0.415651063044118
"Q.95",0.415686016584144,0.415686024120944,0.41568603561591,0.415686022883003
"theta0",1256727772.43414,1256727772.43414,1256727772.43414,1256727772.43414
"theta1",893982687.106465,893982687.106465,893982687.106465,893982687.106465
