"","AA","AB","BA","BB"
"EV",0.239572303223222,0.239572303218843,0.239572303223271,0.239572303220885
"STD",2.20418032994019e-07,2.20418032999458e-07,2.20418033055521e-07,2.20418033056738e-07
"Q.05",0.2395719406679,0.239571940663521,0.239571940667949,0.239571940665563
"Q.95",0.239572665778702,0.239572665774323,0.239572665778751,0.239572665776365
"theta0",2851400465953.92,2851400465953.92,2851400465953.92,2851400465953.92
"theta1",898332056985.125,898332056985.125,898332056985.125,898332056985.125
