"","AA","AB","BA","BB"
"EV",0.23265146239165,0.261242272463765,0.246011259113692,0.223446912765437
"STD",0.0100362786342966,0.0132919580154373,0.0071470200740507,0.00948097707268596
"Q.05",0.216316003056286,0.239629160108106,0.234335315979087,0.208016218001883
"Q.95",0.249330228575189,0.283353097085651,0.257846320994392,0.239203643682533
"theta0",454.253939520153,454.253939520153,454.253939520153,454.253939520153
"theta1",144.110535554807,144.110535554807,144.110535554807,144.110535554807
