"","AA","AB","BA","BB"
"EV",0.415670502478735,0.41567051815993,0.415670454485703,0.415670539641865
"STD",3.379031940006e-05,3.37904256920912e-05,3.37901495109535e-05,3.37904004494953e-05
"Q.05",0.415614922800041,0.415614938306404,0.415614875086448,0.415614959829859
"Q.95",0.415726083058914,0.415726098914947,0.415726034786436,0.415726120355361
"theta0",124301692.369237,124301692.369237,124301692.369237,124301692.369237
"theta1",88423650.3934536,88423650.3934536,88423650.3934536,88423650.3934536
