"","AA","AB","BA","BB"
"EV",0.275497186996282,0.27549720092466,0.275497192341226,0.275497188820553
"STD",1.7020622178575e-05,1.70205987540408e-05,1.70206330271944e-05,1.70206205212688e-05
"Q.05",0.27546919093466,0.275469204901566,0.275469196261759,0.275469192761656
"Q.95",0.275525183798903,0.27552519768875,0.275525189161691,0.275525185620447
"theta0",499166798.326095,499166798.326095,499166798.326095,499166798.326095
"theta1",189811619.692314,189811619.692314,189811619.692314,189811619.692314
