"","AA","AB","BA","BB"
"EV",0.415630588834225,0.415630594875422,0.415630616495518,0.415630615783169
"STD",1.62717244621104e-05,1.6271736265463e-05,1.62717092839408e-05,1.62717334213802e-05
"Q.05",0.4156038243338,0.415603830355582,0.415603852020059,0.415603851268008
"Q.95",0.4156573535438,0.415657359604412,0.415657381180128,0.415657380507481
"theta0",536061347.422177,536061347.422177,536061347.422177,536061347.422177
"theta1",381271680.364814,381271680.364814,381271680.364814,381271680.364814
