"","AA","AB","BA","BB"
"EV",0.275327533962879,0.289945899265472,0.27517409373006,0.267901550450173
"STD",0.0081987441723815,0.00938141309939106,0.00718810394414891,0.00816459146299242
"Q.05",0.261928122350208,0.274617204677929,0.263417108139154,0.254561995652013
"Q.95",0.288899160976703,0.30547892668104,0.287063575219187,0.281420585446477
"theta0",1098.26584425315,1098.26584425315,1098.26584425315,1098.26584425315
"theta1",420.958584752552,420.958584752552,420.958584752552,420.958584752552
