"","AA","AB","BA","BB"
"EV",0.415668661297955,0.415668524704301,0.415668592888069,0.415668704738028
"STD",3.26573851724254e-05,3.26573135747927e-05,3.26573661854379e-05,3.26572616279372e-05
"Q.05",0.415614945100527,0.415614808624639,0.415614876721872,0.415614988743809
"Q.95",0.41572237833745,0.415722241626027,0.415722309896333,0.415722421574307
"theta0",133076505.792325,133076505.792325,133076505.792325,133076505.792325
"theta1",94664995.9826547,94664995.9826547,94664995.9826547,94664995.9826547
