"","AA","AB","BA","BB"
"EV",0.245136583330665,0.235529523074761,0.236757050215774,0.241554929521636
"STD",0.00603888506304657,0.00653887256917575,0.00540427786359603,0.00626399324585372
"Q.05",0.235260812310476,0.224845753488271,0.227916349709361,0.231314755364643
"Q.95",0.255126608339082,0.246356158557167,0.245694527281517,0.251921015997263
"theta0",2681.53250177291,2681.53250177291,2681.53250177291,2681.53250177291
"theta1",845.613735290555,845.613735290555,845.613735290555,845.613735290555
