"","AA","AB","BA","BB"
"EV",0.275563446549588,0.275563446764449,0.275563446884294,0.275563446929682
"STD",1.97667033636857e-06,1.9766703583955e-06,1.97667036632214e-06,1.97667037479904e-06
"Q.05",0.275560195221211,0.275560195436035,0.275560195555867,0.275560195601241
"Q.95",0.275566697887955,0.275566698102852,0.27556669822271,0.275566698268112
"theta0",37012959065.168,37012959065.168,37012959065.168,37012959065.168
"theta1",14079105382.5009,14079105382.5009,14079105382.5009,14079105382.5009
