"","AA","AB","BA","BB"
"EV",0.41565802505663,0.415658168647768,0.415658205747806,0.415658212705866
"STD",3.7550339937706e-05,3.7550352491592e-05,3.75503737935172e-05,3.75503794430289e-05
"Q.05",0.415596260800492,0.415596404370981,0.41559644143598,0.415596448384748
"Q.95",0.415719790426215,0.415719934038002,0.415719971173078,0.415719978140432
"theta0",100655668.13263,100655668.13263,100655668.13263,100655668.13263
"theta1",71599097.9036263,71599097.9036263,71599097.9036263,71599097.9036263
