"","AA","AB","BA","BB"
"EV",0.275508959905442,0.275508928952329,0.275509002618612,0.275508941039209
"STD",2.30980535211593e-05,2.30980220638623e-05,2.30980412952158e-05,2.30979827727462e-05
"Q.05",0.275470967670601,0.27547093676923,0.27547101040388,0.275470948920734
"Q.95",0.275546953504811,0.275546922499954,0.275546996197871,0.275546934522203
"theta0",271050568.531449,271050568.531449,271050568.531449,271050568.531449
"theta1",103074924.921565,103074924.921565,103074924.921565,103074924.921565
