"","AA","AB","BA","BB"
"EV",0.415692530457153,0.415692529150617,0.415692532757279,0.415692531218593
"STD",6.58542950336668e-06,6.58543024525856e-06,6.5854309877989e-06,6.58543115595076e-06
"Q.05",0.415681698406665,0.415681697098909,0.41568170070435,0.415681699165386
"Q.95",0.415703362541872,0.415703361236557,0.41570336484444,0.41570336330603
"theta0",3272552647.68257,3272552647.68257,3272552647.68257,3272552647.68257
"theta1",2328184670.89543,2328184670.89543,2328184670.89543,2328184670.89543
