"","AA","AB","BA","BB"
"EV",0.415656368855466,0.415656403118092,0.415656334331568,0.415656459760667
"STD",2.94288837844488e-05,2.94289304108486e-05,2.94287457584398e-05,2.94289326161933e-05
"Q.05",0.415607962991181,0.415607997177114,0.415607928694312,0.415608053816062
"Q.95",0.415704775403661,0.415704809742982,0.415704740652727,0.415704866389184
"theta0",163878302.902521,163878302.902521,163878302.902521,163878302.902521
"theta1",116570221.769199,116570221.769199,116570221.769199,116570221.769199
