"","AA","AB","BA","BB"
"EV",0.415644035094986,0.415644022036449,0.415644006144773,0.415644049520936
"STD",1.74193301010649e-05,1.74193516859992e-05,1.74193291098506e-05,1.74193518522778e-05
"Q.05",0.415615382966514,0.415615369872474,0.415615354017932,0.415615397356686
"Q.95",0.41567268746311,0.415672674440078,0.415672658511267,0.415672701924838
"theta0",467748360.342193,467748360.342193,467748360.342193,467748360.342193
"theta1",332702705.264723,332702705.264723,332702705.264723,332702705.264723
