"","AA","AB","BA","BB"
"EV",0.239666829714629,0.239666839403039,0.239666841587003,0.239666849571969
"STD",1.57503218515198e-05,1.57503517768906e-05,1.57503478271601e-05,1.57503574840581e-05
"Q.05",0.239640923143575,0.239640932782763,0.239640934973224,0.239640942942307
"Q.95",0.239692737091614,0.239692746829248,0.239692749006716,0.239692757007567
"theta0",558514938.418495,558514938.418495,558514938.418495,558514938.418495
"theta1",176051127.932122,176051127.932122,176051127.932122,176051127.932122
