"","AA","AB","BA","BB"
"EV",0.27552371061766,0.275523710408827,0.275523710478618,0.275523710283362
"STD",2.14657471969523e-06,2.14657478321137e-06,2.14657475136971e-06,2.14657478952359e-06
"Q.05",0.275520179822339,0.275520179613401,0.275520179683244,0.275520179487926
"Q.95",0.275527241424765,0.275527241216036,0.275527241285775,0.275527241090582
"theta0",31384504693.0147,31384504693.0147,31384504693.0147,31384504693.0147
"theta1",11935760090.8294,11935760090.8294,11935760090.8294,11935760090.8294
