"","AA","AB","BA","BB"
"EV",0.275481400923623,0.275481403035088,0.27548140360687,0.2754814016033
"STD",8.81240788203933e-06,8.81240862130363e-06,8.81240558048517e-06,8.8124071653006e-06
"Q.05",0.275466905901884,0.275466908012133,0.275466908588917,0.27546690658274
"Q.95",0.275495896144018,0.275495898256698,0.275495898823479,0.275495896822516
"theta0",1862095632.93933,1862095632.93933,1862095632.93933,1862095632.93933
"theta1",708018700.633254,708018700.633254,708018700.633254,708018700.633254
