"","AA","AB","BA","BB"
"EV",0.239650008559832,0.239650009525472,0.239650010935563,0.239650007875195
"STD",5.83192686976749e-06,5.8319280387442e-06,5.83192756119398e-06,5.83192821385533e-06
"Q.05",0.239640415949022,0.239640416912739,0.239640418323616,0.239640415262175
"Q.95",0.23965960128115,0.239659602248712,0.239659603658017,0.239659600598724
"theta0",4073616673.74248,4073616673.74248,4073616673.74248,4073616673.74248
"theta1",1283938035.43504,1283938035.43504,1283938035.43504,1283938035.43504
