"","AA","AB","BA","BB"
"EV",0.423194048989304,0.419274203295929,0.40034286261765,0.411187310332051
"STD",0.00892617848449949,0.00800398182383335,0.00992593895634847,0.00922235705347411
"Q.05",0.408540014831612,0.406132774680073,0.384062319117403,0.396053067630756
"Q.95",0.437905122665189,0.432463952491004,0.416716472102173,0.426392539811126
"theta0",896.550686914409,896.550686914409,896.550686914409,896.550686914409
"theta1",632.092276146233,632.092276146233,632.092276146233,632.092276146233
