"","AA","AB","BA","BB"
"EV",0.23967638945373,0.239676381621692,0.239676377457338,0.239676392335386
"STD",1.80791369953095e-05,1.80791491478075e-05,1.80791310917951e-05,1.80791447549826e-05
"Q.05",0.239646652450582,0.239646644598555,0.239646640463899,0.239646655319475
"Q.95",0.239706127518688,0.23970611970664,0.239706115512585,0.239706130413108
"theta0",423902004.678346,423902004.678346,423902004.678346,423902004.678346
"theta1",133626390.387459,133626390.387459,133626390.387459,133626390.387459
