"","AA","AB","BA","BB"
"EV",0.275517032031981,0.275517034664639,0.275517029614951,0.275517036583305
"STD",1.23482481922326e-05,1.23482605102824e-05,1.23482546437041e-05,1.23482615556699e-05
"Q.05",0.275496721166136,0.275496723778533,0.275496718738494,0.275496725695479
"Q.95",0.275537343287785,0.275537345940705,0.275537340881367,0.27553734786109
"theta0",948403278.32467,948403278.32467,948403278.32467,948403278.32467
"theta1",360672741.181778,360672741.181778,360672741.181778,360672741.181778
