"","AA","AB","BA","BB"
"EV",0.415652050598869,0.415652140347115,0.415652088216662,0.41565210055895
"STD",2.53089723206462e-05,2.53089885276861e-05,2.53090516783346e-05,2.53090540895554e-05
"Q.05",0.415610421296873,0.41561051101846,0.415610458784135,0.415610471122457
"Q.95",0.415693680406718,0.415693770181622,0.415693718155044,0.415693730501298
"theta0",221574963.2354,221574963.2354,221574963.2354,221574963.2354
"theta1",157608330.3209,157608330.3209,157608330.3209,157608330.3209
