"","AA","AB","BA","BB"
"EV",0.239677800397322,0.239677856389353,0.239677836909404,0.239677829189535
"STD",1.77718754498387e-05,1.77718775335691e-05,1.77719076097671e-05,1.77719080914195e-05
"Q.05",0.239648568776544,0.239648624765147,0.239648605235728,0.239648597515068
"Q.95",0.239707033044116,0.239707089039574,0.239707069609097,0.239707061890021
"theta0",438686932.953966,438686932.953966,438686932.953966,438686932.953966
"theta1",138288131.938073,138288131.938073,138288131.938073,138288131.938073
