"","AA","AB","BA","BB"
"EV",0.415650378718324,0.415650439714918,0.415650480666669,0.415650459855795
"STD",2.3138450160797e-05,2.31385195317715e-05,2.31384823473617e-05,2.31384723363826e-05
"Q.05",0.415612319566058,0.415612380448549,0.415612421461461,0.415612400667054
"Q.95",0.415688438293407,0.415688499404107,0.415688540294694,0.415688519467353
"theta0",265095618.791406,265095618.791406,265095618.791406,265095618.791406
"theta1",188563692.019192,188563692.019192,188563692.019192,188563692.019192
