"","AA","AB","BA","BB"
"EV",0.275500593464029,0.275500449726049,0.275500510549086,0.27550024449464
"STD",4.08571644658894e-05,4.08570343368402e-05,4.0857266753657e-05,4.08571820867619e-05
"Q.05",0.275433391543723,0.275433248019775,0.275433308460544,0.275433042545357
"Q.95",0.275567799653987,0.275567655701953,0.275567716907305,0.275567450713589
"theta0",86627679.8921694,86627679.8921694,86627679.8921694,86627679.8921694
"theta1",32941310.6440249,32941310.6440249,32941310.6440249,32941310.6440249
