"","AA","AB","BA","BB"
"EV",0.415648287776561,0.415648272750795,0.415648327293782,0.415648275833749
"STD",1.96143246162694e-05,1.96143420986889e-05,1.96143091492984e-05,1.9614348022716e-05
"Q.05",0.415616025235492,0.41561601018097,0.415616064778153,0.415616013254179
"Q.95",0.415680550621469,0.415680535624459,0.415680590113248,0.415680538717156
"theta0",368915243.138532,368915243.138532,368915243.138532,368915243.138532
"theta1",262408730.742358,262408730.742358,262408730.742358,262408730.742358
