"","AA","AB","BA","BB"
"EV",0.239677028552075,0.239677029082961,0.239677029207723,0.239677028486061
"STD",4.0856795614995e-06,4.08567982208594e-06,4.08567917273205e-06,4.0856797237283e-06
"Q.05",0.239670308234343,0.239670308764801,0.239670308890631,0.239670308168062
"Q.95",0.239683748924033,0.239683749455349,0.239683749579042,0.239683748858286
"theta0",8300303447.81037,8300303447.81037,8300303447.81037,8300303447.81037
"theta1",2616509225.97347,2616509225.97347,2616509225.97347,2616509225.97347
