"","AA","AB","BA","BB"
"EV",0.239663650054275,0.239663569883644,0.239663609689653,0.239663552319379
"STD",3.59686902012324e-05,3.5968387049719e-05,3.59688571816162e-05,3.59688089052149e-05
"Q.05",0.239604488925372,0.239604409253348,0.239604448286113,0.239604390995241
"Q.95",0.239722815386354,0.239722734717049,0.239722775296411,0.239722717846724
"theta0",107092695.163081,107092695.163081,107092695.163081,107092695.163081
"theta1",33756400.7243933,33756400.7243933,33756400.7243933,33756400.7243933
