"","AA","AB","BA","BB"
"EV",0.239685988543813,0.239685988657134,0.239685988217987,0.239685988167246
"STD",4.29577905033751e-06,4.29577855295692e-06,4.2957793376138e-06,4.29577926878978e-06
"Q.05",0.239678922646034,0.239678922760173,0.239678922319736,0.239678922269108
"Q.95",0.239693054501537,0.23969305461404,0.239693054176184,0.239693054125329
"theta0",7508353244.8061,7508353244.8061,7508353244.8061,7508353244.8061
"theta1",2366978697.30576,2366978697.30576,2366978697.30576,2366978697.30576
