"","AA","AB","BA","BB"
"EV",0.415659277216258,0.415659265903404,0.415659264220638,0.415659312228202
"STD",1.66179428328194e-05,1.66179376094291e-05,1.66179491346195e-05,1.66179465302799e-05
"Q.05",0.415631943241749,0.415631931937486,0.415631930235763,0.415631978247611
"Q.95",0.415686611408834,0.415686600087388,0.41568659842358,0.41568664642686
"theta0",513942408.359632,513942408.359632,513942408.359632,513942408.359632
"theta1",365582825.252705,365582825.252705,365582825.252705,365582825.252705
