"","AA","AB","BA","BB"
"EV",0.275505922752291,0.275505922739848,0.27550594686084,0.275505931540103
"STD",1.31947716059525e-05,1.31947907799036e-05,1.31947900445001e-05,1.31947944840818e-05
"Q.05",0.275484219507005,0.275484219463025,0.275484243585226,0.275484228257187
"Q.95",0.275527626442869,0.275527626461965,0.275527650581747,0.275527635268313
"theta0",830606452.079282,830606452.079282,830606452.079282,830606452.079282
"theta1",315857663.495067,315857663.495067,315857663.495067,315857663.495067
