"","AA","AB","BA","BB"
"EV",0.415807342629276,0.41447339444441,0.415913401472755,0.41630836591147
"STD",0.00293664871637412,0.00292321435413025,0.00292047188066482,0.00290914780770153
"Q.05",0.410980373899873,0.40966854900531,0.411112999607797,0.411526548051786
"Q.95",0.420641108951429,0.419285088522075,0.420720517279946,0.421096812644823
"theta0",15738.5089221409,15738.5089221409,15738.5089221409,15738.5089221409
"theta1",11193.7282164731,11193.7282164731,11193.7282164731,11193.7282164731
