"","AA","AB","BA","BB"
"EV",0.415833179080366,0.415833179080366,0.415833179080366,0.415833179080366
"STD",1.16322324095116e-10,1.16322324095116e-10,1.16322324095116e-10,1.16322324095116e-10
"Q.05",5.562684646268e-309,5.562684646268e-309,5.562684646268e-309,5.562684646268e-309
"Q.95",1,1,0.415833179271657,1
"theta0",10487374342526402560,10487374342526402560,10487374342526402560,10487374342526402560
"theta1",7465330205151404032,7465330205151404032,7465330205151404032,7465330205151404032
