"","AA","AB","BA","BB"
"EV",0.275451030742041,0.275451037987955,0.275451034612543,0.27545103525053
"STD",6.46636774359464e-06,6.4663691626088e-06,6.46636807048345e-06,6.46636919417453e-06
"Q.05",0.275440394567097,0.275440401810677,0.275440398437062,0.2754403990732
"Q.95",0.275461667023969,0.275461674272218,0.27546167089501,0.275461671534845
"theta0",3458269591.12874,3458269591.12874,3458269591.12874,3458269591.12874
"theta1",1314726792.03978,1314726792.03978,1314726792.03978,1314726792.03978
