"","AA","AB","BA","BB"
"EV",0.415644229462222,0.415644191930801,0.415644187277605,0.415644215096793
"STD",2.06381931672247e-05,2.06382088590191e-05,2.0638152546773e-05,2.06381979321189e-05
"Q.05",0.415610282823536,0.415610245266304,0.415610240705732,0.415610268450269
"Q.95",0.415678176437312,0.415678138931702,0.41567813418588,0.415678162079721
"theta0",333220841.992622,333220841.992622,333220841.992622,333220841.992622
"theta1",237015382.856356,237015382.856356,237015382.856356,237015382.856356
