"","AA","AB","BA","BB"
"EV",0.239680504546703,0.239680472503015,0.239680498159635,0.239680652853911
"STD",3.05590352612923e-05,3.05589390419897e-05,3.05589875329695e-05,3.05588600816772e-05
"Q.05",0.239630240923546,0.239630209038115,0.239630234614978,0.239630389518879
"Q.95",0.239730771203463,0.239730739001499,0.239730764737884,0.239730919222507
"theta0",148369493.230188,148369493.230188,148369493.230188,148369493.230188
"theta1",46771496.1648163,46771496.1648163,46771496.1648163,46771496.1648163
