"","AA","AB","BA","BB"
"EV",0.41566550404744,0.415665514074524,0.415665513912334,0.415665525763671
"STD",1.69296932521346e-05,1.69297049779651e-05,1.69297088426728e-05,1.69297126381587e-05
"Q.05",0.415637657293243,0.41563766730104,0.415637667132493,0.415637678977587
"Q.95",0.415693351027945,0.415693361074316,0.415693360918483,0.415693372776063
"theta0",495184999.136979,495184999.136979,495184999.136979,495184999.136979
"theta1",352249152.695257,352249152.695257,352249152.695257,352249152.695257
