"","AA","AB","BA","BB"
"EV",0.415685051753367,0.415685051886582,0.415685051436371,0.415685051067013
"STD",2.2875157492028e-06,2.28751568613014e-06,2.28751575851162e-06,2.28751575139289e-06
"Q.05",0.415681289126856,0.415681289260174,0.415681288809845,0.415681288440498
"Q.95",0.415688814384009,0.41568881451712,0.415688814067029,0.415688813697658
"theta0",27122530497.6623,27122530497.6623,27122530497.6623,27122530497.6623
"theta1",19295125886.0968,19295125886.0968,19295125886.0968,19295125886.0968
