"","AA","AB","BA","BB"
"EV",0.239677177763864,0.239677220276411,0.239677186645455,0.239677192733406
"STD",1.74792362237091e-05,1.74792247133675e-05,1.74792519918344e-05,1.74792579902262e-05
"Q.05",0.239648427475025,0.239648470006503,0.23964843633068,0.239648442408764
"Q.95",0.239705929045212,0.239705971538826,0.23970593795274,0.239705944050558
"theta0",453499091.909659,453499091.909659,453499091.909659,453499091.909659
"theta1",142956898.290813,142956898.290813,142956898.290813,142956898.290813
