"","AA","AB","BA","BB"
"EV",0.275488950292751,0.275489091689609,0.275489041097926,0.275489035890172
"STD",2.68272468992505e-05,2.68272994848379e-05,2.68271812003594e-05,2.68273101830486e-05
"Q.05",0.275444824318871,0.275444965629236,0.275444915232106,0.275444909812203
"Q.95",0.275533078107583,0.275533219590939,0.275533168804688,0.2755331638091
"theta0",200927444.466565,200927444.466565,200927444.466565,200927444.466565
"theta1",76400922.7988904,76400922.7988904,76400922.7988904,76400922.7988904
