"","AA","AB","BA","BB"
"EV",0.41565908501394,0.415659158055311,0.415659152928509,0.415659150609485
"STD",2.13324337276496e-05,2.13324197002109e-05,2.13324276559184e-05,2.13324092133109e-05
"Q.05",0.415623996462623,0.415624069527066,0.415624064387178,0.415624062098489
"Q.95",0.415694173924608,0.415694246942905,0.415694241829189,0.415694239479829
"theta0",311880530.039721,311880530.039721,311880530.039721,311880530.039721
"theta1",221849950.92465,221849950.92465,221849950.92465,221849950.92465
