"","AA","AB","BA","BB"
"EV",0.275504088921145,0.275504059400737,0.27550395394511,0.275504309402073
"STD",4.15291212076305e-05,4.15293631207182e-05,4.15287869322501e-05,4.15292353890017e-05
"Q.05",0.275435781801103,0.27543575188281,0.275435647374869,0.275436002094229
"Q.95",0.275572400452333,0.275572371329863,0.275572264926431,0.275572621121082
"theta0",83847221.4487466,83847221.4487466,83847221.4487466,83847221.4487466
"theta1",31884588.475703,31884588.475703,31884588.475703,31884588.475703
