"","AA","AB","BA","BB"
"EV",0.275520486324672,0.27552040945714,0.275520597306788,0.275520473556886
"STD",2.85810873002155e-05,2.85810417864746e-05,2.85811295244658e-05,2.85811015104773e-05
"Q.05",0.275473475664115,0.275473398871443,0.27547358657678,0.275473462872956
"Q.95",0.275567499074313,0.275567422131914,0.275567610125883,0.275567486329902
"theta0",177029588.701025,177029588.701025,177029588.701025,177029588.701025
"theta1",67324581.0051932,67324581.0051932,67324581.0051932,67324581.0051932
