"","AA","AB","BA","BB"
"EV",0.415659164482035,0.415660652387805,0.415659860272844,0.415659928860803
"STD",9.25038961493959e-05,9.25000562692186e-05,9.25058071135831e-05,9.25052210473512e-05
"Q.05",0.415507012491142,0.41550850671261,0.415507705138805,0.415507774690712
"Q.95",0.415811323229959,0.415812804819344,0.415812022164134,0.415812089788054
"theta0",16585470.6604509,16585470.6604509,16585470.6604509,16585470.6604509
"theta1",11797778.5926664,11797778.5926664,11797778.5926664,11797778.5926664
