"","AA","AB","BA","BB"
"EV",0.27455571731944,0.276178654856317,0.276814829213726,0.275741360956174
"STD",0.00296391303414029,0.00299863915651493,0.00310930816771912,0.00311809942554709
"Q.05",0.269691831264785,0.271257790549114,0.271712739770213,0.270624970141672
"Q.95",0.279442216757942,0.281122415129654,0.281941431106374,0.280882581182909
"theta0",14505.0702685283,14505.0702685283,14505.0702685283,14505.0702685283
"theta1",5524.65058059797,5524.65058059797,5524.65058059797,5524.65058059797
