"","AA","AB","BA","BB"
"EV",0.239666693104558,0.239666648324641,0.239666675743489,0.239666638379584
"STD",1.70875439164791e-05,1.70875669311206e-05,1.70875449300958e-05,1.70875669621419e-05
"Q.05",0.239638587070272,0.2396385422525,0.239638569707535,0.239638532307392
"Q.95",0.239694800087436,0.239694755345376,0.239694782728034,0.23969474540037
"theta0",474520259.962218,474520259.962218,474520259.962218,474520259.962218
"theta1",149574774.955413,149574774.955413,149574774.955413,149574774.955413
