"","AA","AB","BA","BB"
"EV",0.275489345929157,0.275489372781775,0.275489359829798,0.275489365628398
"STD",1.42196725701585e-05,1.42196565417493e-05,1.42196808378051e-05,1.42196776029471e-05
"Q.05",0.275465956907762,0.275465983786744,0.275465970794805,0.275465976598725
"Q.95",0.275512735467762,0.275512762294015,0.275512749382003,0.275512755175282
"theta0",715178667.566135,715178667.566135,715178667.566135,715178667.566135
"theta1",271940953.722432,271940953.722432,271940953.722432,271940953.722432
