"","AA","AB","BA","BB"
"EV",0.239678442056607,0.239678438810802,0.239678444781385,0.239678436733271
"STD",1.36005144030692e-05,1.36005211597352e-05,1.3600500623313e-05,1.36005169709334e-05
"Q.05",0.239656071501611,0.239656068244693,0.239656074249054,0.239656066174051
"Q.95",0.239700813212495,0.239700809977804,0.239700815914606,0.239700807893382
"theta0",749052603.703331,749052603.703331,749052603.703331,749052603.703331
"theta1",236126093.972102,236126093.972102,236126093.972102,236126093.972102
