"","AA","AB","BA","BB"
"EV",0.275503935042504,0.275503933321104,0.275503929641765,0.275503917667914
"STD",1.54247681516883e-05,1.54247759819331e-05,1.54247684073311e-05,1.54247746715505e-05
"Q.05",0.275478563860933,0.275478562126653,0.275478558459773,0.275478546475618
"Q.95",0.275529306832608,0.275529305124088,0.27552930143229,0.275529289468742
"theta0",607801251.10953,607801251.10953,607801251.10953,607801251.10953
"theta1",231128420.662707,231128420.662707,231128420.662707,231128420.662707
