"","AA","AB","BA","BB"
"EV",0.275475364822673,0.275475372571403,0.275475360104684,0.27547536845572
"STD",9.97892820193679e-06,9.97892242899916e-06,9.97893086485501e-06,9.97892998028616e-06
"Q.05",0.275458951073797,0.275458958832023,0.275458946351429,0.275458954703919
"Q.95",0.275491778826289,0.275491786565523,0.27549177411268,0.275491782462261
"theta0",1452181793.7989,1452181793.7989,1452181793.7989,1452181793.7989
"theta1",552141767.597777,552141767.597777,552141767.597777,552141767.597777
