"","AA","AB","BA","BB"
"EV",0.415653921675846,0.415653867704582,0.41565387328909,0.415653874224114
"STD",2.79484553697804e-05,2.79485117412656e-05,2.79483496941921e-05,2.79484958055101e-05
"Q.05",0.41560795086608,0.415607896802095,0.415607902653143,0.415607903347838
"Q.95",0.415699893102463,0.415699839223924,0.415699844541884,0.415699845717243
"theta0",181699824.327751,181699824.327751,181699824.327751,181699824.327751
"theta1",129245725.606455,129245725.606455,129245725.606455,129245725.606455
