"","AA","AB","BA","BB"
"EV",0.239684035060223,0.239684078259352,0.239684061730153,0.239684058778741
"STD",2.14860913039959e-05,2.14860984266698e-05,2.14861362382725e-05,2.14861365831311e-05
"Q.05",0.239648694334836,0.23964873752225,0.239648720930859,0.23964871797888
"Q.95",0.239719377285238,0.239719420496083,0.239719404029082,0.239719401078238
"theta0",300130316.168204,300130316.168204,300130316.168204,300130316.168204
"theta1",94613894.4726443,94613894.4726443,94613894.4726443,94613894.4726443
