"","AA","AB","BA","BB"
"EV",0.42902527905734,0.416861737835148,0.410222799025532,0.40943930110072
"STD",0.00876517400079766,0.0109905638771345,0.00681030632727456,0.0111600128359366
"Q.05",0.414632885364914,0.398830340364516,0.399040292695793,0.391135252420721
"Q.95",0.443468317651283,0.434987153071846,0.421444454361007,0.427849509445244
"theta0",922.949470482572,922.949470482572,922.949470482572,922.949470482572
"theta1",658.493692461486,658.493692461486,658.493692461486,658.493692461486
