"","AA","AB","BA","BB"
"EV",0.275485091072042,0.275485089566979,0.275485089971483,0.275485089384781
"STD",4.10170437666837e-06,4.1017049201399e-06,4.1017047612378e-06,4.10170497755621e-06
"Q.05",0.27547834439024,0.275478342884283,0.275478343289047,0.27547834270199
"Q.95",0.275491837796881,0.275491836292712,0.275491836696954,0.275491836110608
"theta0",8595356714.03296,8595356714.03296,8595356714.03296,8595356714.03296
"theta1",3268245532.59835,3268245532.59835,3268245532.59835,3268245532.59835
