"","AA","AB","BA","BB"
"EV",0.23961542794124,0.239615427771815,0.239615427970396,0.239615427864664
"STD",9.60396910921023e-07,9.6039691313887e-07,9.6039691324126e-07,9.60396914649513e-07
"Q.05",0.239613848230397,0.239613848060968,0.239613848259548,0.239613848153815
"Q.95",0.239617007655081,0.239617007485659,0.23961700768424,0.239617007578512
"theta0",150203432074.309,150203432074.309,150203432074.309,150203432074.309
"theta1",47332706325.8049,47332706325.8049,47332706325.8049,47332706325.8049
