"","AA","AB","BA","BB"
"EV",0.275477346345944,0.275477344901859,0.275477347162778,0.275477345948692
"STD",5.47527656870484e-06,5.47527799036656e-06,5.47527798496586e-06,5.47527825052327e-06
"Q.05",0.275468340355766,0.275468338909343,0.275468341170271,0.275468339955748
"Q.95",0.275486352412811,0.275486350971065,0.275486353231975,0.275486352018326
"theta0",4823668221.02933,4823668221.02933,4823668221.02933,4823668221.02933
"theta1",1834050754.29831,1834050754.29831,1834050754.29831,1834050754.29831
