"","AA","AB","BA","BB"
"EV",0.27550997954784,0.275509759700003,0.275509758544409,0.275509540394776
"STD",5.038408685813e-05,5.03845857521258e-05,5.03838843439976e-05,5.03838543611146e-05
"Q.05",0.275427108346157,0.275426887677782,0.275426887675811,0.275426669575497
"Q.95",0.275592857242077,0.275592638214917,0.275592635905518,0.27559241770657
"theta0",56964813.0911287,56964813.0911287,56964813.0911287,56964813.0911287
"theta1",21662627.1729951,21662627.1729951,21662627.1729951,21662627.1729951
