"","AA","AB","BA","BB"
"EV",0.41563834887106,0.415638349341631,0.415638349752881,0.415638350005114
"STD",2.91781317410111e-06,2.91781326949045e-06,2.9178132624922e-06,2.91781309138384e-06
"Q.05",0.415633549498841,0.415633549969254,0.415633550380516,0.41563355063303
"Q.95",0.415643148250005,0.415643148720732,0.415643149131971,0.415643149383923
"theta0",16671091438.507,16671091438.507,16671091438.507,16671091438.507
"theta1",11857631183.8699,11857631183.8699,11857631183.8699,11857631183.8699
