"","AA","AB","BA","BB"
"EV",0.4156313171166,0.415631285967478,0.415631324724302,0.415631330634621
"STD",2.17504849024711e-05,2.17504589301747e-05,2.17504834771601e-05,2.17504521291042e-05
"Q.05",0.415595540939467,0.415595509833066,0.415595548549514,0.415595554511395
"Q.95",0.415667093667435,0.415667062475592,0.415667101272793,0.415667107131548
"theta0",300015414.831724,300015414.831724,300015414.831724,300015414.831724
"theta1",213385495.061625,213385495.061625,213385495.061625,213385495.061625
