"","AA","AB","BA","BB"
"EV",0.415638458673733,0.415638362061326,0.41563831004766,0.415638295304169
"STD",3.13930953367772e-05,3.13931651074662e-05,3.13931946025026e-05,3.13932285165723e-05
"Q.05",0.415586822016208,0.41558672528904,0.41558667322686,0.415586658427586
"Q.95",0.415690096109684,0.415689999612042,0.415689947646892,0.415689932959186
"theta0",144014425.5738,144014425.5738,144014425.5738,144014425.5738
"theta1",102433004.972034,102433004.972034,102433004.972034,102433004.972034
