"","AA","AB","BA","BB"
"EV",0.275501240165632,0.275501260017268,0.275501166518256,0.275501426957938
"STD",3.61753751374861e-05,3.61755481390666e-05,3.61754826672669e-05,3.61755163893337e-05
"Q.05",0.275441738642244,0.275441758209333,0.275441664818008,0.275441925202222
"Q.95",0.275560745036209,0.275560765172424,0.275560671565716,0.275560932060865
"theta0",110500934.339454,110500934.339454,110500934.339454,110500934.339454
"theta1",42019601.9761279,42019601.9761279,42019601.9761279,42019601.9761279
