"","AA","AB","BA","BB"
"EV",0.275503801799022,0.275503745299739,0.275503829602948,0.275503783227896
"STD",2.39929961669856e-05,2.39930949099742e-05,2.3993064938618e-05,2.39931080085931e-05
"Q.05",0.275464337568444,0.275464280906749,0.275464365259255,0.275464318813361
"Q.95",0.275543267501966,0.275543211165107,0.275543295419016,0.27554324911481
"theta0",251203928.42467,251203928.42467,251203928.42467,251203928.42467
"theta1",95525184.7913588,95525184.7913588,95525184.7913588,95525184.7913588
