"","AA","AB","BA","BB"
"EV",0.260351697349394,0.265905454384632,0.285765049229121,0.278076891017664
"STD",0.010010328450919,0.00926759643974594,0.00851545534891812,0.00763620139073962
"Q.05",0.244028665746733,0.250779213697505,0.271845128069288,0.265589942937207
"Q.95",0.276958534154292,0.281266080450657,0.299858146320211,0.290710491964394
"theta0",803.653731735828,803.653731735828,803.653731735828,803.653731735828
"theta1",301.06146039639,301.06146039639,301.06146039639,301.06146039639
