"","AA","AB","BA","BB"
"EV",0.239657259296124,0.239657205609392,0.23965725323042,0.239657265600289
"STD",1.8783757785633e-05,1.87837312493746e-05,1.87837582957014e-05,1.87837337685812e-05
"Q.05",0.239626363337177,0.239626309694092,0.239626357270634,0.239626369680845
"Q.95",0.239688156401407,0.239688102671025,0.239688150336542,0.239688162666066
"theta0",392684481.499036,392684481.499036,392684481.499036,392684481.499036
"theta1",123772707.541731,123772707.541731,123772707.541731,123772707.541731
