"","AA","AB","BA","BB"
"EV",0.239680756048373,0.239680805306569,0.239680774960623,0.239680831812965
"STD",3.16221502910986e-05,3.16220392093986e-05,3.16222798099389e-05,3.16222604277776e-05
"Q.05",0.239628743863975,0.239628793304872,0.239628762563197,0.239628819447418
"Q.95",0.239732771481112,0.239732820556583,0.239732790606414,0.239732847426872
"theta0",138560002.192837,138560002.192837,138560002.192837,138560002.192837
"theta1",43679247.7822407,43679247.7822407,43679247.7822407,43679247.7822407
