"","AA","AB","BA","BB"
"EV",0.415636132025807,0.415636113991198,0.415636190616238,0.415636107009703
"STD",2.48710889346038e-05,2.48710707898641e-05,2.48710610955213e-05,2.48710064384067e-05
"Q.05",0.415595222969259,0.415595204964495,0.415595281605481,0.415595198088847
"Q.95",0.415677041570952,0.415677023506497,0.415677100115591,0.415677016419152
"theta0",229450947.616714,229450947.616714,229450947.616714,229450947.616714
"theta1",163199867.542556,163199867.542556,163199867.542556,163199867.542556
