"","AA","AB","BA","BB"
"EV",0.239676301068474,0.239676178133024,0.23967606927113,0.239676295934365
"STD",3.85618108400206e-05,3.85618164971755e-05,3.85617623566075e-05,3.8561785856009e-05
"Q.05",0.239612874949436,0.239612752004684,0.239612643231837,0.239612869856419
"Q.95",0.239739732018172,0.239739609092031,0.239739500141077,0.239739726842965
"theta0",93175618.697172,93175618.697172,93175618.697172,93175618.697172
"theta1",29371669.7865323,29371669.7865323,29371669.7865323,29371669.7865323
