"","AA","AB","BA","BB"
"EV",0.241059927229209,0.238890582060888,0.240933826088862,0.239844953921586
"STD",0.00310162965945804,0.00294581521660268,0.00316982682589047,0.00310922177763786
"Q.05",0.235973710479414,0.234059342207732,0.23573613894696,0.23474645313193
"Q.95",0.246177109723693,0.24375016317587,0.246163883085326,0.244974826409562
"theta0",13486.3572685004,13486.3572685004,13486.3572685004,13486.3572685004
"theta1",4263.10764922328,4263.10764922328,4263.10764922328,4263.10764922328
