"","AA","AB","BA","BB"
"EV",0.275494312202565,0.275494297526272,0.275494321645898,0.275494302271864
"STD",1.33821003413086e-05,1.33821003305142e-05,1.33820986644579e-05,1.33820990572114e-05
"Q.05",0.275472300835313,0.275472286159039,0.275472310281405,0.275472290906725
"Q.95",0.275516324027877,0.275516309351567,0.275516333468452,0.275516314095064
"theta0",807508552.368745,807508552.368745,807508552.368745,807508552.368745
"theta1",307056262.970695,307056262.970695,307056262.970695,307056262.970695
