"","AA","AB","BA","BB"
"EV",0.239658793305907,0.239658801291059,0.239658796607222,0.239658801023809
"STD",1.31257969551781e-05,1.31257926372899e-05,1.31257946219392e-05,1.31257839514332e-05
"Q.05",0.239637203571055,0.23963721156331,0.239637206876208,0.239637211310347
"Q.95",0.239680383600508,0.239680391578558,0.239680386897985,0.239680391297021
"theta0",804190186.555922,804190186.555922,804190186.555922,804190186.555922
"theta1",253479954.791928,253479954.791928,253479954.791928,253479954.791928
