"","AA","AB","BA","BB"
"EV",0.415664138506055,0.415663992792573,0.415664039322537,0.415664018184544
"STD",2.76483776230521e-05,2.76484687236613e-05,2.76485002357713e-05,2.76485202645764e-05
"Q.05",0.415618661273633,0.415618515410307,0.415618561888438,0.415618540717501
"Q.95",0.415709616342075,0.415709470778443,0.41570951736024,0.415709496255192
"theta0",185662208.892925,185662208.892925,185662208.892925,185662208.892925
"theta1",132069753.368549,132069753.368549,132069753.368549,132069753.368549
