"","AA","AB","BA","BB"
"EV",0.239671042943899,0.239671038268288,0.239671046089229,0.239671051364857
"STD",1.50386225896121e-05,1.50386295068687e-05,1.5038606363452e-05,1.50386231904696e-05
"Q.05",0.239646306978352,0.239646302291363,0.239646310150371,0.239646315398322
"Q.95",0.239695779644167,0.239695774979935,0.239695782762807,0.239695788066114
"theta0",612635022.752716,612635022.752716,612635022.752716,612635022.752716
"theta1",193114933.827902,193114933.827902,193114933.827902,193114933.827902
