"","AA","AB","BA","BB"
"EV",0.278818380237251,0.273607496214443,0.272782140677231,0.273789533458828
"STD",0.00479718785150523,0.0048040500687776,0.00523278346132386,0.00524714048434084
"Q.05",0.270956534175224,0.265735479213054,0.264210706745805,0.265194438014909
"Q.95",0.286737801027531,0.281539306737304,0.281424912127581,0.282455876386942
"theta0",4674.68172264411,4674.68172264411,4674.68172264411,4674.68172264411
"theta1",1770.9271286975,1770.9271286975,1770.9271286975,1770.9271286975
