"","AA","AB","BA","BB"
"EV_y",0.253040316083479,0.291371246727718,0.284844292412068,0.282843813270051
"SD_y",0.0106033148543579,0.0210582621502294,0.00779022181650554,0.0125465326883176
