"","AA","AB","BA","BB"
"EV_y",0.222831974170137,0.247473797537682,0.246225937423367,0.275719851254442
"SD_y",0.00810557387342432,0.0100804109264946,0.0113668107810531,0.0165386626080217
