"","AA","AB","BA","BB"
"EV_y",0.269208727338079,0.285541851464045,0.231561698178707,0.279944359907278
"SD_y",0.0104185680074742,0.00913690201812179,0.0207424087018094,0.00991662425556837
