"","Mean","SD","MCSE","ESS","LB","Median","UB"
"u0",6.02516727574874,0.857108292397617,0.0485789901383081,145.101690070237,4.17488350302402,6.07723903157531,7.52916691203499
"u1",4.91437723098617,0.851117677262175,0.0482303882925221,146.62650183355,3.07118008204676,4.96912897018658,6.40495235649999
"Deviance",6638.59213977635,1.64995788724772,0.0258711624517994,1637.49073350437,6637.11763779273,6638.05029371718,6643.17651911146
"",1,0,0,2.22044604925031e-16,1,1,1
"",-3319.5261481176,NA,NA,NA,NA,NA,NA
"u0",6.02516727574874,0.857108292397617,0.0485789901383081,145.101690070237,4.17488350302402,6.07723903157531,7.52916691203499
"u1",4.91437723098617,0.851117677262175,0.0482303882925221,146.62650183355,3.07118008204676,4.96912897018658,6.40495235649999
"Deviance",6638.59213977635,1.64995788724772,0.0258711624517994,1637.49073350437,6637.11763779273,6638.05029371718,6643.17651911146
"",1,0,0,2.22044604925031e-16,1,1,1
