"","AA","AB","BA","BB"
"EV_y",0.232518918563897,0.21465300544321,0.258640603045756,0.237616903785013
"SD_y",0.00706313699479553,0.016463908460603,0.00970505187458949,0.0177118830762886
