"","AA","AB","BA","BB"
"EV_y",0.43017475995422,0.417222557040949,0.38653203937717,0.417992151583215
"SD_y",0.0109974911388083,0.00990027863010616,0.0146175755224963,0.0123951540531233
