"","Mean","SD","MCSE","ESS","LB","Median","UB"
"u0",5.97385075880159,1.02758339274907,0.0602374713464865,65.4133732014482,3.77905500165645,6.03851140227444,8.00381479667835
"u1",5.64839459289117,1.01848830475024,0.05969204699276,68.9811766042758,3.47565781387068,5.71074438339444,7.66637533006149
"Deviance",8184.6581006261,1.79124127053721,0.0383412884674055,615.925811418881,8183.02387051897,8184.06306824188,8189.59619004201
"",1,0,0,2.22044604925031e-16,1,1,1
"",-4092.72317505938,NA,NA,NA,NA,NA,NA
"u0",5.92066970149851,0.952616682218519,0.065687118940283,57.3462668360966,3.76386287079786,6.03616707223179,7.51365936041194
"u1",5.59553895951692,0.943618810505708,0.0650487363123625,53.5367782684338,3.45437472981297,5.70908862710452,7.17739337633817
"Deviance",8184.60759980689,1.79696100221243,0.0289389553727421,410.162045128668,8183.02103547561,8183.98510459127,8189.63461178391
"",1,0,0,2.22044604925031e-16,1,1,1
