"","AA","AB","BA","BB"
"EV_y",0.264640929159521,0.256947335299378,0.271512979109614,0.290010123529484
"SD_y",0.0130588096189369,0.0113528363433273,0.010178789822969,0.0086752993346317
