"","AA","AB","BA","BB"
"EV_y",0.255692013093926,0.281548026440445,0.284334250255367,0.280568443238437
"SD_y",0.0101987761554908,0.0183929804787534,0.0073117363027193,0.0148278351563087
