"","Mean","SD","MCSE","ESS","LB","Median","UB"
"u0",6.27069450149664,0.782643854510233,0.0448146169391014,111.393591119959,4.74717055721915,6.27935450776759,7.71806668790265
"u1",5.10474074034086,0.782871891188264,0.0448374517432175,105.917893392741,3.57838260044649,5.11076883029287,6.55541213223995
"Deviance",6640.52616540982,1.77290667069496,0.0379264443981074,676.808481180838,6638.85898538007,6639.99697106435,6645.24877531631
"",1,0,0,2.22044604925031e-16,1,1,1
"",-3320.67595789789,NA,NA,NA,NA,NA,NA
"u0",6.27069450149664,0.782643854510233,0.0448146169391014,111.393591119959,4.74717055721915,6.27935450776759,7.71806668790265
"u1",5.10474074034086,0.782871891188264,0.0448374517432175,105.917893392741,3.57838260044649,5.11076883029287,6.55541213223995
"Deviance",6640.52616540982,1.77290667069496,0.0379264443981074,676.808481180838,6638.85898538007,6639.99697106435,6645.24877531631
"",1,0,0,2.22044604925031e-16,1,1,1
