"","AA","AB","BA","BB"
"EV_y",0.225195805542815,0.254119088597959,0.238857277457181,0.25461540051477
"SD_y",0.00876603967411419,0.0110201565348097,0.00922742564047214,0.0118915314166144
