"","Mean","SD","MCSE","ESS","LB","Median","UB"
"u0",6.24691741074084,0.871991626820135,0.0502727098037193,98.3640847337057,4.38376585177051,6.27965276616523,7.8341073465237
"u1",5.28259991112074,0.86670041446635,0.0499739633845268,102.194866864599,3.43268079963363,5.31279704149752,6.86725610624951
"Deviance",7097.37495099578,1.67962706596401,0.0362697212238646,913.259443684157,7095.84056974479,7096.80532624726,7102.04251439678
"",1,0,0,2.22044604925031e-16,1,1,1
"",-3548.89201629412,NA,NA,NA,NA,NA,NA
"u0",6.24691741074084,0.871991626820135,0.0502727098037193,98.3640847337057,4.38376585177051,6.27965276616523,7.8341073465237
"u1",5.28259991112074,0.86670041446635,0.0499739633845268,102.194866864599,3.43268079963363,5.31279704149752,6.86725610624951
"Deviance",7097.37495099578,1.67962706596401,0.0362697212238646,913.259443684157,7095.84056974479,7096.80532624726,7102.04251439678
"",1,0,0,2.22044604925031e-16,1,1,1
