"","AA","AB","BA","BB"
"EV_y",0.295332522352765,0.2669096586105,0.264084386037756,0.279512020763413
"SD_y",0.0113846013081328,0.0127389128478596,0.00858781896044604,0.0103675807388203
