"","AA","AB","BA","BB"
"EV_y",0.256262845236133,0.26371051588268,0.296082771105949,0.273450554258502
"SD_y",0.0138168463334066,0.0112059161763807,0.0109173392887985,0.00843343140871356
