"","AA","AB","BA","BB"
"EV_y",0.229187975490901,0.235785994919486,0.267775211313196,0.244269073917908
"SD_y",0.00865759423310921,0.00865553180955658,0.013948965341831,0.0120556344609568
