"","Mean","SD","MCSE","ESS","LB","Median","UB"
"u0",5.8550110063375,0.901944607679895,0.0512899984586143,135.792824134611,3.9121587796271,5.92500958306453,7.5371904260207
"u1",4.72432649011824,0.900884133231803,0.051218089579781,134.606084099888,2.77738699326066,4.79735832485923,6.40290723643209
"Deviance",6634.52567135907,1.75681620439849,0.0393652146996978,1124.95485237426,6632.83546565382,6633.97804260031,6639.2739699193
"",1,0,0,2.22044604925031e-16,1,1,1
"",-3317.29986766626,NA,NA,NA,NA,NA,NA
"u0",5.6501539916313,0.891120997485857,0.0870558880035919,50.2872787450341,3.7379135065894,5.70686930828784,7.21310965526354
"u1",4.51913423712929,0.890165611785621,0.0869816710930245,47.1639218291019,2.60537458681267,4.58077580472177,6.08257164474454
"Deviance",6634.58633484932,1.80258601988046,0.0402908876224561,421.698009220993,6632.83685031416,6634.04036720717,6639.48196105402
"",1,0,0,2.22044604925031e-16,1,1,1
