"","AA","AB","BA","BB"
"EV_y",0.26096894393023,0.260781558564708,0.29102952328283,0.268542123015
"SD_y",0.0108885023837497,0.0130170393121413,0.00874990155152979,0.00994688662939336
