"","Mean","SD","MCSE","ESS","LB","Median","UB"
"u0",6.16411911873842,0.843010664222653,0.0485360157559944,110.205572835707,4.33802805454544,6.21693817091899,7.75796525925931
"u1",5.04353185721576,0.833782938226109,0.0480102287381794,111.147506809852,3.2393598346257,5.0970118544509,6.61912907985347
"Deviance",6637.88728774386,1.68762794232554,0.0315599008162528,953.116287318102,6636.30744196635,6637.35614678878,6642.40855601449
"",1,0,0,2.22044604925031e-16,1,1,1
"",-3317.98092021543,NA,NA,NA,NA,NA,NA
"u0",6.16411911873842,0.843010664222653,0.0485360157559944,110.205572835707,4.33802805454544,6.21693817091899,7.75796525925931
"u1",5.04353185721576,0.833782938226109,0.0480102287381794,111.147506809852,3.2393598346257,5.0970118544509,6.61912907985347
"Deviance",6637.88728774386,1.68762794232554,0.0315599008162528,953.116287318102,6636.30744196635,6637.35614678878,6642.40855601449
"",1,0,0,2.22044604925031e-16,1,1,1
