"","AA","AB","BA","BB"
"EV_y",0.267162562863424,0.289639847153351,0.278420860694555,0.257776907615104
"SD_y",0.0104955311460392,0.00877598752344109,0.0127180889666057,0.0107289114290109
