"","Mean","SD","MCSE","ESS","LB","Median","UB"
"u0",6.23630581126511,0.848424631642516,0.0487878969482903,116.558593045646,4.38856079269187,6.33962978237283,7.66158834296239
"u1",5.10424551919123,0.842172557638758,0.0484414682007322,112.2687517571,3.2739534477164,5.20750931777333,6.51816753739161
"Deviance",6639.63243994514,1.82580725778486,0.0526292270067603,605.351778410949,6637.97574282008,6639.03162654503,6644.5818364958
"",1,0,0,2.22044604925031e-16,1,1,1
"",-3319.61653960778,NA,NA,NA,NA,NA,NA
"u0",6.23630581126511,0.848424631642516,0.0487878969482903,116.558593045646,4.38856079269187,6.33962978237283,7.66158834296239
"u1",5.10424551919123,0.842172557638758,0.0484414682007322,112.2687517571,3.2739534477164,5.20750931777333,6.51816753739161
"Deviance",6639.63243994514,1.82580725778486,0.0526292270067603,605.351778410949,6637.97574282008,6639.03162654503,6644.5818364958
"",1,0,0,2.22044604925031e-16,1,1,1
