"","AA","AB","BA","BB"
"EV_y",0.263042477078092,0.226703164140393,0.230529671328369,0.2448038727985
"SD_y",0.0116799084150452,0.016843058412157,0.00702554768017874,0.0118930121119406
