"","Mean","SD","MCSE","ESS","LB","Median","UB"
"u0",6.31451568621042,0.867158520541413,0.0500675793059153,99.210514629384,4.38215942262136,6.35845401810709,7.87299852070462
"u1",5.19611359735634,0.858497174728848,0.049584873527138,101.139704030978,3.29080339421475,5.2367703625576,6.73415966516851
"Deviance",6637.88223378636,1.77002336483601,0.0426048206978074,742.249270350425,6636.29198057824,6637.3206615701,6642.85798675586
"",1,0,0,2.22044604925031e-16,1,1,1
"",-3319.29103250739,NA,NA,NA,NA,NA,NA
"u0",6.31451568621042,0.867158520541413,0.0500675793059153,99.210514629384,4.38215942262136,6.35845401810709,7.87299852070462
"u1",5.19611359735634,0.858497174728848,0.049584873527138,101.139704030978,3.29080339421475,5.2367703625576,6.73415966516851
"Deviance",6637.88223378636,1.77002336483601,0.0426048206978074,742.249270350425,6636.29198057824,6637.3206615701,6642.85798675586
"",1,0,0,2.22044604925031e-16,1,1,1
