"","Mean","SD","MCSE","ESS","LB","Median","UB"
"u0",6.1000437637628,0.874426684899669,0.0501621340297657,112.027659178079,4.16063500551257,6.16412573199963,7.64938354334338
"u1",4.97661813724248,0.860712446616875,0.0493651353028584,110.33220528691,3.07377892142219,5.0407881880943,6.50629603692885
"Deviance",6637.59634727185,1.61645706818181,0.0281232894985633,1219.80350738519,6636.11895288523,6637.07933331153,6642.02704651678
"",1,0,0,2.22044604925031e-16,1,1,1
"",-3319.05065438242,NA,NA,NA,NA,NA,NA
"u0",6.1000437637628,0.874426684899669,0.0501621340297657,112.027659178079,4.16063500551257,6.16412573199963,7.64938354334338
"u1",4.97661813724248,0.860712446616875,0.0493651353028584,110.33220528691,3.07377892142219,5.0407881880943,6.50629603692885
"Deviance",6637.59634727185,1.61645706818181,0.0281232894985633,1219.80350738519,6636.11895288523,6637.07933331153,6642.02704651678
"",1,0,0,2.22044604925031e-16,1,1,1
