"","AA","AB","BA","BB"
"EV_y",0.264126939369876,0.277984252731644,0.289979279747929,0.271905167588718
"SD_y",0.00833320609527841,0.0113632008981537,0.00949263758350073,0.0122983723435279
