"","AA","AB","BA","BB"
"EV_y",0.236201234201525,0.256840775765014,0.247247630468766,0.21869536050774
"SD_y",0.0107747456840687,0.0170482948127317,0.0073285345052845,0.01108303719082
