"","Mean","SD","MCSE","ESS","LB","Median","UB"
"u0",6.16239307930965,0.816354884812934,0.0468625597278232,113.626045047425,4.48578529424426,6.20308673367831,7.68542374211466
"u1",5.18337072189631,0.816891677232674,0.0469010698795461,110.127979579294,3.51446023202245,5.22321293627363,6.71231214528249
"Deviance",7097.45123113948,1.78539394136186,0.0526555685536306,737.714518242171,7095.7811373178,7096.89681055248,7102.28406924782
"",1,0,0,2.22044604925031e-16,1,1,1
"",-3549.05807913965,NA,NA,NA,NA,NA,NA
"u0",6.16239307930965,0.816354884812934,0.0468625597278232,113.626045047425,4.48578529424426,6.20308673367831,7.68542374211466
"u1",5.18337072189631,0.816891677232674,0.0469010698795461,110.127979579294,3.51446023202245,5.22321293627363,6.71231214528249
"Deviance",7097.45123113948,1.78539394136186,0.0526555685536306,737.714518242171,7095.7811373178,7096.89681055248,7102.28406924782
"",1,0,0,2.22044604925031e-16,1,1,1
