"","AA-AB","AA-BA","AA-BB","AB-BA","AB-BB","BA-BB"
"spread_y",-0.247307407663818,-2.1232911024026,-0.792399680112866,-1.41347582739941,-0.525155704172992,0.727678600306974
"EV_y",-0.00339319905023922,-0.0260387165867802,-0.0133120667444305,-0.022645517536541,-0.00991886769419129,0.0127266498423497
"SD_y",0.0137205718271562,0.0122633757365235,0.0167996871762169,0.0160211565684893,0.0188874796853085,0.0174893831383538
