"","Mean","SD","MCSE","ESS","LB","Median","UB"
"u0",6.00290418001917,0.793536256312337,0.0448714267076409,144.935135943613,4.39235877826689,6.05537133639793,7.47766404450393
"u1",4.87904215253798,0.787938511761065,0.0445649419394651,148.420174593489,3.26793789981609,4.93385848704899,6.34116886157961
"Deviance",6636.16833607708,1.69871447527567,0.0324669164950154,1423.75163352762,6634.5803407003,6635.65529444575,6640.76457018273
"",1,0,0,2.22044604925031e-16,1,1,1
"",-3318.39477337384,NA,NA,NA,NA,NA,NA
"u0",6.00290418001917,0.793536256312337,0.0448714267076409,144.935135943613,4.39235877826689,6.05537133639793,7.47766404450393
"u1",4.87904215253798,0.787938511761065,0.0445649419394651,148.420174593489,3.26793789981609,4.93385848704899,6.34116886157961
"Deviance",6636.16833607708,1.69871447527567,0.0324669164950154,1423.75163352762,6634.5803407003,6635.65529444575,6640.76457018273
"",1,0,0,2.22044604925031e-16,1,1,1
