"","Mean","SD","MCSE","ESS","LB","Median","UB"
"u0",6.24382609570484,0.819714172835934,0.0471960702196253,107.907226011726,4.59497587962546,6.28345379626698,7.83968832017286
"u1",5.10647504428545,0.815027107382639,0.0469353303104173,99.7881553411444,3.4695268535104,5.14604181468011,6.69396845233629
"Deviance",6639.32465000058,1.63528185586698,0.0155855434787557,1460.43085460799,6637.83769774076,6638.80296051391,6643.75004085465
"",1,0,0,2.22044604925031e-16,1,1,1
"",-3319.49733075481,NA,NA,NA,NA,NA,NA
"u0",6.24382609570484,0.819714172835934,0.0471960702196253,107.907226011726,4.59497587962546,6.28345379626698,7.83968832017286
"u1",5.10647504428545,0.815027107382639,0.0469353303104173,99.7881553411444,3.4695268535104,5.14604181468011,6.69396845233629
"Deviance",6639.32465000058,1.63528185586698,0.0155855434787557,1460.43085460799,6637.83769774076,6638.80296051391,6643.75004085465
"",1,0,0,2.22044604925031e-16,1,1,1
