"","AA-AB","AA-BA","AA-BB","AB-BA","AB-BB","BA-BB"
"spread_y",1.15891842237593,2.0003688388713,0.992583938423103,0.375414548151403,-0.0674462824536894,-0.419975563403873
"EV_y",0.0194388610303523,0.0256894282718029,0.0180797351651542,0.00625056724145062,-0.0013591258651981,-0.00760969310664872
"SD_y",0.016773278131605,0.0128423457577444,0.0182148173723999,0.016649773622864,0.0201512346678457,0.0181193711485799
