"","AA","AB","BA","BB"
"EV_y",0.22747437471239,0.258433165203589,0.259731924953325,0.252175257625913
"SD_y",0.00693615974252909,0.0152507130283443,0.0102644632694328,0.0179685173718017
