"","AA","AB","BA","BB"
"EV_y",0.257080444305992,0.286030768602398,0.286013807007275,0.275856672319341
"SD_y",0.00928078534857988,0.0116134302248725,0.00830388487272465,0.0269508963792793
