"","AA","AB","BA","BB"
"EV_y",0.417768097236508,0.427609847112805,0.42807034719133,0.387199545418105
"SD_y",0.0125166739533367,0.00913415498708479,0.015440312953072,0.0124410658723048
