"","AA-AB","AA-BA","AA-BB","AB-BA","AB-BB","BA-BB"
"spread_y",-1.34461091689626,-2.28801683883478,-0.624172236339067,0.0558447914248316,0.841715783991809,1.1523588018581
"EV_y",-0.027911809635485,-0.026871549809851,-0.00950240271141359,0.00104025982563402,0.0184094069240714,0.0173691470984374
"SD_y",0.0207582798003108,0.0117444720483508,0.0152240073463499,0.0186276964976086,0.0218712863346407,0.0150726900948132
