"","AA-AB","AA-BA","AA-BB","AB-BA","AB-BB","BA-BB"
"spread_y",-1.52592964708342,-1.37236651549905,-2.50648534149456,0.52195451028156,-1.04637538531475,-1.81417376280064
"EV_y",-0.0257546802044757,-0.0181654151155178,-0.0423130672446668,0.00758926508895794,-0.016558387040191,-0.024147652129149
"SD_y",0.0168780259651563,0.0132365624710044,0.01688143415171,0.0145400891063553,0.0158245188797233,0.0133105508547709
