"","Mean","SD","MCSE","ESS","LB","Median","UB"
"u0",6.06209497438301,0.880591864390923,0.0503261065164288,123.477255832756,4.19090063463426,6.10527625362989,7.59742941576631
"u1",4.93230017892971,0.871385840846949,0.0498453566733228,119.185788655524,3.09516776267724,4.9739207693317,6.45262722373302
"Deviance",6638.94646754751,1.70676470646258,0.0340512371412252,1358.85022100786,6637.4046994184,6638.40737188008,6643.65898392149
"",1,0,0,2.22044604925031e-16,1,1,1
"",-3319.8083500526,NA,NA,NA,NA,NA,NA
"u0",6.10353915445692,0.86725635438431,0.0524196338292209,102.73672319017,4.28072224726964,6.13467520165454,7.62205898370217
"u1",4.97334385418886,0.858870365685676,0.0519347112987607,106.451971491662,3.18093794123214,5.00165247969258,6.47507639345216
"Deviance",6638.92518434242,1.66607563668329,0.0245624148146496,1426.28540806061,6637.40443405806,6638.40315919119,6643.53909656341
"",1,0,0,2.22044604925031e-16,1,1,1
