"","Mean","SD","MCSE","ESS","LB","Median","UB"
"u0",6.02605634011816,0.961401800746375,0.0547113340088665,125.562351660702,3.84130491234045,6.12005220322263,7.62230034853366
"u1",4.89614997739052,0.945762286370613,0.0538884573740677,121.798934988868,2.76762069879547,4.98513033192185,6.48049241897495
"Deviance",6639.22622340278,1.82215274335951,0.036313778945316,730.571690899819,6637.55459376968,6638.61306206829,6644.19675846235
"",1,0,0,2.22044604925031e-16,1,1,1
"",-3319.44574669437,NA,NA,NA,NA,NA,NA
"u0",6.02605634011816,0.961401800746375,0.0547113340088665,125.562351660702,3.84130491234045,6.12005220322263,7.62230034853366
"u1",4.89614997739052,0.945762286370613,0.0538884573740677,121.798934988868,2.76762069879547,4.98513033192185,6.48049241897495
"Deviance",6639.22622340278,1.82215274335951,0.036313778945316,730.571690899819,6637.55459376968,6638.61306206829,6644.19675846235
"",1,0,0,2.22044604925031e-16,1,1,1
