"","AA","AB","BA","BB"
"EV_y",0.244820984846282,0.228132977398606,0.266825017169504,0.250728437250141
"SD_y",0.0106014838987869,0.00754767853756234,0.0170150380983855,0.0104354297232245
