"","Mean","SD","MCSE","ESS","LB","Median","UB"
"u0",6.49013947596648,0.856499195245059,0.0497501001815654,87.4259052824275,4.6149727407778,6.56287122705348,7.97394289719499
"u1",5.35406336132475,0.850434109631642,0.0494011533506112,86.2609056470517,3.49461278547261,5.42638804510609,6.83550497560504
"Deviance",6639.34421041578,1.66341345926572,0.0299808389477982,924.486226919845,6637.83131324138,6638.79631303774,6643.90233043798
"",1,0,0,2.22044604925031e-16,1,1,1
"",-3319.77433371863,NA,NA,NA,NA,NA,NA
"u0",6.49013947596648,0.856499195245059,0.0497501001815654,87.4259052824275,4.6149727407778,6.56287122705348,7.97394289719499
"u1",5.35406336132475,0.850434109631642,0.0494011533506112,86.2609056470517,3.49461278547261,5.42638804510609,6.83550497560504
"Deviance",6639.34421041578,1.66341345926572,0.0299808389477982,924.486226919845,6637.83131324138,6638.79631303774,6643.90233043798
"",1,0,0,2.22044604925031e-16,1,1,1
