"","Mean","SD","MCSE","ESS","LB","Median","UB"
"u0",6.03988656841195,1.03078205440774,0.0317287261853594,366.041441215645,3.56295470078712,6.17163096737393,7.68445440013657
"u1",5.70766963180467,1.02808909929265,0.0316541679440024,370.305414210183,3.2411933145435,5.83932569482383,7.34958722918883
"Deviance",8188.08252839707,1.98289466544977,0.0259708488090069,1068.91619277869,8185.85517260542,8187.5510012585,8193.34423200724
"",1,0,0,2.22044604925031e-16,1,1,1
"",-4094.16275917221,NA,NA,NA,NA,NA,NA
"u0",6.03988656841195,1.03078205440774,0.0317287261853594,366.041441215645,3.56295470078712,6.17163096737393,7.68445440013657
"u1",5.70766963180467,1.02808909929265,0.0316541679440024,370.305414210183,3.2411933145435,5.83932569482383,7.34958722918883
"Deviance",8188.08252839707,1.98289466544977,0.0259708488090069,1068.91619277869,8185.85517260542,8187.5510012585,8193.34423200724
"",1,0,0,2.22044604925031e-16,1,1,1
