"","Mean","SD","MCSE","ESS","LB","Median","UB"
"u0",6.35391800902919,0.972698217235258,0.0301415011313628,340.088132378366,4.09398230183,6.47575590612724,7.88115232021514
"u1",6.01462317595977,0.972601306578916,0.0301411454597314,332.780807515067,3.75259982650398,6.13791625399294,7.54082577181334
"Deviance",8189.43759746657,2.0570232749162,0.0390288711660029,766.238667740693,8186.83873969868,8188.96626891762,8194.68589589212
"",1,0,0,2.22044604925031e-16,1,1,1
"",-4095.02386052916,NA,NA,NA,NA,NA,NA
"u0",6.35391800902919,0.972698217235258,0.0301415011313628,340.088132378366,4.09398230183,6.47575590612724,7.88115232021514
"u1",6.01462317595977,0.972601306578916,0.0301411454597314,332.780807515067,3.75259982650398,6.13791625399294,7.54082577181334
"Deviance",8189.43759746657,2.0570232749162,0.0390288711660029,766.238667740693,8186.83873969868,8188.96626891762,8194.68589589212
"",1,0,0,2.22044604925031e-16,1,1,1
