"","Mean","SD","MCSE","ESS","LB","Median","UB"
"u0",6.37350714364765,0.949887134980907,0.0294216269810494,325.505664865101,4.17466126040267,6.49469620345428,7.87079918892123
"u1",6.03419887416248,0.948458525986916,0.0293828368355697,325.149657169286,3.84016005399575,6.15488839559978,7.53023862768372
"Deviance",8189.47811894963,2.04333669391928,0.045537353105691,808.244025759122,8186.88405781923,8189.03149134849,8194.63831063405
"",1,0,0,2.22044604925031e-16,1,1,1
"",-4095.05654946395,NA,NA,NA,NA,NA,NA
"u0",6.37350714364765,0.949887134980907,0.0294216269810494,325.505664865101,4.17466126040267,6.49469620345428,7.87079918892123
"u1",6.03419887416248,0.948458525986916,0.0293828368355697,325.149657169286,3.84016005399575,6.15488839559978,7.53023862768372
"Deviance",8189.47811894963,2.04333669391928,0.045537353105691,808.244025759122,8186.88405781923,8189.03149134849,8194.63831063405
"",1,0,0,2.22044604925031e-16,1,1,1
