"","Mean","SD","MCSE","ESS","LB","Median","UB"
"u0",6.51885465209985,0.962449366350516,0.0292843667757759,471.190017578784,4.3175511200257,6.64222834573291,8.07165792229928
"u1",5.36954110610229,0.958569743499225,0.0291742540160746,461.28335027596,3.17964072077234,5.49199216584991,6.92132883586669
"Deviance",6644.34200985799,2.03717219583482,0.0446003669855443,1090.05019485417,6641.71929321931,6643.90140777882,6649.42495640028
"",1,0,0,2.22044604925031e-16,1,1,1
"",-3322.23012847822,NA,NA,NA,NA,NA,NA
"u0",6.51885465209985,0.962449366350516,0.0292843667757759,471.190017578784,4.3175511200257,6.64222834573291,8.07165792229928
"u1",5.36954110610229,0.958569743499225,0.0291742540160746,461.28335027596,3.17964072077234,5.49199216584991,6.92132883586669
"Deviance",6644.34200985799,2.03717219583482,0.0446003669855443,1090.05019485417,6641.71929321931,6643.90140777882,6649.42495640028
"",1,0,0,2.22044604925031e-16,1,1,1
