"","Mean","SD","MCSE","ESS","LB","Median","UB"
"u0",6.52402509510082,0.979213359025824,0.0300326172347183,382.582597210557,4.18835755065137,6.65819909581156,8.01574419603251
"u1",5.55880500367351,0.975804846889898,0.0299456510429321,379.314032522701,3.23354857230129,5.6917722602226,7.0492163648699
"Deviance",7101.56143972513,2.04199130678412,0.0396096784081479,971.719652586851,7099.04813588081,7101.07556031087,7106.79764542878
"",1,0,0,2.22044604925031e-16,1,1,1
"",-3550.73150389161,NA,NA,NA,NA,NA,NA
"u0",6.52402509510082,0.979213359025824,0.0300326172347183,382.582597210557,4.18835755065137,6.65819909581156,8.01574419603251
"u1",5.55880500367351,0.975804846889898,0.0299456510429321,379.314032522701,3.23354857230129,5.6917722602226,7.0492163648699
"Deviance",7101.56143972513,2.04199130678412,0.0396096784081479,971.719652586851,7099.04813588081,7101.07556031087,7106.79764542878
"",1,0,0,2.22044604925031e-16,1,1,1
