"","Mean","SD","MCSE","ESS","LB","Median","UB"
"u0",6.31867341750137,0.918221570406936,0.0283494778066065,369.521037792945,4.25968153482328,6.41644058873617,7.84595894267804
"u1",5.97718654877265,0.91812343145494,0.0283518798023736,363.54046794568,3.91448364912731,6.07480916055741,7.50580323899767
"Deviance",8189.44838896066,2.00009572601006,0.043510435728831,918.202594605886,8186.86883138702,8189.01579202281,8194.51363813787
"",1,0,0,2.22044604925031e-16,1,1,1
"",-4095.14540031466,NA,NA,NA,NA,NA,NA
"u0",6.31867341750137,0.918221570406936,0.0283494778066065,369.521037792945,4.25968153482328,6.41644058873617,7.84595894267804
"u1",5.97718654877265,0.91812343145494,0.0283518798023736,363.54046794568,3.91448364912731,6.07480916055741,7.50580323899767
"Deviance",8189.44838896066,2.00009572601006,0.043510435728831,918.202594605886,8186.86883138702,8189.01579202281,8194.51363813787
"",1,0,0,2.22044604925031e-16,1,1,1
