"","Mean","SD","MCSE","ESS","LB","Median","UB"
"u0",6.42640083651695,0.990710233450394,0.0303629602618609,389.261350449104,4.15158004902971,6.53795008812545,8.01005220607134
"u1",5.44903864274126,0.991250051274665,0.0303897901306925,424.190238101454,3.17666725136715,5.55895391987502,7.03818023872088
"Deviance",7100.82930955753,1.90924151403708,0.0388535881767185,1258.46689376104,7098.6053086397,7100.35120850316,7105.76359080666
"",1,0,0,2.22044604925031e-16,1,1,1
"",-3549.88661112247,NA,NA,NA,NA,NA,NA
"u0",6.42640083651695,0.990710233450394,0.0303629602618609,389.261350449104,4.15158004902971,6.53795008812545,8.01005220607134
"u1",5.44903864274126,0.991250051274665,0.0303897901306925,424.190238101454,3.17666725136715,5.55895391987502,7.03818023872088
"Deviance",7100.82930955753,1.90924151403708,0.0388535881767185,1258.46689376104,7098.6053086397,7100.35120850316,7105.76359080666
"",1,0,0,2.22044604925031e-16,1,1,1
