"","Mean","SD","MCSE","ESS","LB","Median","UB"
"u0",6.41761465253983,0.961930808329024,0.02932630610657,459.741159922428,4.16665133134504,6.52851988757773,7.94538533717799
"u1",5.47368701960476,0.953946474504735,0.0290920449392408,453.211062308303,3.23891527080662,5.58445342711172,6.98932901950617
"Deviance",7100.63978319307,1.82270571773078,0.0347017527499696,1657.85807452528,7098.60879534638,7100.15392208379,7105.43354760451
"",1,0,0,2.22044604925031e-16,1,1,1
"",-3550.14155975017,NA,NA,NA,NA,NA,NA
"u0",6.41761465253983,0.961930808329024,0.02932630610657,459.741159922428,4.16665133134504,6.52851988757773,7.94538533717799
"u1",5.47368701960476,0.953946474504735,0.0290920449392408,453.211062308303,3.23891527080662,5.58445342711172,6.98932901950617
"Deviance",7100.63978319307,1.82270571773078,0.0347017527499696,1657.85807452528,7098.60879534638,7100.15392208379,7105.43354760451
"",1,0,0,2.22044604925031e-16,1,1,1
