"","Mean","SD","MCSE","ESS","LB","Median","UB"
"u0",6.54218393889361,0.950966733947064,0.0292170726883067,390.411360766447,4.37228655391268,6.64876033246622,8.07758161827076
"u1",5.57653044887053,0.948864689116535,0.0291642906227946,383.770288351608,3.40989298087585,5.68164306415347,7.11055811238688
"Deviance",7101.8543412836,2.01839057292451,0.0442902729538308,962.449174531367,7099.26779847071,7101.42615682402,7106.90281553647
"",1,0,0,2.22044604925031e-16,1,1,1
"",-3551.13733683866,NA,NA,NA,NA,NA,NA
"u0",6.54218393889361,0.950966733947064,0.0292170726883067,390.411360766447,4.37228655391268,6.64876033246622,8.07758161827076
"u1",5.57653044887053,0.948864689116535,0.0291642906227946,383.770288351608,3.40989298087585,5.68164306415347,7.11055811238688
"Deviance",7101.8543412836,2.01839057292451,0.0442902729538308,962.449174531367,7099.26779847071,7101.42615682402,7106.90281553647
"",1,0,0,2.22044604925031e-16,1,1,1
