"","Mean","SD","MCSE","ESS","LB","Median","UB"
"u0",6.0279739181975,1.05383982193717,0.0314791664707404,583.655495958302,3.63870084256294,6.13685693731571,7.73393129210352
"u1",4.92197476281493,1.03697629559405,0.0309940392916691,572.846445536264,2.56586353631078,5.03078581965196,6.5990472688437
"Deviance",6642.01831736332,1.71951996183767,0.0218147770416427,3281.55367942275,6640.35756218524,6641.48736736036,6646.62070475693
"",1,0,0,2.22044604925031e-16,1,1,1
"",-3320.74852797942,NA,NA,NA,NA,NA,NA
"u0",6.0279739181975,1.05383982193717,0.0314791664707404,583.655495958302,3.63870084256294,6.13685693731571,7.73393129210352
"u1",4.92197476281493,1.03697629559405,0.0309940392916691,572.846445536264,2.56586353631078,5.03078581965196,6.5990472688437
"Deviance",6642.01831736332,1.71951996183767,0.0218147770416427,3281.55367942275,6640.35756218524,6641.48736736036,6646.62070475693
"",1,0,0,2.22044604925031e-16,1,1,1
