"","Mean","SD","MCSE","ESS","LB","Median","UB"
"u0",6.51624662970724,0.945611944366015,0.0288451382573152,473.346385093364,4.35619408907294,6.66080363677773,7.96632775508976
"u1",5.5499019193853,0.943724865822238,0.0288009497132929,472.033171950811,3.3805572968246,5.69283366753289,7.001694702827
"Deviance",7101.80382747721,1.99365093817477,0.0430020246483417,1062.90846544318,7099.30514710824,7101.34507261408,7106.88158458428
"",1,0,0,2.22044604925031e-16,1,1,1
"",-3551.08701561679,NA,NA,NA,NA,NA,NA
"u0",6.51624662970724,0.945611944366015,0.0288451382573152,473.346385093364,4.35619408907294,6.66080363677773,7.96632775508976
"u1",5.5499019193853,0.943724865822238,0.0288009497132929,472.033171950811,3.3805572968246,5.69283366753289,7.001694702827
"Deviance",7101.80382747721,1.99365093817477,0.0430020246483417,1062.90846544318,7099.30514710824,7101.34507261408,7106.88158458428
"",1,0,0,2.22044604925031e-16,1,1,1
