"","Mean","SD","MCSE","ESS","LB","Median","UB"
"u0",6.60166707263621,0.954191299321376,0.0291549172090676,410.456097524079,4.43058035384297,6.73174248561444,8.10209581325909
"u1",5.45083521300774,0.950899527227544,0.0290644579112371,409.301410146438,3.2863977753892,5.57969618943179,6.95017503010652
"Deviance",6644.23560819784,2.04352197828699,0.04507767764888,970.649215807888,6641.65430785671,6643.77816803613,6649.46924705281
"",1,0,0,2.22044604925031e-16,1,1,1
"",-3322.1876925617,NA,NA,NA,NA,NA,NA
"u0",6.60166707263621,0.954191299321376,0.0291549172090676,410.456097524079,4.43058035384297,6.73174248561444,8.10209581325909
"u1",5.45083521300774,0.950899527227544,0.0290644579112371,409.301410146438,3.2863977753892,5.57969618943179,6.95017503010652
"Deviance",6644.23560819784,2.04352197828699,0.04507767764888,970.649215807888,6641.65430785671,6643.77816803613,6649.46924705281
"",1,0,0,2.22044604925031e-16,1,1,1
