"","Mean","SD","MCSE","ESS","LB","Median","UB"
"u0",6.33491521533042,1.01227175859855,0.0309507283012729,406.96883520233,3.96605555344853,6.45887656828116,7.910241826307
"u1",5.3770043227724,1.0075833454941,0.0308138634619738,404.011964335068,3.02230198472755,5.50045455170756,6.94713370753351
"Deviance",7100.73732995474,1.97250990752191,0.0416315135634658,1160.55485899079,7098.44945634047,7100.2479113311,7105.84973137243
"",1,0,0,2.22044604925031e-16,1,1,1
"",-3550.50769377223,NA,NA,NA,NA,NA,NA
"u0",6.33491521533042,1.01227175859855,0.0309507283012729,406.96883520233,3.96605555344853,6.45887656828116,7.910241826307
"u1",5.3770043227724,1.0075833454941,0.0308138634619738,404.011964335068,3.02230198472755,5.50045455170756,6.94713370753351
"Deviance",7100.73732995474,1.97250990752191,0.0416315135634658,1160.55485899079,7098.44945634047,7100.2479113311,7105.84973137243
"",1,0,0,2.22044604925031e-16,1,1,1
