"","Mean","SD","MCSE","ESS","LB","Median","UB"
"u0",6.09271426370127,1.02508722540574,0.031543756455141,389.537858015138,3.70201831977775,6.22880581063249,7.67313015360744
"u1",5.76612789255913,1.02041573259062,0.0313995079333547,380.92634301222,3.38489025258629,5.90163271025697,7.34108744123085
"Deviance",8189.15335787903,2.00413293856258,0.0434571485821633,991.12549921292,8186.7006775184,8188.67443913339,8194.25685625651
"",1,0,0,2.22044604925031e-16,1,1,1
"",-4094.7190222123,NA,NA,NA,NA,NA,NA
"u0",6.09271426370127,1.02508722540574,0.031543756455141,389.537858015138,3.70201831977775,6.22880581063249,7.67313015360744
"u1",5.76612789255913,1.02041573259062,0.0313995079333547,380.92634301222,3.38489025258629,5.90163271025697,7.34108744123085
"Deviance",8189.15335787903,2.00413293856258,0.0434571485821633,991.12549921292,8186.7006775184,8188.67443913339,8194.25685625651
"",1,0,0,2.22044604925031e-16,1,1,1
