"","Mean","SD","MCSE","ESS","LB","Median","UB"
"u0",6.46223287729188,0.99758137918656,0.0142674088853786,2404.75091098365,4.18390079853206,6.58772233380263,8.03755333766724
"u1",5.29459163558359,0.998510168358457,0.0142938313050505,2351.05589619689,3.01595242685951,5.41874563809191,6.87796326041761
"Deviance",6643.74851547652,1.91865825886332,0.018404554863841,6742.6577424656,6641.43913535959,6643.28509859262,6648.69053940468
"",1,0,0,2.22044604925031e-16,1,1,1
"",-3321.62958403951,NA,NA,NA,NA,NA,NA
"u0",6.46223287729188,0.99758137918656,0.0142674088853786,2404.75091098365,4.18390079853206,6.58772233380263,8.03755333766724
"u1",5.29459163558359,0.998510168358457,0.0142938313050505,2351.05589619689,3.01595242685951,5.41874563809191,6.87796326041761
"Deviance",6643.74851547652,1.91865825886332,0.018404554863841,6742.6577424656,6641.43913535959,6643.28509859262,6648.69053940468
"",1,0,0,2.22044604925031e-16,1,1,1
