"","Mean","SD","MCSE","ESS","LB","Median","UB"
"u0",6.39700749388564,1.00252553235878,0.0144257903577124,2196.33422211216,4.03766063673928,6.52379372366328,7.96849043519025
"u1",5.44271522677307,0.996318001100115,0.0143428378303925,2196.06758664932,3.09675380612202,5.56836930871914,7.00693856518975
"Deviance",7101.66227789371,1.99763552026516,0.0202265772195745,5333.15795861868,7099.20099216547,7101.19298709708,7106.80581997336
"",1,0,0,2.22044604925031e-16,1,1,1
"",-3550.63012860888,NA,NA,NA,NA,NA,NA
"u0",6.39700749388564,1.00252553235878,0.0144257903577124,2196.33422211216,4.03766063673928,6.52379372366328,7.96849043519025
"u1",5.44271522677307,0.996318001100115,0.0143428378303925,2196.06758664932,3.09675380612202,5.56836930871914,7.00693856518975
"Deviance",7101.66227789371,1.99763552026516,0.0202265772195745,5333.15795861868,7099.20099216547,7101.19298709708,7106.80581997336
"",1,0,0,2.22044604925031e-16,1,1,1
