"","Mean","SD","MCSE","ESS","LB","Median","UB"
"u0",6.47276996587075,0.97969779735447,0.0140959139596993,2198.11668271754,4.20134269896741,6.58488055190449,8.03927184699316
"u1",5.31585408975846,0.977333296006613,0.0140700231535316,2164.36232650625,3.05243004770512,5.42639821560503,6.88383935790101
"Deviance",6643.71844636766,1.99485451677264,0.0200810639892205,5556.67893722224,6641.27325932194,6643.25409771792,6648.83390758883
"",1,0,0,2.22044604925031e-16,1,1,1
"",-3321.64639140768,NA,NA,NA,NA,NA,NA
"u0",6.47276996587075,0.97969779735447,0.0140959139596993,2198.11668271754,4.20134269896741,6.58488055190449,8.03927184699316
"u1",5.31585408975846,0.977333296006613,0.0140700231535316,2164.36232650625,3.05243004770512,5.42639821560503,6.88383935790101
"Deviance",6643.71844636766,1.99485451677264,0.0200810639892205,5556.67893722224,6641.27325932194,6643.25409771792,6648.83390758883
"",1,0,0,2.22044604925031e-16,1,1,1
