"","Mean","SD","MCSE","ESS","LB","Median","UB"
"u0",6.29422990870404,1.02576075677392,0.0147475356927099,2228.55567259188,3.90958429795951,6.4166100547915,7.9229921952346
"u1",5.35375395888871,1.01585774372903,0.0146114676650751,2217.5308972812,2.98948893935338,5.47547896603445,6.96812945673669
"Deviance",7100.77184312629,1.88313133394302,0.0175177706911873,7223.8623121436,7098.65942124339,7100.26879515749,7105.72502501848
"",1,0,0,2.22044604925031e-16,1,1,1
"",-3550.39393949572,NA,NA,NA,NA,NA,NA
"u0",6.29422990870404,1.02576075677392,0.0147475356927099,2228.55567259188,3.90958429795951,6.4166100547915,7.9229921952346
"u1",5.35375395888871,1.01585774372903,0.0146114676650751,2217.5308972812,2.98948893935338,5.47547896603445,6.96812945673669
"Deviance",7100.77184312629,1.88313133394302,0.0175177706911873,7223.8623121436,7098.65942124339,7100.26879515749,7105.72502501848
"",1,0,0,2.22044604925031e-16,1,1,1
