"","Mean","SD","MCSE","ESS","LB","Median","UB"
"u0",6.50380155506433,0.971737509990417,0.013970311779498,2252.67687220286,4.22426365045403,6.62599070203342,8.04122484530868
"u1",5.35749682901556,0.96715421475067,0.0139121216399601,2272.19043149441,3.08862637425983,5.47850346421649,6.89037884959156
"Deviance",6643.78677746908,1.99694320249174,0.0201163671928812,5651.47285896168,6641.33984100685,6643.3119147164,6648.91327837385
"",1,0,0,2.22044604925031e-16,1,1,1
"",-3322.16811269591,NA,NA,NA,NA,NA,NA
"u0",6.50380155506433,0.971737509990417,0.013970311779498,2252.67687220286,4.22426365045403,6.62599070203342,8.04122484530868
"u1",5.35749682901556,0.96715421475067,0.0139121216399601,2272.19043149441,3.08862637425983,5.47850346421649,6.89037884959156
"Deviance",6643.78677746908,1.99694320249174,0.0201163671928812,5651.47285896168,6641.33984100685,6643.3119147164,6648.91327837385
"",1,0,0,2.22044604925031e-16,1,1,1
