"","Mean","SD","MCSE","ESS","LB","Median","UB"
"u0",6.15719124180765,0.977853669520009,0.0142676326384589,1805.75384729286,3.89747163745522,6.27354823754004,7.69364885794828
"u1",5.82611432850432,0.975056214163301,0.01422835619722,1790.36538451906,3.57104952806503,5.9425869080043,7.35824996437075
"Deviance",8188.82981858927,1.96781980766035,0.0198840152921549,4685.20001320216,8186.44645727818,8188.36798136172,8193.88057294999
"",1,0,0,2.22044604925031e-16,1,1,1
"",-4094.3329731558,NA,NA,NA,NA,NA,NA
"u0",6.15719124180765,0.977853669520009,0.0142676326384589,1805.75384729286,3.89747163745522,6.27354823754004,7.69364885794828
"u1",5.82611432850432,0.975056214163301,0.01422835619722,1790.36538451906,3.57104952806503,5.9425869080043,7.35824996437075
"Deviance",8188.82981858927,1.96781980766035,0.0198840152921549,4685.20001320216,8186.44645727818,8188.36798136172,8193.88057294999
"",1,0,0,2.22044604925031e-16,1,1,1
