"","Mean","SD","MCSE","ESS","LB","Median","UB"
"u0",6.52588053403766,0.965020036197614,0.0138753972144794,2300.78467318659,4.26841785167989,6.65547996627148,8.04092943519758
"u1",5.37015458890661,0.9622967573802,0.0138451522527861,2260.3922147877,3.11643003419187,5.49813751763298,6.88614645093515
"Deviance",6644.20182514628,2.03991081788156,0.0210611696409464,5177.66837827168,6641.63185915852,6643.74170496663,6649.39614842027
"",1,0,0,2.22044604925031e-16,1,1,1
"",-3322.13853651882,NA,NA,NA,NA,NA,NA
"u0",6.52588053403766,0.965020036197614,0.0138753972144794,2300.78467318659,4.26841785167989,6.65547996627148,8.04092943519758
"u1",5.37015458890661,0.9622967573802,0.0138451522527861,2260.3922147877,3.11643003419187,5.49813751763298,6.88614645093515
"Deviance",6644.20182514628,2.03991081788156,0.0210611696409464,5177.66837827168,6641.63185915852,6643.74170496663,6649.39614842027
"",1,0,0,2.22044604925031e-16,1,1,1
