"","Mean","SD","MCSE","ESS","LB","Median","UB"
"u0",6.502107012849,0.972009246092948,0.014114380748041,1921.96959543677,4.25906778113927,6.62482823474644,8.04771623526897
"u1",5.53797882927872,0.969320410321891,0.0140806467396318,1921.63151784815,3.30086023337367,5.66005228085301,7.08280392617557
"Deviance",7102.0269375905,2.08430546317873,0.0221827153956281,4192.77863228621,7099.32690296916,7101.57581782959,7107.24549491513
"",1,0,0,2.22044604925031e-16,1,1,1
"",-3551.13546037079,NA,NA,NA,NA,NA,NA
"u0",6.502107012849,0.972009246092948,0.014114380748041,1921.96959543677,4.25906778113927,6.62482823474644,8.04771623526897
"u1",5.53797882927872,0.969320410321891,0.0140806467396318,1921.63151784815,3.30086023337367,5.66005228085301,7.08280392617557
"Deviance",7102.0269375905,2.08430546317873,0.0221827153956281,4192.77863228621,7099.32690296916,7101.57581782959,7107.24549491513
"",1,0,0,2.22044604925031e-16,1,1,1
