"","Mean","SD","MCSE","ESS","LB","Median","UB"
"u0",6.5026036050604,0.977218745639714,0.0141897374129457,1912.22678059351,4.20214570891816,6.6335125713496,8.03232474939721
"u1",5.53642266834775,0.974791195172536,0.014161448516004,1914.17246771237,3.24307711220146,5.66622126665711,7.06527775908004
"Deviance",7101.92744315156,2.07860256684634,0.0220288527738975,4156.9599859708,7099.28614994232,7101.46915319123,7107.18643339912
"",1,0,0,2.22044604925031e-16,1,1,1
"",-3550.62731940042,NA,NA,NA,NA,NA,NA
"u0",6.5026036050604,0.977218745639714,0.0141897374129457,1912.22678059351,4.20214570891816,6.6335125713496,8.03232474939721
"u1",5.53642266834775,0.974791195172536,0.014161448516004,1914.17246771237,3.24307711220146,5.66622126665711,7.06527775908004
"Deviance",7101.92744315156,2.07860256684634,0.0220288527738975,4156.9599859708,7099.28614994232,7101.46915319123,7107.18643339912
"",1,0,0,2.22044604925031e-16,1,1,1
