"","Mean","SD","MCSE","ESS","LB","Median","UB"
"u0",6.22745429090413,0.990620427069176,0.0144656915617451,1730.95926339181,3.88807752293789,6.36152809516953,7.77190035731677
"u1",5.89318880956661,0.98793031144104,0.0144288621793085,1705.182570501,3.55830729747532,6.02657084541933,7.43429550007067
"Deviance",8189.3398344722,2.01471215390191,0.0209023356382731,4142.58774324244,8186.83680157878,8188.87168426048,8194.48631856235
"",1,0,0,2.22044604925031e-16,1,1,1
"",-4094.69443860576,NA,NA,NA,NA,NA,NA
"u0",6.22745429090413,0.990620427069176,0.0144656915617451,1730.95926339181,3.88807752293789,6.36152809516953,7.77190035731677
"u1",5.89318880956661,0.98793031144104,0.0144288621793085,1705.182570501,3.55830729747532,6.02657084541933,7.43429550007067
"Deviance",8189.3398344722,2.01471215390191,0.0209023356382731,4142.58774324244,8186.83680157878,8188.87168426048,8194.48631856235
"",1,0,0,2.22044604925031e-16,1,1,1
