"","Mean","SD","MCSE","ESS","LB","Median","UB"
"u0",6.2288439808094,1.00205039491163,0.0147005625597495,1618.55883932584,3.93201978491914,6.35234174756585,7.80619865971143
"u1",5.89062852141022,1.00069984396334,0.014682887683316,1618.00759165315,3.59555585489528,6.01323151552986,7.46694403379543
"Deviance",8189.17764229685,2.05829380000049,0.0217813710784733,3830.59813528339,8186.59705713899,8188.71757829184,8194.38576470931
"",1,0,0,2.22044604925031e-16,1,1,1
"",-4094.8259005982,NA,NA,NA,NA,NA,NA
"u0",6.2288439808094,1.00205039491163,0.0147005625597495,1618.55883932584,3.93201978491914,6.35234174756585,7.80619865971143
"u1",5.89062852141022,1.00069984396334,0.014682887683316,1618.00759165315,3.59555585489528,6.01323151552986,7.46694403379543
"Deviance",8189.17764229685,2.05829380000049,0.0217813710784733,3830.59813528339,8186.59705713899,8188.71757829184,8194.38576470931
"",1,0,0,2.22044604925031e-16,1,1,1
