"","Mean","SD","MCSE","ESS","LB","Median","UB"
"u0",5.81676502417815,1.04929653077072,0.0151402841521888,2058.81808068831,3.42286029875407,5.94225466854408,7.5183192640809
"u1",5.51111680676989,1.04050089408519,0.0150123929333237,2094.41722280637,3.13396034427701,5.63657018331394,7.1948945646537
"Deviance",8186.42828926022,1.71099731366084,0.0132857814132648,12911.6472430874,8184.84757306064,8185.875395225,8191.07672660533
"",1,0,0,2.22044604925031e-16,1,1,1
"",-4093.08322353984,NA,NA,NA,NA,NA,NA
"u0",5.81676502417815,1.04929653077072,0.0151402841521888,2058.81808068831,3.42286029875407,5.94225466854408,7.5183192640809
"u1",5.51111680676989,1.04050089408519,0.0150123929333237,2094.41722280637,3.13396034427701,5.63657018331394,7.1948945646537
"Deviance",8186.42828926022,1.71099731366084,0.0132857814132648,12911.6472430874,8184.84757306064,8185.875395225,8191.07672660533
"",1,0,0,2.22044604925031e-16,1,1,1
