"","Mean","SD","MCSE","ESS","LB","Median","UB"
"u0",6.47975713109402,0.973709071451238,0.0141343243299443,1896.5336563288,4.20304601021456,6.61447100443111,7.98057489087971
"u1",5.51569914942526,0.970550783140152,0.0140945403835428,1894.97767464907,3.24585006565152,5.64956343127857,7.0147789916169
"Deviance",7101.89257957753,2.07753039005869,0.0219735596446238,4196.76341838014,7099.26386442325,7101.43016569263,7107.13004247139
"",1,0,0,2.22044604925031e-16,1,1,1
"",-3551.07115162965,NA,NA,NA,NA,NA,NA
"u0",6.47975713109402,0.973709071451238,0.0141343243299443,1896.5336563288,4.20304601021456,6.61447100443111,7.98057489087971
"u1",5.51569914942526,0.970550783140152,0.0140945403835428,1894.97767464907,3.24585006565152,5.64956343127857,7.0147789916169
"Deviance",7101.89257957753,2.07753039005869,0.0219735596446238,4196.76341838014,7099.26386442325,7101.43016569263,7107.13004247139
"",1,0,0,2.22044604925031e-16,1,1,1
