"","Mean","SD","MCSE","ESS","LB","Median","UB"
"u0",6.25125092605513,0.975498373433165,0.0142913234769503,1631.90985031842,3.98793791653145,6.38596362336737,7.78847989104482
"u1",5.91002117231166,0.974836874225035,0.0142836258699405,1636.59404093079,3.64769945543749,6.04490742776933,7.44748652032645
"Deviance",8189.32703009913,2.04891981593419,0.0217027643513836,3815.62343576148,8186.74109156543,8188.86941389199,8194.52206642251
"",1,0,0,2.22044604925031e-16,1,1,1
"",-4094.54178082199,NA,NA,NA,NA,NA,NA
"u0",6.25125092605513,0.975498373433165,0.0142913234769503,1631.90985031842,3.98793791653145,6.38596362336737,7.78847989104482
"u1",5.91002117231166,0.974836874225035,0.0142836258699405,1636.59404093079,3.64769945543749,6.04490742776933,7.44748652032645
"Deviance",8189.32703009913,2.04891981593419,0.0217027643513836,3815.62343576148,8186.74109156543,8188.86941389199,8194.52206642251
"",1,0,0,2.22044604925031e-16,1,1,1
