"","Mean","SD","MCSE","ESS","LB","Median","UB"
"u0",6.06956302529405,0.995632625496609,0.014503294736004,1796.77841626147,3.77193838125447,6.19113339777422,7.67875155289754
"u1",5.73727362124814,0.993316659843433,0.0144710318976796,1808.27979706808,3.44532527087367,5.85904577431076,7.34332406722231
"Deviance",8187.57221831314,1.86917038124762,0.017586825855553,6231.7243795546,8185.52701400878,8187.06242745686,8192.47473829287
"",1,0,0,2.22044604925031e-16,1,1,1
"",-4093.73801595458,NA,NA,NA,NA,NA,NA
"u0",6.06956302529405,0.995632625496609,0.014503294736004,1796.77841626147,3.77193838125447,6.19113339777422,7.67875155289754
"u1",5.73727362124814,0.993316659843433,0.0144710318976796,1808.27979706808,3.44532527087367,5.85904577431076,7.34332406722231
"Deviance",8187.57221831314,1.86917038124762,0.017586825855553,6231.7243795546,8185.52701400878,8187.06242745686,8192.47473829287
"",1,0,0,2.22044604925031e-16,1,1,1
