"","Mean","SD","MCSE","ESS","LB","Median","UB"
"u0",6.09531663317103,0.987522746730917,0.0143889420881008,1823.63605213709,3.83811659001917,6.21284181244004,7.69455461705049
"u1",5.75460192462331,0.986706425351319,0.0143782811161692,1846.20795606074,3.49971591510859,5.87199927399048,7.35388841804148
"Deviance",8187.38730516793,1.85151336768231,0.0171079350054575,6695.16007072141,8185.38553681984,8186.88348406018,8192.25476707739
"",1,0,0,2.22044604925031e-16,1,1,1
"",-4091.68367042628,NA,NA,NA,NA,NA,NA
"u0",6.09531663317103,0.987522746730917,0.0143889420881008,1823.63605213709,3.83811659001917,6.21284181244004,7.69455461705049
"u1",5.75460192462331,0.986706425351319,0.0143782811161692,1846.20795606074,3.49971591510859,5.87199927399048,7.35388841804148
"Deviance",8187.38730516793,1.85151336768231,0.0171079350054575,6695.16007072141,8185.38553681984,8186.88348406018,8192.25476707739
"",1,0,0,2.22044604925031e-16,1,1,1
