"","Mean","SD","MCSE","ESS","LB","Median","UB"
"u0",6.34728849863728,1.03581543238982,0.0149047050503353,2186.11935721308,3.96963687449664,6.47796755131065,7.9883076962357
"u1",5.36317047232294,1.03851901934785,0.0149548894774901,2173.90309911244,2.98178251863576,5.49266735333299,7.01435153943951
"Deviance",7101.22189925834,1.92686416018999,0.0185801963932332,6413.04957757283,7098.93783789834,7100.74269325838,7106.21060824758
"",1,0,0,2.22044604925031e-16,1,1,1
"",-3550.34784884237,NA,NA,NA,NA,NA,NA
"u0",6.34728849863728,1.03581543238982,0.0149047050503353,2186.11935721308,3.96963687449664,6.47796755131065,7.9883076962357
"u1",5.36317047232294,1.03851901934785,0.0149548894774901,2173.90309911244,2.98178251863576,5.49266735333299,7.01435153943951
"Deviance",7101.22189925834,1.92686416018999,0.0185801963932332,6413.04957757283,7098.93783789834,7100.74269325838,7106.21060824758
"",1,0,0,2.22044604925031e-16,1,1,1
