"","Mean","SD","MCSE","ESS","LB","Median","UB"
"u0",6.42421227343747,1.00091134901451,0.0143907661432206,2294.77197217665,4.096746720081,6.5488541711924,8.00834856100145
"u1",5.28016110969193,0.995633831653995,0.0143235481415424,2227.01656017706,2.96205997637917,5.40356242075368,6.86041590523779
"Deviance",6643.02172629351,1.93600260169082,0.0187358428588291,6487.74396053483,6640.79445898908,6642.52731869946,6648.05002626706
"",1,0,0,2.22044604925031e-16,1,1,1
"",-3321.5274345888,NA,NA,NA,NA,NA,NA
"u0",6.42421227343747,1.00091134901451,0.0143907661432206,2294.77197217665,4.096746720081,6.5488541711924,8.00834856100145
"u1",5.28016110969193,0.995633831653995,0.0143235481415424,2227.01656017706,2.96205997637917,5.40356242075368,6.86041590523779
"Deviance",6643.02172629351,1.93600260169082,0.0187358428588291,6487.74396053483,6640.79445898908,6642.52731869946,6648.05002626706
"",1,0,0,2.22044604925031e-16,1,1,1
