"","Mean","SD","MCSE","ESS","LB","Median","UB"
"u0",6.45405893050441,0.959354234760998,0.0138531451053662,2124.47878881231,4.24797767445877,6.5660459179449,7.99199345647981
"u1",5.49777921762615,0.955009502958691,0.0137953432469406,2132.99459241208,3.30058375233363,5.60895955142844,7.03239624564043
"Deviance",7101.49692916845,1.97802333994204,0.0197996548822511,5421.91373402743,7099.04702699612,7101.04423297272,7106.5704435195
"",1,0,0,2.22044604925031e-16,1,1,1
"",-3550.95860794842,NA,NA,NA,NA,NA,NA
"u0",6.45405893050441,0.959354234760998,0.0138531451053662,2124.47878881231,4.24797767445877,6.5660459179449,7.99199345647981
"u1",5.49777921762615,0.955009502958691,0.0137953432469406,2132.99459241208,3.30058375233363,5.60895955142844,7.03239624564043
"Deviance",7101.49692916845,1.97802333994204,0.0197996548822511,5421.91373402743,7099.04702699612,7101.04423297272,7106.5704435195
"",1,0,0,2.22044604925031e-16,1,1,1
