"","Mean","SD","MCSE","ESS","LB","Median","UB"
"u0",6.53927571153405,0.966080812321576,0.0140273665686352,1919.23522881761,4.28267222782103,6.6735907055189,8.04363225718699
"u1",5.57618029371363,0.963149017866848,0.0139910543653703,1921.24488990034,3.32844846838527,5.70947056267775,7.07892177915594
"Deviance",7101.91777456562,2.06911315818406,0.0218137751710722,4366.80525898788,7099.29300322067,7101.45416852847,7107.14193631691
"",1,0,0,2.22044604925031e-16,1,1,1
"",-3551.09317497311,NA,NA,NA,NA,NA,NA
"u0",6.53927571153405,0.966080812321576,0.0140273665686352,1919.23522881761,4.28267222782103,6.6735907055189,8.04363225718699
"u1",5.57618029371363,0.963149017866848,0.0139910543653703,1921.24488990034,3.32844846838527,5.70947056267775,7.07892177915594
"Deviance",7101.91777456562,2.06911315818406,0.0218137751710722,4366.80525898788,7099.29300322067,7101.45416852847,7107.14193631691
"",1,0,0,2.22044604925031e-16,1,1,1
