"","Mean","SD","MCSE","ESS","LB","Median","UB"
"u0",6.36174900954901,0.993696737998277,0.0142124571019001,2359.57630812309,4.07524721702789,6.48132629695502,7.96218350820086
"u1",5.19483451695423,0.992488258372568,0.0142072655678863,2321.43981090232,2.91646165491357,5.3127314729732,6.80047886198969
"Deviance",6642.90261734582,1.88805627744251,0.0175961173431179,7273.8413393613,6640.76767170562,6642.40735670819,6647.81292802383
"",1,0,0,2.22044604925031e-16,1,1,1
"",-3321.48938384511,NA,NA,NA,NA,NA,NA
"u0",6.36174900954901,0.993696737998277,0.0142124571019001,2359.57630812309,4.07524721702789,6.48132629695502,7.96218350820086
"u1",5.19483451695423,0.992488258372568,0.0142072655678863,2321.43981090232,2.91646165491357,5.3127314729732,6.80047886198969
"Deviance",6642.90261734582,1.88805627744251,0.0175961173431179,7273.8413393613,6640.76767170562,6642.40735670819,6647.81292802383
"",1,0,0,2.22044604925031e-16,1,1,1
