"","Mean","SD","MCSE","ESS","LB","Median","UB"
"u0",6.46997971047093,0.97240878765186,0.0139842449190505,2232.25973947219,4.22674247567075,6.59140743864278,8.00779869584916
"u1",5.31835391600897,0.968955184241875,0.0139435068577178,2208.25557493289,3.08145787022778,5.43795028491023,6.85466445271561
"Deviance",6643.90848036037,2.01878804435565,0.0205900082562125,5358.2391629381,6641.39524874868,6643.44546423223,6649.02775748193
"",1,0,0,2.22044604925031e-16,1,1,1
"",-3322.04794707013,NA,NA,NA,NA,NA,NA
"u0",6.46997971047093,0.97240878765186,0.0139842449190505,2232.25973947219,4.22674247567075,6.59140743864278,8.00779869584916
"u1",5.31835391600897,0.968955184241875,0.0139435068577178,2208.25557493289,3.08145787022778,5.43795028491023,6.85466445271561
"Deviance",6643.90848036037,2.01878804435565,0.0205900082562125,5358.2391629381,6641.39524874868,6643.44546423223,6649.02775748193
"",1,0,0,2.22044604925031e-16,1,1,1
