"","Mean","SD","MCSE","ESS","LB","Median","UB"
"u0",6.14856336138862,0.978205681438409,0.0142787833658094,1761.91689086373,3.89163301574837,6.27302213658785,7.7142166533139
"u1",5.81520795703616,0.976154789579148,0.0142490129949405,1782.7310311382,3.56271437681153,5.93984587625442,7.37795324006251
"Deviance",8188.21253171662,1.91582099227926,0.0186843165382445,5286.59544086755,8186.00222890715,8187.72270848804,8193.17389024569
"",1,0,0,2.22044604925031e-16,1,1,1
"",-4094.05443466199,NA,NA,NA,NA,NA,NA
"u0",6.14856336138862,0.978205681438409,0.0142787833658094,1761.91689086373,3.89163301574837,6.27302213658785,7.7142166533139
"u1",5.81520795703616,0.976154789579148,0.0142490129949405,1782.7310311382,3.56271437681153,5.93984587625442,7.37795324006251
"Deviance",8188.21253171662,1.91582099227926,0.0186843165382445,5286.59544086755,8186.00222890715,8187.72270848804,8193.17389024569
"",1,0,0,2.22044604925031e-16,1,1,1
