"","Mean","SD","MCSE","ESS","LB","Median","UB"
"u0",6.41375482558895,0.993714063536944,0.0142754133581823,2202.7706302469,4.09413626934019,6.54107947181434,7.98590513486979
"u1",5.25501145882274,0.991166523090532,0.0142484734847243,2229.50804364082,2.94409150145991,5.38015152364846,6.82891715437101
"Deviance",6642.68264123566,1.89930379253835,0.017874370660314,6892.34503247258,6640.57403939625,6642.17183520062,6647.66917510598
"",1,0,0,2.22044604925031e-16,1,1,1
"",-3319.09362398427,NA,NA,NA,NA,NA,NA
"u0",6.41375482558895,0.993714063536944,0.0142754133581823,2202.7706302469,4.09413626934019,6.54107947181434,7.98590513486979
"u1",5.25501145882274,0.991166523090532,0.0142484734847243,2229.50804364082,2.94409150145991,5.38015152364846,6.82891715437101
"Deviance",6642.68264123566,1.89930379253835,0.017874370660314,6892.34503247258,6640.57403939625,6642.17183520062,6647.66917510598
"",1,0,0,2.22044604925031e-16,1,1,1
