"","Mean","SD","MCSE","ESS","LB","Median","UB"
"u0",6.49008415069874,0.976839024094139,0.0140302946846747,2334.05365140056,4.22054032013855,6.61320961280239,8.0322916221688
"u1",5.32965582292932,0.974998884426682,0.0140148022490354,2305.7464369429,3.06441156951915,5.45140669661711,6.8743361648081
"Deviance",6643.9262384841,1.99524185914981,0.0200418191884941,5604.71525217249,6641.46643631641,6643.46279198509,6649.0295668203
"",1,0,0,2.22044604925031e-16,1,1,1
"",-3322.07749540211,NA,NA,NA,NA,NA,NA
"u0",6.49008415069874,0.976839024094139,0.0140302946846747,2334.05365140056,4.22054032013855,6.61320961280239,8.0322916221688
"u1",5.32965582292932,0.974998884426682,0.0140148022490354,2305.7464369429,3.06441156951915,5.45140669661711,6.8743361648081
"Deviance",6643.9262384841,1.99524185914981,0.0200418191884941,5604.71525217249,6641.46643631641,6643.46279198509,6649.0295668203
"",1,0,0,2.22044604925031e-16,1,1,1
