"","Mean","SD","MCSE","ESS","LB","Median","UB"
"u0",6.09204405199763,1.02193467877446,0.0145636666092136,2449.58696511559,3.7491105295889,6.20941594389353,7.74516304660779
"u1",5.15419390024952,1.0130373691803,0.0144430238927827,2453.2008376195,2.83132145372568,5.27068843826642,6.79358449644599
"Deviance",7098.72989776497,1.75952274574756,0.0141853610341859,12515.7455986961,7097.05120624164,7098.17869498414,7103.45875051802
"",1,0,0,2.22044604925031e-16,1,1,1
"",-3549.22768812904,NA,NA,NA,NA,NA,NA
"u0",6.09204405199763,1.02193467877446,0.0145636666092136,2449.58696511559,3.7491105295889,6.20941594389353,7.74516304660779
"u1",5.15419390024952,1.0130373691803,0.0144430238927827,2453.2008376195,2.83132145372568,5.27068843826642,6.79358449644599
"Deviance",7098.72989776497,1.75952274574756,0.0141853610341859,12515.7455986961,7097.05120624164,7098.17869498414,7103.45875051802
"",1,0,0,2.22044604925031e-16,1,1,1
