"","Mean","SD","MCSE","ESS","LB","Median","UB"
"u0",6.17006628451489,1.01153279917982,0.0147532567461418,1787.77049635782,3.8336196541725,6.29895883386795,7.77742112122171
"u1",5.84338887869164,1.00672490580095,0.0146841751298197,1792.24446419496,3.51340224852822,5.97227708578704,7.44230022179724
"Deviance",8189.04934379154,1.96825184983763,0.0198542247427084,4733.45622267556,8186.65335700663,8188.57773115251,8194.09904743393
"",1,0,0,2.22044604925031e-16,1,1,1
"",-4094.44131320488,NA,NA,NA,NA,NA,NA
"u0",6.17006628451489,1.01153279917982,0.0147532567461418,1787.77049635782,3.8336196541725,6.29895883386795,7.77742112122171
"u1",5.84338887869164,1.00672490580095,0.0146841751298197,1792.24446419496,3.51340224852822,5.97227708578704,7.44230022179724
"Deviance",8189.04934379154,1.96825184983763,0.0198542247427084,4733.45622267556,8186.65335700663,8188.57773115251,8194.09904743393
"",1,0,0,2.22044604925031e-16,1,1,1
