"","Mean","SD","MCSE","ESS","LB","Median","UB"
"u0",6.42251238488682,0.980827354632451,0.0140590729016589,2335.56617079803,4.14574833835249,6.53854890951738,7.98111785336073
"u1",5.26531564819576,0.977990759013805,0.014027757548406,2338.63952095829,2.99581032100988,5.37970350863609,6.82456759269669
"Deviance",6643.18433114446,1.94101935105573,0.0187589166137907,6568.05529110475,6640.91112855395,6642.69890472316,6648.21974976003
"",1,0,0,2.22044604925031e-16,1,1,1
"",-3321.6506307869,NA,NA,NA,NA,NA,NA
"u0",6.42251238488682,0.980827354632451,0.0140590729016589,2335.56617079803,4.14574833835249,6.53854890951738,7.98111785336073
"u1",5.26531564819576,0.977990759013805,0.014027757548406,2338.63952095829,2.99581032100988,5.37970350863609,6.82456759269669
"Deviance",6643.18433114446,1.94101935105573,0.0187589166137907,6568.05529110475,6640.91112855395,6642.69890472316,6648.21974976003
"",1,0,0,2.22044604925031e-16,1,1,1
