"","Mean","SD","MCSE","ESS","LB","Median","UB"
"u0",6.55982299125815,0.974996401597807,0.0141801189763583,1898.77107708891,4.27919538490146,6.69418000700604,8.08087618225124
"u1",5.5954985542713,0.972333534533757,0.0141474284006511,1885.26303180925,3.32390219205561,5.72844259078914,7.11606143635948
"Deviance",7101.95055296923,2.08041853589808,0.0220994061986995,4177.82565437222,7099.29559655735,7101.49272028689,7107.21963337604
"",1,0,0,2.22044604925031e-16,1,1,1
"",-3551.15430707183,NA,NA,NA,NA,NA,NA
"u0",6.55982299125815,0.974996401597807,0.0141801189763583,1898.77107708891,4.27919538490146,6.69418000700604,8.08087618225124
"u1",5.5954985542713,0.972333534533757,0.0141474284006511,1885.26303180925,3.32390219205561,5.72844259078914,7.11606143635948
"Deviance",7101.95055296923,2.08041853589808,0.0220994061986995,4177.82565437222,7099.29559655735,7101.49272028689,7107.21963337604
"",1,0,0,2.22044604925031e-16,1,1,1
