"","Mean","SD","MCSE","ESS","LB","Median","UB"
"u0",6.56980342357476,0.967958902356242,0.0139375231319713,2173.3825658066,4.30998482059945,6.69521069964489,8.09974714143525
"u1",5.41366612253007,0.965696063716183,0.013913565530242,2170.22637186552,3.16039887362527,5.53776446162013,6.94558485209553
"Deviance",6644.13503645879,2.00972009892668,0.0205090961947085,5215.80976782178,6641.62197830035,6643.67220292239,6649.2655161655
"",1,0,0,2.22044604925031e-16,1,1,1
"",-3322.18055299047,NA,NA,NA,NA,NA,NA
"u0",6.56980342357476,0.967958902356242,0.0139375231319713,2173.3825658066,4.30998482059945,6.69521069964489,8.09974714143525
"u1",5.41366612253007,0.965696063716183,0.013913565530242,2170.22637186552,3.16039887362527,5.53776446162013,6.94558485209553
"Deviance",6644.13503645879,2.00972009892668,0.0205090961947085,5215.80976782178,6641.62197830035,6643.67220292239,6649.2655161655
"",1,0,0,2.22044604925031e-16,1,1,1
