"","Mean","SD","MCSE","ESS","LB","Median","UB"
"u0",6.47200916492679,0.997627774992869,0.0144850433143816,1965.01503150172,4.1220433805552,6.60980327817942,8.01556407920315
"u1",5.50490478933619,0.995168738631284,0.0144555720681873,1939.20686674397,3.16211983041879,5.64129633660124,7.04948756005376
"Deviance",7101.49633028402,2.04717437967776,0.0213547156056993,4563.12884966479,7098.97846358781,7101.01446461891,7106.7358657515
"",1,0,0,2.22044604925031e-16,1,1,1
"",-3550.94582297478,NA,NA,NA,NA,NA,NA
"u0",6.47200916492679,0.997627774992869,0.0144850433143816,1965.01503150172,4.1220433805552,6.60980327817942,8.01556407920315
"u1",5.50490478933619,0.995168738631284,0.0144555720681873,1939.20686674397,3.16211983041879,5.64129633660124,7.04948756005376
"Deviance",7101.49633028402,2.04717437967776,0.0213547156056993,4563.12884966479,7098.97846358781,7101.01446461891,7106.7358657515
"",1,0,0,2.22044604925031e-16,1,1,1
