"","Mean","SD","MCSE","ESS","LB","Median","UB"
"u0",6.45557292232817,0.991778060790417,0.014273588333596,2168.14916477041,4.15040141063645,6.58162571906549,8.02808934136086
"u1",5.31062775649957,0.986804078599878,0.0142098795932453,2170.66529343366,3.01621763186247,5.43560304753451,6.8785729972039
"Deviance",6643.47357549502,1.97990664100913,0.0197180530305005,5818.15557058396,6641.10663713056,6642.99103335984,6648.55783537337
"",1,0,0,2.22044604925031e-16,1,1,1
"",-3321.60141385538,NA,NA,NA,NA,NA,NA
"u0",6.45557292232817,0.991778060790417,0.014273588333596,2168.14916477041,4.15040141063645,6.58162571906549,8.02808934136086
"u1",5.31062775649957,0.986804078599878,0.0142098795932453,2170.66529343366,3.01621763186247,5.43560304753451,6.8785729972039
"Deviance",6643.47357549502,1.97990664100913,0.0197180530305005,5818.15557058396,6641.10663713056,6642.99103335984,6648.55783537337
"",1,0,0,2.22044604925031e-16,1,1,1
