"","Mean","SD","MCSE","ESS","LB","Median","UB"
"u0",5.77099553391762,1.05017573246374,0.015111052503454,2099.35110579908,3.37328255754411,5.8799250315732,7.49545523697853
"u1",5.46873547629037,1.04070510222222,0.0149729062521435,2104.45423981609,3.08765880262266,5.57858695229008,7.17461618742785
"Deviance",8186.2976899725,1.69393366207258,0.0126927829486244,15023.5878177511,8184.75797042039,8185.74088162695,8190.91111464965
"",1,0,0,2.22044604925031e-16,1,1,1
"",-4093.08732610177,NA,NA,NA,NA,NA,NA
"u0",5.77099553391762,1.05017573246374,0.015111052503454,2099.35110579908,3.37328255754411,5.8799250315732,7.49545523697853
"u1",5.46873547629037,1.04070510222222,0.0149729062521435,2104.45423981609,3.08765880262266,5.57858695229008,7.17461618742785
"Deviance",8186.2976899725,1.69393366207258,0.0126927829486244,15023.5878177511,8184.75797042039,8185.74088162695,8190.91111464965
"",1,0,0,2.22044604925031e-16,1,1,1
