"","Mean","SD","MCSE","ESS","LB","Median","UB"
"u0",6.50156065710937,0.984366385043264,0.0140745452578094,2409.04900773078,4.23282631682288,6.63096866873564,8.06794634991717
"u1",5.3429358164701,0.983042739181038,0.01406740517162,2399.02220403194,3.07748085803073,5.47104541378242,6.91232726563079
"Deviance",6644.02127594785,1.96139386236457,0.0192986888020709,6106.77964302988,6641.60644482002,6643.5690216866,6649.04817940047
"",1,0,0,2.22044604925031e-16,1,1,1
"",-3321.91628305342,NA,NA,NA,NA,NA,NA
"u0",6.50156065710937,0.984366385043264,0.0140745452578094,2409.04900773078,4.23282631682288,6.63096866873564,8.06794634991717
"u1",5.3429358164701,0.983042739181038,0.01406740517162,2399.02220403194,3.07748085803073,5.47104541378242,6.91232726563079
"Deviance",6644.02127594785,1.96139386236457,0.0192986888020709,6106.77964302988,6641.60644482002,6643.5690216866,6649.04817940047
"",1,0,0,2.22044604925031e-16,1,1,1
