"","Mean","SD","MCSE","ESS","LB","Median","UB"
"u0",6.4497705398173,0.995456956403141,0.0143527058134687,2224.05602029029,4.14311997354493,6.57301932666351,8.02263621339196
"u1",5.4741967348607,0.99568682874172,0.0143641014151553,2179.88873288822,3.1671264916748,5.59651073763699,7.05232208901247
"Deviance",7101.51483487918,1.97284880295929,0.0196602388071868,5612.84209126738,7099.09964659552,7101.04793364311,7106.57188186219
"",1,0,0,2.22044604925031e-16,1,1,1
"",-3550.97142006407,NA,NA,NA,NA,NA,NA
"u0",6.4497705398173,0.995456956403141,0.0143527058134687,2224.05602029029,4.14311997354493,6.57301932666351,8.02263621339196
"u1",5.4741967348607,0.99568682874172,0.0143641014151553,2179.88873288822,3.1671264916748,5.59651073763699,7.05232208901247
"Deviance",7101.51483487918,1.97284880295929,0.0196602388071868,5612.84209126738,7099.09964659552,7101.04793364311,7106.57188186219
"",1,0,0,2.22044604925031e-16,1,1,1
