"","Mean","SD","MCSE","ESS","LB","Median","UB"
"u0",6.39972148486591,0.987852783317266,0.0142343771112355,2146.54982828667,4.1105372177331,6.53476794514611,7.94224616660265
"u1",5.42252519047929,0.987909538376077,0.0142429266046496,2129.16135046423,3.13852982133604,5.55591986786187,6.97073761225783
"Deviance",7101.17472709823,1.95373857735665,0.0192356076540712,5910.59097536602,7098.8521840681,7100.69688829853,7106.2129665799
"",1,0,0,2.22044604925031e-16,1,1,1
"",-3550.40669701525,NA,NA,NA,NA,NA,NA
"u0",6.39972148486591,0.987852783317266,0.0142343771112355,2146.54982828667,4.1105372177331,6.53476794514611,7.94224616660265
"u1",5.42252519047929,0.987909538376077,0.0142429266046496,2129.16135046423,3.13852982133604,5.55591986786187,6.97073761225783
"Deviance",7101.17472709823,1.95373857735665,0.0192356076540712,5910.59097536602,7098.8521840681,7100.69688829853,7106.2129665799
"",1,0,0,2.22044604925031e-16,1,1,1
