"","Mean","SD","MCSE","ESS","LB","Median","UB"
"u0",6.26335867570015,1.00453626930413,0.0147530586334061,1551.62862085348,3.91309716812264,6.39223411233838,7.83016139351648
"u1",5.92292153028533,1.00357866892112,0.014741565717364,1553.19606932199,3.5742253896615,6.05162398663374,7.48945477441304
"Deviance",8189.59167639173,2.12494332809139,0.0232148103222324,3367.62728222283,8186.8713619003,8189.12834449433,8194.96972208517
"",1,0,0,2.22044604925031e-16,1,1,1
"",-4095.09159746543,NA,NA,NA,NA,NA,NA
"u0",6.26335867570015,1.00453626930413,0.0147530586334061,1551.62862085348,3.91309716812264,6.39223411233838,7.83016139351648
"u1",5.92292153028533,1.00357866892112,0.014741565717364,1553.19606932199,3.5742253896615,6.05162398663374,7.48945477441304
"Deviance",8189.59167639173,2.12494332809139,0.0232148103222324,3367.62728222283,8186.8713619003,8189.12834449433,8194.96972208517
"",1,0,0,2.22044604925031e-16,1,1,1
