"","Mean","SD","MCSE","ESS","LB","Median","UB"
"u0",6.29852919121441,0.977060360901388,0.0143124286403646,1749.78746393853,4.00799336214744,6.43366798657977,7.81310452731022
"u1",5.95937696597145,0.976238127090775,0.0143013182609475,1727.71666493136,3.67152436386815,6.09512852641811,7.47246370698198
"Deviance",8189.51873107841,2.07001859125325,0.0220456564197082,3900.8671507057,8186.90047762406,8189.05347197785,8194.78017659358
"",1,0,0,2.22044604925031e-16,1,1,1
"",-4094.78359022998,NA,NA,NA,NA,NA,NA
"u0",6.29852919121441,0.977060360901388,0.0143124286403646,1749.78746393853,4.00799336214744,6.43366798657977,7.81310452731022
"u1",5.95937696597145,0.976238127090775,0.0143013182609475,1727.71666493136,3.67152436386815,6.09512852641811,7.47246370698198
"Deviance",8189.51873107841,2.07001859125325,0.0220456564197082,3900.8671507057,8186.90047762406,8189.05347197785,8194.78017659358
"",1,0,0,2.22044604925031e-16,1,1,1
