"","Mean","SD","MCSE","ESS","LB","Median","UB"
"u0",6.11264048923553,1.07010170436774,0.0150831930818466,2760.10210995824,3.71016431040602,6.22090913113212,7.88877409218899
"u1",4.91693726554286,1.07645776838263,0.0151991951828112,2730.80423915437,2.51047100261384,5.02183122778827,6.71629339247082
"Deviance",6641.83186856022,1.69530702423803,0.0122463652673152,18909.9570516225,6640.28049074193,6641.28479735793,6646.4364670648
"",1,0,0,2.22044604925031e-16,1,1,1
"",-3320.59056413187,NA,NA,NA,NA,NA,NA
"u0",6.11264048923553,1.07010170436774,0.0150831930818466,2760.10210995824,3.71016431040602,6.22090913113212,7.88877409218899
"u1",4.91693726554286,1.07645776838263,0.0151991951828112,2730.80423915437,2.51047100261384,5.02183122778827,6.71629339247082
"Deviance",6641.83186856022,1.69530702423803,0.0122463652673152,18909.9570516225,6640.28049074193,6641.28479735793,6646.4364670648
"",1,0,0,2.22044604925031e-16,1,1,1
