"","Mean","SD","MCSE","ESS","LB","Median","UB"
"u0",6.16715456560423,1.00631334899111,0.0146988499003207,1698.98365236702,3.82446130655009,6.30092581965373,7.74654247195439
"u1",5.83744264313912,1.00332876753258,0.014654444547845,1701.47328730766,3.50020424352905,5.97080192829601,7.41161325928279
"Deviance",8189.05566408459,2.01265535181608,0.0208021923826615,4357.0334772196,8186.59421749355,8188.57390814781,8194.21666995723
"",1,0,0,2.22044604925031e-16,1,1,1
"",-4094.74057691957,NA,NA,NA,NA,NA,NA
"u0",6.16715456560423,1.00631334899111,0.0146988499003207,1698.98365236702,3.82446130655009,6.30092581965373,7.74654247195439
"u1",5.83744264313912,1.00332876753258,0.014654444547845,1701.47328730766,3.50020424352905,5.97080192829601,7.41161325928279
"Deviance",8189.05566408459,2.01265535181608,0.0208021923826615,4357.0334772196,8186.59421749355,8188.57390814781,8194.21666995723
"",1,0,0,2.22044604925031e-16,1,1,1
