"","Mean","SD","MCSE","ESS","LB","Median","UB"
"u0",6.46069125767625,0.989702750347561,0.0143560653453032,1982.46499920925,4.15465365256349,6.58705696436635,8.01664433199543
"u1",5.49521019099151,0.986954091659081,0.0143231176286624,1972.44530116502,3.19761460614131,5.62062813409358,7.05018215623711
"Deviance",7101.52768827973,2.03967294969307,0.021212452297781,4713.85451064553,7098.99593770266,7101.05723459884,7106.73115936135
"",1,0,0,2.22044604925031e-16,1,1,1
"",-3550.69243730803,NA,NA,NA,NA,NA,NA
"u0",6.46069125767625,0.989702750347561,0.0143560653453032,1982.46499920925,4.15465365256349,6.58705696436635,8.01664433199543
"u1",5.49521019099151,0.986954091659081,0.0143231176286624,1972.44530116502,3.19761460614131,5.62062813409358,7.05018215623711
"Deviance",7101.52768827973,2.03967294969307,0.021212452297781,4713.85451064553,7098.99593770266,7101.05723459884,7106.73115936135
"",1,0,0,2.22044604925031e-16,1,1,1
