"","AA-AB","AA-BA","AA-BB","AB-BA","AB-BB","BA-BB"
"spread_y",0.984961438319565,-2.65921664090398,-0.514566700376851,-3.068225634059,-1.10205639639445,1.26004991142494
"EV_y",0.0140364481055914,-0.0385027631019615,-0.0103893988354781,-0.0525392112075529,-0.0244258469410696,0.0281133642664834
"SD_y",0.0142507590241694,0.0144789869729729,0.020190577485619,0.017123646522061,0.0221638811053431,0.0223113100612746
