"","AA","AB","BA","BB"
"EV_y",0.24486301369863,0.286914378029079,0.319148936170213,0.28586387434555
"SD_y",0.0102703089530126,0.00812917588394385,0.0303435758643526,0.0146130608632342
