"","AA","AB","BA","BB"
"EV_y",0.258716875871688,0.238845144356955,0.165876777251185,0.228522336769759
"SD_y",0.0115605497021225,0.00690677399325998,0.0255470036661934,0.017389685551494
