"","AA","AB","BA","BB"
"EV_y",0.25,0.21186943620178,0.239901071723001,0.257668711656442
"SD_y",0.0135515123428225,0.0099518645226142,0.0122558041089439,0.00949864803413055
