"","AA","AB","BA","BB"
"EV_y",0.226045135035146,0.5,0.270875763747454,0.235610543302851
"SD_y",0.00804362945678411,0.288675134594813,0.0115754291181121,0.00984007100648011
