"","AA","AB","BA","BB"
"EV_y",0.208870967741935,0.247657295850067,0.2358934169279,0.269025367156208
"SD_y",0.0115392294691512,0.0157827479622015,0.0084025184326927,0.011453730307069
