"","AA","AB","BA","BB"
"EV_y",0.229662423907028,0.228222996515679,0.268944099378882,0.230125523012552
"SD_y",0.00699570298762451,0.0175021618727806,0.011047360681118,0.0271698183246557
