"","AA","AB","BA","BB"
"EV_y",0.230834392206692,0.227695675971538,0.283038501560874,0.243243243243243
"SD_y",0.0086700227989892,0.00980806937674391,0.01452389629584,0.0143895650175586
