"","AA","AB","BA","BB"
"EV_y",0.233282674772036,0.223007712082262,0.27326565143824,0.247376311844078
"SD_y",0.00824201597632849,0.010549308403552,0.0129565087962725,0.0166947440625819
