"","AA","AB","BA","BB"
"EV_y",0.248829953198128,0.26241134751773,0.296370163542082,0.270900842514582
"SD_y",0.0120699961542056,0.0165575497449832,0.00911854608241618,0.0113103183219447
