"","AA","AB","BA","BB"
"EV_y",0.239735099337748,0.221025641025641,0.273009307135471,0.242283298097252
"SD_y",0.0155269939667836,0.0093940804680127,0.0143190917947812,0.00880861844452671
