"","AA","AB","BA","BB"
"EV_y",0.415190869736324,0.406440071556351,0.509146341463415,0.407506702412869
"SD_y",0.00977334425045382,0.00928885028153502,0.0275612798546695,0.0254081648158366
