"","AA","AB","BA","BB"
"EV_y",0.424140256237357,0.347222222222222,0.42028040430388,0.424211597151577
"SD_y",0.0128290990012344,0.021185599004577,0.00891150147618238,0.0157552455451738
