"","AA","AB","BA","BB"
"EV_y",0.232594936708861,0.244947453516572,0.263067202757036,0.212381771281169
"SD_y",0.00970015765748193,0.0122226318370673,0.0105492897446372,0.0119878143494486
