"","AA","AB","BA","BB"
"EV_y",0.227467811158798,0.276777251184834,0.293174767321613,0.280718336483932
"SD_y",0.0137238968263441,0.013767949868132,0.0103485340341068,0.00976617397003788
