"","AA","AB","BA","BB"
"EV_y",0.227668845315904,0.275958840037418,0.290985767000527,0.282861124013005
"SD_y",0.013832345362397,0.0136650710556406,0.0104259405956655,0.00970432683879681
