"","AA","AB","BA","BB"
"EV_y",0.469964664310954,0.400713436385256,0.413098236775819,0.408207343412527
"SD_y",0.0171188880414738,0.0119451653241,0.0142616984698668,0.0102130607438095
