"","AA","AB","BA","BB"
"EV_y",0.239297475301866,0.265799256505576,0.301384451544196,0.273941068139963
"SD_y",0.0141279473565268,0.0134609725686734,0.0105856164753737,0.00956719543053428
