"","AA","AB","BA","BB"
"EV_y",0.224875930521092,0.244813278008299,0.265721331689272,0.251101321585903
"SD_y",0.00735177553607486,0.0138414312701151,0.0109643882622721,0.0287189533268838
