"","AA","AB","BA","BB"
"EV_y",0.245070422535211,0.258418167580266,0.307909604519774,0.275246772968869
"SD_y",0.0161310957811969,0.012245474979293,0.0122633212164474,0.00870093425460063
