"","AA","AB","BA","BB"
"EV_y",0.226630598136459,0.263812842210055,0.23010752688172,0.245762711864407
"SD_y",0.0072570665603623,0.00982978584703497,0.0194978843880471,0.0279664809407384
