"","AA","AB","BA","BB"
"EV_y",0.235992578849722,0.21768251841929,0.272885789014821,0.249287749287749
"SD_y",0.00817782885967617,0.0106764776539988,0.013146823491508,0.0163158444901408
