"","AA","AB","BA","BB"
"EV_y",0.410247349823322,0.423093310609288,0.461382113821138,0.35054347826087
"SD_y",0.00924459538875966,0.0101958120374726,0.0224516003607041,0.0248389254417196
