"","Mean","SD","MCSE","ESS","LB","Median","UB"
"u0",6.28424248223627,0.995638591114694,0.0146213567223948,1563.52474594445,3.96986754207902,6.42131664771725,7.84075939583075
"u1",5.94295807534072,0.994922172208529,0.0146141257726802,1560.93082848667,3.629124975226,6.07967446845394,7.50046635511491
"Deviance",8189.5207697985,2.10147553513662,0.0227153016409652,3504.44203059263,8186.84811091571,8189.05758152005,8194.82708134027
"",1,0,0,2.22044604925031e-16,1,1,1
"",-4095.07874223602,NA,NA,NA,NA,NA,NA
"u0",6.28424248223627,0.995638591114694,0.0146213567223948,1563.52474594445,3.96986754207902,6.42131664771725,7.84075939583075
"u1",5.94295807534072,0.994922172208529,0.0146141257726802,1560.93082848667,3.629124975226,6.07967446845394,7.50046635511491
"Deviance",8189.5207697985,2.10147553513662,0.0227153016409652,3504.44203059263,8186.84811091571,8189.05758152005,8194.82708134027
"",1,0,0,2.22044604925031e-16,1,1,1
