"","Mean","SD","MCSE","ESS","LB","Median","UB"
"u0",6.47984064161482,0.978602669215526,0.0141732821174889,1959.97454969188,4.18677418545465,6.61842633078027,7.98578138449246
"u1",5.52228678487058,0.974329173770291,0.0141164657125553,1966.83739416707,3.24107673894266,5.65933492843282,7.02322750924102
"Deviance",7101.61717872778,2.02520763926523,0.0208664968971104,4678.37143977166,7099.12526776078,7101.1481188918,7106.81460508127
"",1,0,0,2.22044604925031e-16,1,1,1
"",-3550.86560031535,NA,NA,NA,NA,NA,NA
"u0",6.47984064161482,0.978602669215526,0.0141732821174889,1959.97454969188,4.18677418545465,6.61842633078027,7.98578138449246
"u1",5.52228678487058,0.974329173770291,0.0141164657125553,1966.83739416707,3.24107673894266,5.65933492843282,7.02322750924102
"Deviance",7101.61717872778,2.02520763926523,0.0208664968971104,4678.37143977166,7099.12526776078,7101.1481188918,7106.81460508127
"",1,0,0,2.22044604925031e-16,1,1,1
