"","Mean","SD","MCSE","ESS","LB","Median","UB"
"u0",6.46507108634475,0.992407235610277,0.0142768720186643,2203.82955002429,4.17478533589455,6.58265152832408,8.06050383697281
"u1",5.31905233351509,0.987754060795776,0.0142172658710903,2232.74056380965,3.04074577258492,5.43556472267317,6.91154174851276
"Deviance",6644.19950662836,2.0611090705464,0.0214682589088112,4980.29005695776,6641.56988885831,6643.74826833785,6649.40235273036
"",1,0,0,2.22044604925031e-16,1,1,1
"",-3319.34300811838,NA,NA,NA,NA,NA,NA
"u0",6.46507108634475,0.992407235610277,0.0142768720186643,2203.82955002429,4.17478533589455,6.58265152832408,8.06050383697281
"u1",5.31905233351509,0.987754060795776,0.0142172658710903,2232.74056380965,3.04074577258492,5.43556472267317,6.91154174851276
"Deviance",6644.19950662836,2.0611090705464,0.0214682589088112,4980.29005695776,6641.56988885831,6643.74826833785,6649.40235273036
"",1,0,0,2.22044604925031e-16,1,1,1
