"","Mean","SD","MCSE","ESS","LB","Median","UB"
"u0",6.2509254922281,0.970960752517312,0.0142179221818882,1719.65748623294,4.0116296581774,6.35686745375976,7.8230973226779
"u1",5.92054344966134,0.968061941493411,0.0141761395106236,1725.80220504782,3.68902319335195,6.02582879400257,7.4887463343096
"Deviance",8188.85395789095,1.94605125108353,0.0194586820878811,4751.61946979838,8186.48296951416,8188.39330962598,8193.86606400401
"",1,0,0,2.22044604925031e-16,1,1,1
"",-4094.63682350776,NA,NA,NA,NA,NA,NA
"u0",6.2509254922281,0.970960752517312,0.0142179221818882,1719.65748623294,4.0116296581774,6.35686745375976,7.8230973226779
"u1",5.92054344966134,0.968061941493411,0.0141761395106236,1725.80220504782,3.68902319335195,6.02582879400257,7.4887463343096
"Deviance",8188.85395789095,1.94605125108353,0.0194586820878811,4751.61946979838,8186.48296951416,8188.39330962598,8193.86606400401
"",1,0,0,2.22044604925031e-16,1,1,1
