"","Mean","SD","MCSE","ESS","LB","Median","UB"
"u0",6.2112707741671,0.977349080369591,0.0143027439926225,1717.70977154631,3.96876635458401,6.33439471102196,7.76302769427039
"u1",5.86755547136316,0.977084930014462,0.0143014770441007,1744.67142736951,3.62581509388536,5.98974627583258,7.42071458536623
"Deviance",8188.53298811955,1.95063632745459,0.0194780892018589,4827.52335925561,8186.21368648258,8188.05539341689,8193.55402251097
"",1,0,0,2.22044604925031e-16,1,1,1
"",-4094.52393717091,NA,NA,NA,NA,NA,NA
"u0",6.2112707741671,0.977349080369591,0.0143027439926225,1717.70977154631,3.96876635458401,6.33439471102196,7.76302769427039
"u1",5.86755547136316,0.977084930014462,0.0143014770441007,1744.67142736951,3.62581509388536,5.98974627583258,7.42071458536623
"Deviance",8188.53298811955,1.95063632745459,0.0194780892018589,4827.52335925561,8186.21368648258,8188.05539341689,8193.55402251097
"",1,0,0,2.22044604925031e-16,1,1,1
