"","Mean","SD","MCSE","ESS","LB","Median","UB"
"u0",6.58089529798628,0.961396726566686,0.0138911797440121,2082.13952892072,4.34489969529921,6.68974431269941,8.13302440851354
"u1",5.43047177009827,0.957953153347937,0.0138486536877968,2043.77124186734,3.20328972787349,5.53798693281222,6.98084578005164
"Deviance",6644.36276033773,2.05979200265025,0.0215305825809295,4665.32734237287,6641.68956924198,6643.92208881918,6649.55749524792
"",1,0,0,2.22044604925031e-16,1,1,1
"",-3322.19245396367,NA,NA,NA,NA,NA,NA
"u0",6.58089529798628,0.961396726566686,0.0138911797440121,2082.13952892072,4.34489969529921,6.68974431269941,8.13302440851354
"u1",5.43047177009827,0.957953153347937,0.0138486536877968,2043.77124186734,3.20328972787349,5.53798693281222,6.98084578005164
"Deviance",6644.36276033773,2.05979200265025,0.0215305825809295,4665.32734237287,6641.68956924198,6643.92208881918,6649.55749524792
"",1,0,0,2.22044604925031e-16,1,1,1
