"","EV","STD","Q.05","Q.95"
"rs697680_A-AA",0.239365219307913,0.00633412117265515,0.229012082067462,0.249849006446263
"rs697680_A-Bx",0.240616621983914,0.0110627590190016,0.222618983983287,0.259009725572385
"rs228729_T-AA",0.239807264640474,0.00821848151930691,0.226399258066636,0.253434616702186
"rs228729_T-Bx",0.239567697388172,0.00739421222826888,0.227494591128818,0.251818624066639
"rs11121023_A-AA",0.236464968152866,0.00692125451963624,0.225160383818471,0.247928620048157
"rs11121023_A-Bx",0.245024325519682,0.00904325506483625,0.230278365246125,0.260026786627043
"rs10864315_T-AA",0.240174672489083,0.00782813199290028,0.227398239341192,0.253149610546001
"rs10864315_T-Bx",0.239187418086501,0.00772048540542538,0.226585966984647,0.251983230958285
"rs170631_G-AA",0.238282056576502,0.00612125815681828,0.228275155787293,0.248411860130948
"rs170631_G-Bx",0.245362563237774,0.0124895837240466,0.225064870359681,0.266148693451161
