"","Mean","SD","MCSE","ESS","LB","Median","UB"
"u0",6.10432590265495,0.998458870392073,0.0145827188035217,1679.48221890471,3.81229558102311,6.22106341131322,7.71395083694292
"u1",5.77172968433473,0.996243216320852,0.0145513855992613,1690.5918752432,3.48319659493467,5.88789897787195,7.37818802302321
"Deviance",8188.00619481015,1.9167503173088,0.0185527342566427,5418.806127262,8185.82975008118,8187.50426760851,8193.0000860394
"",1,0,0,2.22044604925031e-16,1,1,1
"",-4094.13882042301,NA,NA,NA,NA,NA,NA
"u0",6.10432590265495,0.998458870392073,0.0145827188035217,1679.48221890471,3.81229558102311,6.22106341131322,7.71395083694292
"u1",5.77172968433473,0.996243216320852,0.0145513855992613,1690.5918752432,3.48319659493467,5.88789897787195,7.37818802302321
"Deviance",8188.00619481015,1.9167503173088,0.0185527342566427,5418.806127262,8185.82975008118,8187.50426760851,8193.0000860394
"",1,0,0,2.22044604925031e-16,1,1,1
