"","Mean","SD","MCSE","ESS","LB","Median","UB"
"u0",6.18233429509798,0.996808627673182,0.0146028079655634,1635.03801246999,3.8778079126004,6.30727639457249,7.7529534845631
"u1",5.8457952928822,0.995070383395409,0.0145798545579955,1644.49023709745,3.54623368848078,5.97095380342032,7.41444463685548
"Deviance",8188.3619603651,1.95082032248012,0.0195323418408257,4676.09326564488,8186.0802064298,8187.87394699351,8193.39984763407
"",1,0,0,2.22044604925031e-16,1,1,1
"",-4093.29324786794,NA,NA,NA,NA,NA,NA
"u0",6.18233429509798,0.996808627673182,0.0146028079655634,1635.03801246999,3.8778079126004,6.30727639457249,7.7529534845631
"u1",5.8457952928822,0.995070383395409,0.0145798545579955,1644.49023709745,3.54623368848078,5.97095380342032,7.41444463685548
"Deviance",8188.3619603651,1.95082032248012,0.0195323418408257,4676.09326564488,8186.0802064298,8187.87394699351,8193.39984763407
"",1,0,0,2.22044604925031e-16,1,1,1
