"","Mean","SD","MCSE","ESS","LB","Median","UB"
"u0",6.30104577852646,0.973770028665334,0.014289359270648,1609.88753176958,4.0419737847016,6.43579851649613,7.84085533710742
"u1",5.96654076199637,0.971940147510649,0.0142635144333433,1607.00763919169,3.71365904515027,6.10146394008247,7.50342235692787
"Deviance",8189.21261206315,2.0156210436067,0.0210136526987447,3923.4446783675,8186.71048079071,8188.74299103965,8194.36596058885
"",1,0,0,2.22044604925031e-16,1,1,1
"",-4094.75418000101,NA,NA,NA,NA,NA,NA
"u0",6.30104577852646,0.973770028665334,0.014289359270648,1609.88753176958,4.0419737847016,6.43579851649613,7.84085533710742
"u1",5.96654076199637,0.971940147510649,0.0142635144333433,1607.00763919169,3.71365904515027,6.10146394008247,7.50342235692787
"Deviance",8189.21261206315,2.0156210436067,0.0210136526987447,3923.4446783675,8186.71048079071,8188.74299103965,8194.36596058885
"",1,0,0,2.22044604925031e-16,1,1,1
