"","Mean","SD","MCSE","ESS","LB","Median","UB"
"u0",6.47642215827559,0.987464394893128,0.0143324497539905,1989.94263625027,4.17807104907636,6.59933399530449,8.05174005329136
"u1",5.50764164161188,0.985609341070452,0.0143121896983507,1955.43650495658,3.21436395766084,5.62969019401121,7.08323183113615
"Deviance",7101.56899176269,2.03424194839244,0.0210996119362502,4732.57669129051,7099.03473387585,7101.10113667202,7106.75337745668
"",1,0,0,2.22044604925031e-16,1,1,1
"",-3550.84632678042,NA,NA,NA,NA,NA,NA
"u0",6.47642215827559,0.987464394893128,0.0143324497539905,1989.94263625027,4.17807104907636,6.59933399530449,8.05174005329136
"u1",5.50764164161188,0.985609341070452,0.0143121896983507,1955.43650495658,3.21436395766084,5.62969019401121,7.08323183113615
"Deviance",7101.56899176269,2.03424194839244,0.0210996119362502,4732.57669129051,7099.03473387585,7101.10113667202,7106.75337745668
"",1,0,0,2.22044604925031e-16,1,1,1
