"","Mean","SD","MCSE","ESS","LB","Median","UB"
"u0",6.29480951614675,1.0334102181339,0.0146849682616472,2504.65867394664,3.92444168005548,6.41419526946931,7.95258834392838
"u1",5.11482309242777,1.03646490011054,0.0147468641986981,2485.74495691198,2.74021423097356,5.2320569521776,6.78702207605736
"Deviance",6643.04643945068,1.84071555915632,0.0163034169385778,9225.94588192733,6641.02349065487,6642.54342107138,6647.91225047362
"",1,0,0,2.22044604925031e-16,1,1,1
"",-3321.43787047292,NA,NA,NA,NA,NA,NA
"u0",6.29480951614675,1.0334102181339,0.0146849682616472,2504.65867394664,3.92444168005548,6.41419526946931,7.95258834392838
"u1",5.11482309242777,1.03646490011054,0.0147468641986981,2485.74495691198,2.74021423097356,5.2320569521776,6.78702207605736
"Deviance",6643.04643945068,1.84071555915632,0.0163034169385778,9225.94588192733,6641.02349065487,6642.54342107138,6647.91225047362
"",1,0,0,2.22044604925031e-16,1,1,1
