"","Mean","SD","MCSE","ESS","LB","Median","UB"
"u0",6.41490313011659,0.976361909757527,0.0141028274025085,2061.77381081291,4.16622456127726,6.52810328239145,8.01585211277597
"u1",5.4626699906231,0.97101802614601,0.0140304576954233,2058.77580627706,3.22615500701082,5.57481613172507,7.05697397260543
"Deviance",7101.14754360326,1.93683536133766,0.0189425600419822,5797.84363087112,7098.81688712,7100.67284370386,7106.13413423233
"",1,0,0,2.22044604925031e-16,1,1,1
"",-3550.73542889977,NA,NA,NA,NA,NA,NA
"u0",6.41490313011659,0.976361909757527,0.0141028274025085,2061.77381081291,4.16622456127726,6.52810328239145,8.01585211277597
"u1",5.4626699906231,0.97101802614601,0.0140304576954233,2058.77580627706,3.22615500701082,5.57481613172507,7.05697397260543
"Deviance",7101.14754360326,1.93683536133766,0.0189425600419822,5797.84363087112,7098.81688712,7100.67284370386,7106.13413423233
"",1,0,0,2.22044604925031e-16,1,1,1
