"","Mean","SD","MCSE","ESS","LB","Median","UB"
"u0",6.17943064728687,0.99863675535712,0.0145952129941637,1703.19964556171,3.83642550978862,6.31201812332122,7.74113392772216
"u1",5.83259050277869,0.998842289501749,0.014601972416949,1691.25472938087,3.48969424586557,5.9647657958769,7.39674099582828
"Deviance",8188.70202190521,1.99237751978408,0.0203675268218672,4565.52597122805,8186.33565115742,8188.21164641242,8193.85760680775
"",1,0,0,2.22044604925031e-16,1,1,1
"",-4094.42777168007,NA,NA,NA,NA,NA,NA
"u0",6.17943064728687,0.99863675535712,0.0145952129941637,1703.19964556171,3.83642550978862,6.31201812332122,7.74113392772216
"u1",5.83259050277869,0.998842289501749,0.014601972416949,1691.25472938087,3.48969424586557,5.9647657958769,7.39674099582828
"Deviance",8188.70202190521,1.99237751978408,0.0203675268218672,4565.52597122805,8186.33565115742,8188.21164641242,8193.85760680775
"",1,0,0,2.22044604925031e-16,1,1,1
