"","Mean","SD","MCSE","ESS","LB","Median","UB"
"u0",6.53302275402392,0.971720453788061,0.014010623091176,2155.70354959642,4.27327780685787,6.66275482256088,8.06606845069896
"u1",5.37747777104109,0.969246859315299,0.013983845416015,2121.31663845234,3.12606980131121,5.50578909765671,6.91108200952266
"Deviance",6644.04574192065,2.02973973000531,0.0208712559854554,4979.62542695324,6641.5112120469,6643.58224139515,6649.20724942444
"",1,0,0,2.22044604925031e-16,1,1,1
"",-3321.63813496591,NA,NA,NA,NA,NA,NA
"u0",6.53302275402392,0.971720453788061,0.014010623091176,2155.70354959642,4.27327780685787,6.66275482256088,8.06606845069896
"u1",5.37747777104109,0.969246859315299,0.013983845416015,2121.31663845234,3.12606980131121,5.50578909765671,6.91108200952266
"Deviance",6644.04574192065,2.02973973000531,0.0208712559854554,4979.62542695324,6641.5112120469,6643.58224139515,6649.20724942444
"",1,0,0,2.22044604925031e-16,1,1,1
