"","Mean","SD","MCSE","ESS","LB","Median","UB"
"u0",6.52545546118105,0.974816062050674,0.0140551210205457,2152.77750931808,4.26825383946597,6.65216245791936,8.07979316937306
"u1",5.37394950098484,0.971332988803904,0.0140136460346127,2134.83606991197,3.12490025112227,5.49984534429721,6.92711467746224
"Deviance",6644.37387097896,2.06545658736921,0.0216042492012871,4708.1706711462,6641.72262110429,6643.92603002984,6649.58721590747
"",1,0,0,2.22044604925031e-16,1,1,1
"",-3320.34342415029,NA,NA,NA,NA,NA,NA
"u0",6.52545546118105,0.974816062050674,0.0140551210205457,2152.77750931808,4.26825383946597,6.65216245791936,8.07979316937306
"u1",5.37394950098484,0.971332988803904,0.0140136460346127,2134.83606991197,3.12490025112227,5.49984534429721,6.92711467746224
"Deviance",6644.37387097896,2.06545658736921,0.0216042492012871,4708.1706711462,6641.72262110429,6643.92603002984,6649.58721590747
"",1,0,0,2.22044604925031e-16,1,1,1
