"","Mean","SD","MCSE","ESS","LB","Median","UB"
"u0",6.55971785105556,0.978658036485465,0.0141567423807612,2031.94677678168,4.29020818510581,6.69115016351704,8.11254682464713
"u1",5.40789249756242,0.975144284721593,0.0141153920180527,2034.52476896561,3.14696107431836,5.53786216647393,6.9596297900615
"Deviance",6644.28066925334,2.0733008155054,0.021798333682158,4498.81895894284,6641.63157372266,6643.82506007533,6649.5038050274
"",1,0,0,2.22044604925031e-16,1,1,1
"",-3322.00419838768,NA,NA,NA,NA,NA,NA
"u0",6.55971785105556,0.978658036485465,0.0141567423807612,2031.94677678168,4.29020818510581,6.69115016351704,8.11254682464713
"u1",5.40789249756242,0.975144284721593,0.0141153920180527,2034.52476896561,3.14696107431836,5.53786216647393,6.9596297900615
"Deviance",6644.28066925334,2.0733008155054,0.021798333682158,4498.81895894284,6641.63157372266,6643.82506007533,6649.5038050274
"",1,0,0,2.22044604925031e-16,1,1,1
