"","Mean","SD","MCSE","ESS","LB","Median","UB"
"u0",6.43574262692994,0.986165669083321,0.0142596122920461,2062.24478210206,4.14067443804562,6.5571867956041,8.00219994323947
"u1",5.46236358410076,0.985125945967344,0.0142525886308618,2090.82526126914,3.17136462790871,5.58289652890082,7.03151888026396
"Deviance",7101.38378701366,1.99037937654141,0.0201748325092963,5190.44488874461,7098.9517159899,7100.91426502075,7106.48881635402
"",1,0,0,2.22044604925031e-16,1,1,1
"",-3550.74742782168,NA,NA,NA,NA,NA,NA
"u0",6.43574262692994,0.986165669083321,0.0142596122920461,2062.24478210206,4.14067443804562,6.5571867956041,8.00219994323947
"u1",5.46236358410076,0.985125945967344,0.0142525886308618,2090.82526126914,3.17136462790871,5.58289652890082,7.03151888026396
"Deviance",7101.38378701366,1.99037937654141,0.0201748325092963,5190.44488874461,7098.9517159899,7100.91426502075,7106.48881635402
"",1,0,0,2.22044604925031e-16,1,1,1
