"","AA","AB","BA","BB"
"EV",0.415097638772164,0.414847859545791,0.41671351380852,0.416877090809336
"STD",0.00491613135780178,0.00576978949698773,0.00529546450339193,0.00586006884306426
"Q.05",0.407020885512207,0.405370603874099,0.408014116839769,0.407251408009419
"Q.95",0.42319361413599,0.424351676603147,0.425434765311164,0.426529482366311
"theta0",3950.25636343681,3950.25636343681,3950.25636343681,3950.25636343681
"theta1",2812.59343184078,2812.59343184078,2812.59343184078,2812.59343184078
