"","AA","AB","BA","BB"
"EV",0.275679105054065,0.276345188587666,0.275165405684621,0.274874050009596
"STD",0.00496063404276941,0.00467922180833785,0.00497095567026969,0.00464160392671794
"Q.05",0.267551073498371,0.268676439595396,0.267020637504029,0.26726700334824
"Q.95",0.283870013388243,0.284069632339784,0.283373530429103,0.282536442611314
"theta0",5168.76026845562,5168.76026845562,5168.76026845562,5168.76026845562
"theta1",1965.71582958553,1965.71582958553,1965.71582958553,1965.71582958553
