"","AA","AB","BA","BB"
"EV",0.414870737685947,0.413140580737623,0.418088497859522,0.416130908883153
"STD",0.00615745095563734,0.00580914010404711,0.00590481971842057,0.00537985181312528
"Q.05",0.404757659731544,0.403599066548741,0.408389200241157,0.407293138954837
"Q.95",0.425014058421749,0.422709593040407,0.42781449663182,0.424991402455892
"theta0",3349.81807575112,3349.81807575112,3349.81807575112,3349.81807575112
"theta1",2381.87522008108,2381.87522008108,2381.87522008108,2381.87522008108
