"","AA","AB","BA","BB"
"EV",0.240733165164405,0.237479887425291,0.237478596600977,0.239637404164228
"STD",0.00438601052811207,0.00522478627842077,0.00538980627199349,0.00564281399550308
"Q.05",0.233549928118244,0.228931026640666,0.228661204832998,0.230407715806915
"Q.95",0.24797846399176,0.246118763953532,0.246391782214827,0.248970584577593
"theta0",4197.39535764358,4197.39535764358,4197.39535764358,4197.39535764358
"theta1",1317.07934596376,1317.07934596376,1317.07934596376,1317.07934596376
