"","AA","AB","BA","BB"
"EV",0.275522608101783,0.276880993088972,0.275089374985477,0.275328684522878
"STD",0.00482683915645192,0.00501007277898046,0.00464221292623856,0.00490367232507822
"Q.05",0.267613004016937,0.268672014060071,0.267481293713645,0.267293699823065
"Q.95",0.283491804879812,0.285153593656818,0.282752736894174,0.283425254550061
"theta0",5081.26860345051,5081.26860345051,5081.26860345051,5081.26860345051
"theta1",1934.27698217411,1934.27698217411,1934.27698217411,1934.27698217411
