"","AA","AB","BA","BB"
"EV",0.241917630092342,0.239423235003263,0.237832836295469,0.240661699612245
"STD",0.00528879836945588,0.00526449293388921,0.00483113604410883,0.00476235612496851
"Q.05",0.233263230160696,0.230809155489346,0.229924823613167,0.232865023235121
"Q.95",0.25066156377548,0.248127520933229,0.245817627163145,0.248531582272904
"theta0",4354.58414114305,4354.58414114305,4354.58414114305,4354.58414114305
"theta1",1374.88309884618,1374.88309884618,1374.88309884618,1374.88309884618
