"","AA","AB","BA","BB"
"EV",0.413822930492739,0.418140359547633,0.416101980317773,0.41967949564771
"STD",0.00581737071002008,0.00674938663625924,0.00549245091039829,0.00667762920866207
"Q.05",0.404267801568482,0.407055913214022,0.407079482320864,0.408712376054194
"Q.95",0.423405405571748,0.429259670458878,0.425148171940901,0.430680066225252
"theta0",2914.05269850378,2914.05269850378,2914.05269850378,2914.05269850378
"theta1",2083.81362404816,2083.81362404816,2083.81362404816,2083.81362404816
