"","AA","AB","BA","BB"
"EV",0.241611088431153,0.237139481570358,0.236957066648631,0.24007543988916
"STD",0.00474327119322812,0.00557605480754633,0.0053359620962898,0.00586857240113676
"Q.05",0.233845278023931,0.228019240960767,0.228227449874153,0.230478491886169
"Q.95",0.2494490594821,0.24636248611887,0.24578090159328,0.249784001015953
"theta0",3724.77650365498,3724.77650365498,3724.77650365498,3724.77650365498
"theta1",1169.50777891636,1169.50777891636,1169.50777891636,1169.50777891636
