"","AA","AB","BA","BB"
"EV",0.260604720975781,0.264915571277532,0.280019836299556,0.281800953731949
"STD",0.0106076417142857,0.00869550228841759,0.0093534056197145,0.00707222126237091
"Q.05",0.24331649100024,0.250716933018047,0.264743736723314,0.270229631391575
"Q.95",0.278211128938041,0.279321901357533,0.295513153837678,0.293494946141862
"theta0",838.447867819857,838.447867819857,838.447867819857,838.447867819857
"theta1",313.01540996827,313.01540996827,313.01540996827,313.01540996827
