"","AA","AB","BA","BB"
"EV",0.41841317015737,0.412953268563071,0.417844572936162,0.41821163568097
"STD",0.00604265881302868,0.00551327205079079,0.00661115052642756,0.00638430637038037
"Q.05",0.408487713505347,0.403897088663848,0.406986869316074,0.407725862533321
"Q.95",0.428366472487838,0.422034273090829,0.42873585479232,0.428728574103831
"theta0",2936.3698409223,2936.3698409223,2936.3698409223,2936.3698409223
"theta1",2099.07169878885,2099.07169878885,2099.07169878885,2099.07169878885
