"","AA","AB","BA","BB"
"EV",0.415519472975117,0.417675120920167,0.416040762804473,0.413630574023159
"STD",0.00550784942371008,0.00569293697041187,0.00541627153005084,0.00561541487504939
"Q.05",0.406471800403142,0.408323473269152,0.407143253991054,0.404406737995424
"Q.95",0.424591147359511,0.427051719700525,0.424961330215396,0.422879950462527
"theta0",3717.56971240755,3717.56971240755,3717.56971240755,3717.56971240755
"theta1",2645.0933962547,2645.0933962547,2645.0933962547,2645.0933962547
