"","AA","AB","BA","BB"
"EV",0.274453283846623,0.277411844796244,0.275446122366123,0.274588903566503
"STD",0.00530019107686117,0.00498532925823524,0.00521354860399894,0.00475267010478608
"Q.05",0.265771491443478,0.269243138253444,0.266905433734847,0.266800568466944
"Q.95",0.283207449529099,0.285643321823928,0.284056372580199,0.282435376401597
"theta0",4579.26990121291,4579.26990121291,4579.26990121291,4579.26990121291
"theta1",1741.17159183888,1741.17159183888,1741.17159183888,1741.17159183888
