"","AA","AB","BA","BB"
"EV",0.423852296252942,0.419558803513604,0.398944508771688,0.410905378454188
"STD",0.00926316460954245,0.00824430836898012,0.0103953296868083,0.00959557509306084
"Q.05",0.408645852876579,0.406023431199375,0.381897121864025,0.395160270877443
"Q.95",0.439119617995294,0.433145252598786,0.416095531664993,0.426727597934347
"theta0",769.120269159305,769.120269159305,769.120269159305,769.120269159305
"theta1",541.845107772784,541.845107772784,541.845107772784,541.845107772784
