"","AA","AB","BA","BB"
"EV",0.267347557970669,0.278685687715559,0.285583832920287,0.280504331077297
"STD",0.00739995932786846,0.00638230059614326,0.0103084883076853,0.00972727706595032
"Q.05",0.255249891646248,0.268238835072601,0.268755258573803,0.264621776907794
"Q.95",0.279593194176081,0.289234553758619,0.302666563929642,0.296621062866545
"theta0",1178.94472066639,1178.94472066639,1178.94472066639,1178.94472066639
"theta1",454.027418878462,454.027418878462,454.027418878462,454.027418878462
