"","AA","AB","BA","BB"
"EV",0.271980189665576,0.269272082337987,0.309561372465592,0.277738135571724
"STD",0.00916296769366542,0.00775313468126577,0.0134735869086476,0.011930420577215
"Q.05",0.257018784817603,0.256599709212524,0.287583591876517,0.258294460863994
"Q.95",0.2871616028399,0.282104819093861,0.331907456545909,0.29754081983012
"theta0",392.197104864353,392.197104864353,392.197104864353,392.197104864353
"theta1",154.152352530218,154.152352530218,154.152352530218,154.152352530218
