"","AA","AB","BA","BB"
"EV",0.41547279055625,0.416368767595591,0.412764151118909,0.415510697259034
"STD",0.00522901843558576,0.00527356427683568,0.00606803250919308,0.0060762413545202
"Q.05",0.406882585683737,0.407705351362211,0.402798108275296,0.405530687020126
"Q.95",0.424084640851994,0.425053952809,0.422760336440075,0.425519923162944
"theta0",3619.14077157839,3619.14077157839,3619.14077157839,3619.14077157839
"theta1",2567.78160074094,2567.78160074094,2567.78160074094,2567.78160074094
