"","AA","AB","BA","BB"
"EV",0.275322710925817,0.272429130173099,0.275807197492995,0.276404928950891
"STD",0.00516145148031034,0.00581671108222663,0.00474285439235652,0.0057604736251549
"Q.05",0.266867049454992,0.26290575523775,0.268034650580027,0.266972055538303
"Q.95",0.283846606870728,0.28204086482642,0.283637171341704,0.285922183589728
"theta0",4027.62296701158,4027.62296701158,4027.62296701158,4027.62296701158
"theta1",1527.7074233949,1527.7074233949,1527.7074233949,1527.7074233949
