"","AA","AB","BA","BB"
"EV",0.275644957922877,0.277863686620641,0.282572915173498,0.260400108613285
"STD",0.00738492241333537,0.00751912602215057,0.00984384155782136,0.0096806436754645
"Q.05",0.263567703434571,0.265567173979565,0.266499783826604,0.244610060501374
"Q.95",0.287861625621388,0.290302591656737,0.298882554261371,0.276455477018616
"theta0",966.200134788901,966.200134788901,966.200134788901,966.200134788901
"theta1",364.883637371304,364.883637371304,364.883637371304,364.883637371304
