"","AA","AB","BA","BB"
"EV",0.414672772303836,0.417500088256715,0.417319639849731,0.412893450580756
"STD",0.00608428322246542,0.00630650279534103,0.00540787039290235,0.00580337384652575
"Q.05",0.404679727028524,0.40714205686224,0.408435728833852,0.403361435569906
"Q.95",0.42469541850848,0.427888809074043,0.426226167988604,0.422452992094264
"theta0",3236.23049686115,3236.23049686115,3236.23049686115,3236.23049686115
"theta1",2301.47085324417,2301.47085324417,2301.47085324417,2301.47085324417
