"","AA","AB","BA","BB"
"EV",0.270241713675013,0.275914157494974,0.27762031707017,0.275366604861592
"STD",0.00620537469954805,0.0063804718044949,0.00552934527526096,0.00568847923995457
"Q.05",0.260085912455279,0.265471249435589,0.268563970953001,0.266051390504171
"Q.95",0.280499562543532,0.286460935278731,0.28675377585436,0.284764678890153
"theta0",3031.71201173968,3031.71201173968,3031.71201173968,3031.71201173968
"theta1",1148.76703147544,1148.76703147544,1148.76703147544,1148.76703147544
