"","AA","AB","BA","BB"
"EV",0.274048680928635,0.273361804652112,0.282347528411174,0.269586054937406
"STD",0.00594557551416934,0.00733106595882884,0.00714608188127798,0.00807889211433646
"Q.05",0.264314826352819,0.26137318915207,0.270655775490784,0.256384585288437
"Q.95",0.283873859216996,0.285489924336953,0.294164067362086,0.282961288960948
"theta0",1862.86529762347,1862.86529762347,1862.86529762347,1862.86529762347
"theta1",706.048229923833,706.048229923833,706.048229923833,706.048229923833
