"","AA","AB","BA","BB"
"EV",0.412719293995959,0.417122514279464,0.420972183355373,0.423566551221695
"STD",0.00641197095632911,0.00657184385979975,0.00839164296465598,0.0084389053684757
"Q.05",0.402189273377317,0.406329421777248,0.407194885478188,0.409710895897101
"Q.95",0.423282990213143,0.427949094842826,0.434801422821435,0.437472926732344
"theta0",1799.70035840231,1799.70035840231,1799.70035840231,1799.70035840231
"theta1",1295.7557730724,1295.7557730724,1295.7557730724,1295.7557730724
