"","AA","AB","BA","BB"
"EV",0.414066897502303,0.415507882415023,0.416772647392807,0.414935669055087
"STD",0.00531011136670873,0.00588800550800707,0.0049522787606389,0.00580939163193347
"Q.05",0.405343839529725,0.405836609970242,0.408636373860864,0.40539344029571
"Q.95",0.422812671280152,0.425206588996672,0.424928019804625,0.424504795724381
"theta0",3899.90884909095,3899.90884909095,3899.90884909095,3899.90884909095
"theta1",2770.30682109857,2770.30682109857,2770.30682109857,2770.30682109857
