"","AA","AB","BA","BB"
"EV",0.414410166804991,0.416426847269397,0.416853523660885,0.416935327242133
"STD",0.00517562233342879,0.00506268719179342,0.00588856665017939,0.00587325255788016
"Q.05",0.405907714103265,0.408109439210228,0.407181099223401,0.407288008822102
"Q.95",0.422934107628334,0.424764303129361,0.426552925397387,0.426609454892687
"theta0",3877.49885334166,3877.49885334166,3877.49885334166,3877.49885334166
"theta1",2763.88732867253,2763.88732867253,2763.88732867253,2763.88732867253
