"","AA","AB","BA","BB"
"EV",0.234993403217683,0.232430064849587,0.239897623634647,0.247814341617525
"STD",0.00777254286470038,0.00692267478764104,0.00748268820702242,0.00676855424009569
"Q.05",0.222310501795551,0.221125394399774,0.227680938857835,0.236751804962098
"Q.95",0.247878921720326,0.243898245926779,0.252296009608096,0.259017878161553
"theta0",1520.69371386708,1520.69371386708,1520.69371386708,1520.69371386708
"theta1",477.043658907012,477.043658907012,477.043658907012,477.043658907012
