"","AA","AB","BA","BB"
"EV",0.277187126033312,0.274600438609048,0.27626896404911,0.274400281165465
"STD",0.00488961172098618,0.00519491149636152,0.00543085263231949,0.00476935238587115
"Q.05",0.269174710338492,0.266090354137808,0.26737360045816,0.266584748331346
"Q.95",0.285260015722958,0.283179980677849,0.285239394750421,0.2822744346885
"theta0",4574.53510968757,4574.53510968757,4574.53510968757,4574.53510968757
"theta1",1740.5839235004,1740.5839235004,1740.5839235004,1740.5839235004
