"","AA","AB","BA","BB"
"EV",0.236927492111209,0.239586717439559,0.241795814678413,0.240523820617061
"STD",0.00530194804270893,0.0048827863903126,0.00544020617598244,0.00504276753036484
"Q.05",0.228253231118706,0.231594114068357,0.232895022236778,0.232270403604533
"Q.95",0.245694792111424,0.247656833112368,0.250791419059223,0.248859396215951
"theta0",4070.9157883237,4070.9157883237,4070.9157883237,4070.9157883237
"theta1",1283.555415389,1283.555415389,1283.555415389,1283.555415389
