"","AA","AB","BA","BB"
"EV",0.277590509215737,0.274175512629723,0.27586905646076,0.27433765919125
"STD",0.00509245729060219,0.00508450398919666,0.00510751688659392,0.00513708467189468
"Q.05",0.269246919786907,0.265845663600201,0.267501275392892,0.265921980798071
"Q.95",0.285999517821961,0.282572087373166,0.284303408843359,0.282821376836368
"theta0",4455.48052730067,4455.48052730067,4455.48052730067,4455.48052730067
"theta1",1694.25694092799,1694.25694092799,1694.25694092799,1694.25694092799
