"","AA","AB","BA","BB"
"EV",0.271440099403818,0.272405505287452,0.27829469058431,0.280383763315676
"STD",0.00689141256600021,0.00593010931778433,0.00709835099432171,0.00627811753619496
"Q.05",0.26016730896029,0.2626973590042,0.266682333451747,0.270106054805484
"Q.95",0.282837752761622,0.282205505494775,0.290033576629627,0.290759060028357
"theta0",2331.0790291291,2331.0790291291,2331.0790291291,2331.0790291291
"theta1",887.036490469393,887.036490469393,887.036490469393,887.036490469393
