"","AA","AB","BA","BB"
"EV",0.238868346297668,0.239385459075906,0.240084343802783,0.24112056693103
"STD",0.00462397193660834,0.00454271434646357,0.00483439043459464,0.00477856557484089
"Q.05",0.231297607056483,0.231947037387802,0.232170449351234,0.233297365054465
"Q.95",0.246508932506186,0.24689106083706,0.248073968506916,0.249017248327894
"theta0",5152.37719724186,5152.37719724186,5152.37719724186,5152.37719724186
"theta1",1625.93270639108,1625.93270639108,1625.93270639108,1625.93270639108
