"","AA","AB","BA","BB"
"EV",0.234437240115077,0.242784250998299,0.243735612970617,0.237092393429397
"STD",0.00653667286536119,0.00623601938141605,0.00640910531231793,0.00603432703191677
"Q.05",0.223757572863972,0.232589008980893,0.233258753211568,0.227227222547838
"Q.95",0.245260729342404,0.253103260961236,0.254342380029345,0.247077957029888
"theta0",2347.92830397331,2347.92830397331,2347.92830397331,2347.92830397331
"theta1",739.503110972435,739.503110972435,739.503110972435,739.503110972435
