"","AA","AB","BA","BB"
"EV",0.275226984437397,0.272879957595344,0.273779342032036,0.277851228271927
"STD",0.00580836079074911,0.00537036892879113,0.00559266457841655,0.00500977715952001
"Q.05",0.265716392938558,0.264084096555544,0.264620772488345,0.269642523799587
"Q.95",0.284824046629961,0.281750908470152,0.283018859083127,0.286123133756847
"theta0",3826.64076349381,3826.64076349381,3826.64076349381,3826.64076349381
"theta1",1451.05941227483,1451.05941227483,1451.05941227483,1451.05941227483
