"","AA","AB","BA","BB"
"EV",0.237646315422853,0.241663467148445,0.241133041761801,0.239222360117407
"STD",0.00484867517500975,0.00550319644961061,0.00474067044479239,0.00544336013751655
"Q.05",0.229709782774154,0.232660217815119,0.233371585935539,0.230317268005467
"Q.95",0.245660281671649,0.25076382320202,0.248966810064234,0.248224023886899
"theta0",4182.10291661346,4182.10291661346,4182.10291661346,4182.10291661346
"theta1",1320.11716095675,1320.11716095675,1320.11716095675,1320.11716095675
