"","AA","AB","BA","BB"
"EV",0.412701138220703,0.417921739973988,0.413397848042679,0.413138838242808
"STD",0.00590028984053398,0.00537625017587843,0.00672548894519403,0.00660461619565474
"Q.05",0.403010203726474,0.409089622725598,0.402353654040042,0.402292870450126
"Q.95",0.422420593247038,0.426776038748915,0.424478786372303,0.424020353674008
"theta0",2967.32026581914,2967.32026581914,2967.32026581914,2967.32026581914
"theta1",2098.90600564518,2098.90600564518,2098.90600564518,2098.90600564518
