"","AA","AB","BA","BB"
"EV",0.241218268919802,0.23894703021762,0.238907215392519,0.238027568235231
"STD",0.00462503117693226,0.00467052363085757,0.0050805109314286,0.00510277173761394
"Q.05",0.233645253351265,0.23130041103273,0.230592794184593,0.229677157007683
"Q.95",0.248860072310587,0.24666487249067,0.247305937897139,0.246463524300043
"theta0",4729.78069839577,4729.78069839577,4729.78069839577,4729.78069839577
"theta1",1487.7504016402,1487.7504016402,1487.7504016402,1487.7504016402
