"","AA","AB","BA","BB"
"EV",0.416888560013036,0.415054931645895,0.414973705944436,0.413508787957494
"STD",0.0052496208236007,0.00512846014539617,0.00598832071354535,0.00596192945835111
"Q.05",0.40826435842049,0.406629776007676,0.405137992148278,0.403716618893507
"Q.95",0.425534191606595,0.423501017088154,0.424837986916192,0.423329790599195
"theta0",3745.01738888126,3745.01738888126,3745.01738888126,3745.01738888126
"theta1",2657.93885995557,2657.93885995557,2657.93885995557,2657.93885995557
