"","AA","AB","BA","BB"
"EV",0.420694485669567,0.413023643126917,0.413332894505492,0.416188644814085
"STD",0.00662521336245013,0.0065015784903483,0.00648423440417307,0.00633869404477954
"Q.05",0.409813104296265,0.402346636496699,0.40268426034361,0.405778080275284
"Q.95",0.431608357079707,0.423735145138745,0.424015710630346,0.426630734082134
"theta0",2492.912180987,2492.912180987,2492.912180987,2492.912180987
"theta1",1774.41108701949,1774.41108701949,1774.41108701949,1774.41108701949
