"","AA","AB","BA","BB"
"EV",0.275536396340497,0.276304280699853,0.274639114578476,0.275527971535878
"STD",0.00468067554148799,0.00478556623906843,0.00484421407716738,0.00491523416421251
"Q.05",0.267865426048367,0.268461901799232,0.266701326141492,0.267474073442721
"Q.95",0.283263399106283,0.284204931095512,0.282637282050467,0.283643663151308
"theta0",5173.05226375269,5173.05226375269,5173.05226375269,5173.05226375269
"theta1",1967.20839035562,1967.20839035562,1967.20839035562,1967.20839035562
