"","AA","AB","BA","BB"
"EV",0.415673573930422,0.409633286995806,0.421374606542247,0.415385684509358
"STD",0.00726768046448219,0.00712666931020157,0.00703570650752159,0.00692661131617527
"Q.05",0.40374000612202,0.397932403978573,0.409819910805373,0.404011302661087
"Q.95",0.427648856886966,0.421377342387865,0.432965614202953,0.426798093846192
"theta0",1945.44138217426,1945.44138217426,1945.44138217426,1945.44138217426
"theta1",1383.05971022777,1383.05971022777,1383.05971022777,1383.05971022777
