"","AA","AB","BA","BB"
"EV",0.412655887884728,0.417350666082847,0.4185847526535,0.414733544533363
"STD",0.0056904717185523,0.00667364535166491,0.00572635551292835,0.00670579513211161
"Q.05",0.403309092831035,0.406390592159622,0.40917813454356,0.403721338010879
"Q.95",0.422029225327064,0.428345173476435,0.428016321527244,0.425781683015188
"theta0",2881.60561720911,2881.60561720911,2881.60561720911,2881.60561720911
"theta1",2051.26206195889,2051.26206195889,2051.26206195889,2051.26206195889
