"","AA","AB","BA","BB"
"EV",0.273477346625478,0.275238037192529,0.277538654821186,0.274852081187185
"STD",0.00526740183098241,0.0053276297675008,0.00501987142584284,0.00505783203563254
"Q.05",0.264849276300622,0.266511295610175,0.269313541655432,0.266565603249385
"Q.95",0.282177366083491,0.284037519957708,0.285827357328044,0.283204287881949
"theta0",4330.94943931366,4330.94943931366,4330.94943931366,4330.94943931366
"theta1",1645.1155843327,1645.1155843327,1645.1155843327,1645.1155843327
