"","AA","AB","BA","BB"
"EV",0.413239226189728,0.415925840937104,0.415791306730535,0.417224255392326
"STD",0.00562380457186421,0.00546580637556027,0.00563732472249641,0.00550286495447593
"Q.05",0.404001689994226,0.40694708170758,0.406531189431953,0.408184503937569
"Q.95",0.42250250245018,0.424928116552079,0.42507648213782,0.426287454225313
"theta0",3716.86682622977,3716.86682622977,3716.86682622977,3716.86682622977
"theta1",2642.72199120564,2642.72199120564,2642.72199120564,2642.72199120564
