"","AA","AB","BA","BB"
"EV",0.239193571093738,0.237405254197884,0.240290538663113,0.239578120320227
"STD",0.00496822063908959,0.00517409660600589,0.00440319188122208,0.00488172027393765
"Q.05",0.23106192188448,0.228938919520885,0.23307937889758,0.231587255808013
"Q.95",0.247405681011487,0.245959910307639,0.24756443310565,0.247646467745394
"theta0",4786.37688444186,4786.37688444186,4786.37688444186,4786.37688444186
"theta1",1504.24442599381,1504.24442599381,1504.24442599381,1504.24442599381
