"","AA","AB","BA","BB"
"EV",0.241000450750656,0.238821797305459,0.240959565009603,0.240483829751115
"STD",0.00485808155208075,0.00430286341667805,0.00514346192701456,0.00490477428369674
"Q.05",0.23304772569073,0.23177454302049,0.232542059331614,0.23245517458639
"Q.95",0.24902918264041,0.245929551928854,0.249462294866678,0.248590228513077
"theta0",4945.86768768936,4945.86768768936,4945.86768768936,4945.86768768936
"theta1",1564.63320925659,1564.63320925659,1564.63320925659,1564.63320925659
