"","AA","AB","BA","BB"
"EV",0.276770887552641,0.278167189496151,0.272877882153172,0.271238063438964
"STD",0.00607607806029707,0.00548630328795472,0.0063621904477613,0.00593596743744765
"Q.05",0.26682353846665,0.269180901452863,0.26246581673959,0.261520736281519
"Q.95",0.286811889660663,0.287229115746883,0.283395345007825,0.281048147617641
"theta0",3004.53566188181,3004.53566188181,3004.53566188181,3004.53566188181
"theta1",1138.34078571442,1138.34078571442,1138.34078571442,1138.34078571442
