"","AA","AB","BA","BB"
"EV",0.239447627450031,0.242363604331113,0.237754643836258,0.240382622185861
"STD",0.00458470459404457,0.00532654822037528,0.00525286588254532,0.00566741330497511
"Q.05",0.231940750010661,0.23364761923961,0.229159999084814,0.231112663523558
"Q.95",0.247022904364671,0.251170135645194,0.24644010713952,0.249756457669784
"theta0",4057.64250479756,4057.64250479756,4057.64250479756,4057.64250479756
"theta1",1281.32765031122,1281.32765031122,1281.32765031122,1281.32765031122
