"","AA","AB","BA","BB"
"EV",0.237961474846198,0.241514622975723,0.238060074685252,0.239348436040525
"STD",0.00483758732470192,0.00466166001456622,0.00530234899234037,0.00524354652952485
"Q.05",0.23004292031821,0.233881837716314,0.229384805651451,0.23076847302275
"Q.95",0.245956946395653,0.249217151670735,0.246827692403553,0.248017933777428
"theta0",4416.00641706398,4416.00641706398,4416.00641706398,4416.00641706398
"theta1",1388.64179517355,1388.64179517355,1388.64179517355,1388.64179517355
