"","AA","AB","BA","BB"
"EV",0.413635663527184,0.415788058551667,0.421457207783642,0.420574099982208
"STD",0.00649845220212363,0.0058485823179641,0.00780329806981285,0.00761235229212647
"Q.05",0.402963653666087,0.40618140239709,0.4086440383546,0.408074195333245
"Q.95",0.424341878125787,0.425421687615022,0.434314998462992,0.433116970092919
"theta0",2186.11222187016,2186.11222187016,2186.11222187016,2186.11222187016
"theta1",1569.24285061687,1569.24285061687,1569.24285061687,1569.24285061687
