"","AA","AB","BA","BB"
"EV",0.269513145529392,0.27460791757056,0.287481027297733,0.282606868691229
"STD",0.00734084224041211,0.00684744877032834,0.00922031623573116,0.00910154214109167
"Q.05",0.257510479032732,0.263405338338899,0.272415508442627,0.26773745365068
"Q.95",0.281659335605638,0.285931184694803,0.302747249340089,0.297678400221184
"theta0",1213.05078266486,1213.05078266486,1213.05078266486,1213.05078266486
"theta1",468.377411403637,468.377411403637,468.377411403637,468.377411403637
