"","AA","AB","BA","BB"
"EV",0.418077837979998,0.412386362200297,0.417297264731639,0.416737511776824
"STD",0.00634323793076069,0.00585016118819499,0.00623173596838849,0.00569347924734064
"Q.05",0.40765944517648,0.402777696610244,0.407061894641383,0.407385125034033
"Q.95",0.428527049396503,0.42202317314934,0.427562678513776,0.426115154754113
"theta0",3043.97788493159,3043.97788493159,3043.97788493159,3043.97788493159
"theta1",2169.46618738176,2169.46618738176,2169.46618738176,2169.46618738176
