"","AA","AB","BA","BB"
"EV",0.272320777601839,0.273695831629193,0.279091876775894,0.272575371968757
"STD",0.00585460739889641,0.0064338199279228,0.00541593930185293,0.0061191653692539
"Q.05",0.262735680841365,0.263166846596804,0.270220130875311,0.262559184753222
"Q.95",0.281995454386152,0.28433201286576,0.288036876089845,0.282689253765115
"theta0",3030.20123018157,3030.20123018157,3030.20123018157,3030.20123018157
"theta1",1146.09467591767,1146.09467591767,1146.09467591767,1146.09467591767
