"","AA","AB","BA","BB"
"EV",0.422575870535015,0.409439058344152,0.416550742807738,0.422987440516643
"STD",0.00864620343863057,0.0069778897980024,0.00775517590945448,0.00816836536786171
"Q.05",0.408380846160614,0.397982059993821,0.403817914060024,0.409575395947417
"Q.95",0.436824862542004,0.420937539749602,0.429330550274303,0.436447381488509
"theta0",1440.12874224163,1440.12874224163,1440.12874224163,1440.12874224163
"theta1",1033.86053392073,1033.86053392073,1033.86053392073,1033.86053392073
