"","AA","AB","BA","BB"
"EV",0.411989153926185,0.417705081525508,0.418293076904641,0.413967951947872
"STD",0.00604837720380342,0.00702749318778831,0.0056958686466067,0.00692825188269908
"Q.05",0.402055486403795,0.406164747482427,0.408936520684055,0.402591219518681
"Q.95",0.421953051918226,0.429283425574605,0.427674412151992,0.425383405934734
"theta0",2640.25753654786,2640.25753654786,2640.25753654786,2640.25753654786
"theta1",1876.8066199101,1876.8066199101,1876.8066199101,1876.8066199101
