"","AA","AB","BA","BB"
"EV",0.2720709870297,0.27725767316882,0.277120197970205,0.276960648230265
"STD",0.00547477060379919,0.00501312006313373,0.00641325996541203,0.00628129411249317
"Q.05",0.263105092096657,0.269043639626207,0.266623468412348,0.266678910724334
"Q.95",0.281115343936357,0.285535244836707,0.28772102212979,0.28734234624657
"theta0",3348.08779145326,3348.08779145326,3348.08779145326,3348.08779145326
"theta1",1275.4462328328,1275.4462328328,1275.4462328328,1275.4462328328
