"","AA","AB","BA","BB"
"EV",0.24033325228341,0.239999278736278,0.238874756550307,0.239844151436883
"STD",0.00466650465408948,0.00455814719651255,0.0045304804778585,0.00455999655790034
"Q.05",0.232692850844707,0.232535561920606,0.231456391835888,0.232377455466541
"Q.95",0.248044097060872,0.247530355392888,0.246360168991798,0.247378332008019
"theta0",5465.32013626693,5465.32013626693,5465.32013626693,5465.32013626693
"theta1",1723.72434397241,1723.72434397241,1723.72434397241,1723.72434397241
