"","AA","AB","BA","BB"
"EV",0.415887517256826,0.410365740746437,0.417809957425508,0.413961462666411
"STD",0.00599636512216938,0.00676948645600977,0.00599498794299938,0.00684277010767214
"Q.05",0.406038446306265,0.399250112384656,0.407962802817766,0.402724866672127
"Q.95",0.425764906322653,0.421519984397605,0.427684733850329,0.425235833350449
"theta0",2627.73972932382,2627.73972932382,2627.73972932382,2627.73972932382
"theta1",1860.36283378765,1860.36283378765,1860.36283378765,1860.36283378765
