"","AA","AB","BA","BB"
"EV",0.273335304454065,0.28139773998188,0.280007996253061,0.279032132452764
"STD",0.00506628822050468,0.00669054230018739,0.00701791441133129,0.00742871524758683
"Q.05",0.265035366688657,0.270447913403994,0.268525800044381,0.266882075280403
"Q.95",0.281701864377996,0.292457647666386,0.291612452449362,0.291320089915833
"theta0",2518.4802580946,2518.4802580946,2518.4802580946,2518.4802580946
"theta1",971.898883285725,971.898883285725,971.898883285725,971.898883285725
