"","AA","AB","BA","BB"
"EV",0.238797461221716,0.240431603502443,0.240261237153244,0.240764963411393
"STD",0.00442646327519828,0.00499003163242808,0.00449003082534982,0.00499443725535374
"Q.05",0.231548678382022,0.232264095848321,0.232908500901574,0.23259018988349
"Q.95",0.246110281066861,0.248679609690646,0.24767922016995,0.249020197930543
"theta0",5122.05533596408,5122.05533596408,5122.05533596408,5122.05533596408
"theta1",1618.1293537204,1618.1293537204,1618.1293537204,1618.1293537204
