"","AA","AB","BA","BB"
"EV",0.41159125453813,0.418712471312361,0.415906211743514,0.414535894520043
"STD",0.00630613898384663,0.00587401890324075,0.00653807191350649,0.00617249955126792
"Q.05",0.40123499033763,0.409063592513857,0.40516875717817,0.404398200682307
"Q.95",0.421980539562901,0.428387561116679,0.426677325529443,0.424704105900326
"theta0",2801.82818155288,2801.82818155288,2801.82818155288,2801.82818155288
"theta1",1989.18427651409,1989.18427651409,1989.18427651409,1989.18427651409
