"","AA","AB","BA","BB"
"EV",0.255458567837746,0.274182023072617,0.287295846200589,0.26624564503924
"STD",0.00870593485460718,0.0138834969836798,0.00696365215697085,0.0118875378515877
"Q.05",0.241249882992048,0.251595839078008,0.275899041932681,0.246885699685
"Q.95",0.269888985634306,0.297266306072742,0.298807245686749,0.285990515916942
"theta0",567.644828033964,567.644828033964,567.644828033964,567.644828033964
"theta1",210.805000755361,210.805000755361,210.805000755361,210.805000755361
