"","AA","AB","BA","BB"
"EV",0.27586258805149,0.275504716069162,0.275088525611706,0.274489591477601
"STD",0.00472004922028314,0.00446245237192219,0.0051773578795759,0.00524701003288938
"Q.05",0.268127265582136,0.26819013926599,0.266606965904515,0.265894540960703
"Q.95",0.283654765316751,0.282870232492247,0.283638848944592,0.28315555265529
"theta0",5006.22083791238,5006.22083791238,5006.22083791238,5006.22083791238
"theta1",1901.23341260494,1901.23341260494,1901.23341260494,1901.23341260494
