"","AA","AB","BA","BB"
"EV",0.236901543437384,0.241229021613324,0.243240237860804,0.243341935988244
"STD",0.00526241109241483,0.00519430925221179,0.00633549527498986,0.00658753199018067
"Q.05",0.228291628348163,0.23272865107886,0.232883177035419,0.23257546100393
"Q.95",0.245603130769285,0.249816153430026,0.253724659169189,0.254246016225283
"theta0",3055.72959171441,3055.72959171441,3055.72959171441,3055.72959171441
"theta1",971.252017120386,971.252017120386,971.252017120386,971.252017120386
