"","AA","AB","BA","BB"
"EV",0.275152449112701,0.275272309747721,0.277950140512064,0.276574061084803
"STD",0.0043959245988937,0.0055345190419444,0.00553496612393624,0.00580378666819109
"Q.05",0.267946604160976,0.266208143936782,0.26888454142335,0.26707053373989
"Q.95",0.282407842802506,0.284414959273811,0.287092838194873,0.286163146530782
"theta0",4214.38902505515,4214.38902505515,4214.38902505515,4214.38902505515
"theta1",1608.55896386786,1608.55896386786,1608.55896386786,1608.55896386786
