"","AA","AB","BA","BB"
"EV",0.238784491524034,0.239222163209315,0.240760791648362,0.237458788142742
"STD",0.00471341716430646,0.00535075149613696,0.00449037105127109,0.00528626976228384
"Q.05",0.23106801854865,0.230467761767256,0.23340739091713,0.228809873362333
"Q.95",0.246573581104135,0.248069877662447,0.248179231139492,0.246199863205146
"theta0",4575.25327613468,4575.25327613468,4575.25327613468,4575.25327613468
"theta1",1437.41725250746,1437.41725250746,1437.41725250746,1437.41725250746
