"","AA","AB","BA","BB"
"EV",0.24043391184827,0.238071527180892,0.238387516402656,0.239093541792265
"STD",0.00422556542518372,0.00492118057287904,0.0051959138983331,0.00534919665939175
"Q.05",0.233512404438602,0.230016791040502,0.229885375289824,0.230341711181638
"Q.95",0.247413138398641,0.246205803348527,0.246978140652753,0.247938711595925
"theta0",4712.09864801975,4712.09864801975,4712.09864801975,4712.09864801975
"theta1",1479.92276485302,1479.92276485302,1479.92276485302,1479.92276485302
