"","AA","AB","BA","BB"
"EV",0.241701693770243,0.240118991431668,0.233539942012096,0.237131819932641
"STD",0.00560548720927253,0.00547454733667541,0.00651512580655274,0.00651114869832602
"Q.05",0.232532008826584,0.231162863235798,0.222895678044096,0.226492276668087
"Q.95",0.250972104077564,0.249172216346482,0.244327946210593,0.247911503735484
"theta0",2737.40663452607,2737.40663452607,2737.40663452607,2737.40663452607
"theta1",855.607756372651,855.607756372651,855.607756372651,855.607756372651
