"","AA","AB","BA","BB"
"EV",0.240588095485025,0.23962057820999,0.240607687326152,0.238815111093056
"STD",0.00481479229151943,0.00430740226886575,0.00502632323971574,0.00475489091957804
"Q.05",0.232706001832947,0.232565759201449,0.232381026963656,0.231031056765354
"Q.95",0.248545053560559,0.246735701637034,0.248915925389611,0.246673050634422
"theta0",5119.37382534426,5119.37382534426,5119.37382534426,5119.37382534426
"theta1",1615.90009420456,1615.90009420456,1615.90009420456,1615.90009420456
