"","AA","AB","BA","BB"
"EV",0.41355217090735,0.403822073904923,0.427885700390566,0.407050993765554
"STD",0.00891395092976558,0.010025547931144,0.00836408025849366,0.00968108232940202
"Q.05",0.398921964002507,0.387376820817508,0.414151206339379,0.391167745375973
"Q.95",0.428246817676655,0.420358697280496,0.441667080024056,0.423016369236606
"theta0",805.395259894831,805.395259894831,805.395259894831,805.395259894831
"theta1",566.848467383311,566.848467383311,566.848467383311,566.848467383311
