"","AA","AB","BA","BB"
"EV",0.27447397293704,0.275324965796632,0.276371814833382,0.275099126194642
"STD",0.00482411873481499,0.00542918078221959,0.00453739967277736,0.00497259976371172
"Q.05",0.26656902120981,0.26643256898655,0.268934671662402,0.266951688913452
"Q.95",0.282438869996393,0.284292859896243,0.283861317969726,0.283309990133547
"theta0",4904.55289085228,4904.55289085228,4904.55289085228,4904.55289085228
"theta1",1863.38123046574,1863.38123046574,1863.38123046574,1863.38123046574
