"","AA","AB","BA","BB"
"EV",0.243997195926619,0.238321192039749,0.237489991340934,0.24182070058464
"STD",0.00592767799656727,0.00632340590931669,0.00498891836571846,0.00585362863871348
"Q.05",0.234302673952364,0.227985920147601,0.229325105071097,0.232247395939823
"Q.95",0.253802642601978,0.248787586424341,0.245736942303051,0.251503760782466
"theta0",3111.07348065275,3111.07348065275,3111.07348065275,3111.07348065275
"theta1",984.681496541208,984.681496541208,984.681496541208,984.681496541208
