"","AA","AB","BA","BB"
"EV",0.415257664449151,0.415720580573756,0.417619068093335,0.416566400980688
"STD",0.00473654352330685,0.00579927520969475,0.00575151875487225,0.0060516707735029
"Q.05",0.407475604631503,0.406194814204815,0.408171326941232,0.406626496950223
"Q.95",0.423057531824834,0.425272889368973,0.427092294939235,0.426534901835279
"theta0",3794.24873051634,3794.24873051634,3794.24873051634,3794.24873051634
"theta1",2706.03716495401,2706.03716495401,2706.03716495401,2706.03716495401
