"","AA","AB","BA","BB"
"EV",0.274584330898221,0.273164454494891,0.278950864402936,0.275304852341458
"STD",0.00509273585692266,0.00575104197938343,0.00557563896146665,0.00596672637139681
"Q.05",0.266240957850852,0.26374788690847,0.269818670403651,0.2655361454775
"Q.95",0.282994462853057,0.282666973438085,0.288160770193231,0.285164763095087
"theta0",3572.45614859547,3572.45614859547,3572.45614859547,3572.45614859547
"theta1",1358.52899862764,1358.52899862764,1358.52899862764,1358.52899862764
