"","AA","AB","BA","BB"
"EV",0.23950630596068,0.237915766298257,0.240536450917858,0.241289357104659
"STD",0.00457430253165539,0.00502276541922128,0.0048632450179252,0.00518372308528517
"Q.05",0.232016369244049,0.22969564813761,0.232575433395324,0.232806204206336
"Q.95",0.247064305312141,0.246218829443232,0.248573873912566,0.249858883042293
"theta0",4636.24604601628,4636.24604601628,4636.24604601628,4636.24604601628
"theta1",1462.63420690012,1462.63420690012,1462.63420690012,1462.63420690012
