"","AA","AB","BA","BB"
"EV",0.277504034637159,0.276937384471791,0.273769602530413,0.276179981157522
"STD",0.00502513965855046,0.00567265709610933,0.0047709387906625,0.00558762319356633
"Q.05",0.269270330385726,0.267647529228927,0.265951604829116,0.267028980967722
"Q.95",0.28580147660992,0.286308775380844,0.281646508239196,0.285410493347998
"theta0",4210.73634409558,4210.73634409558,4210.73634409558,4210.73634409558
"theta1",1606.0434125707,1606.0434125707,1606.0434125707,1606.0434125707
