"","AA","AB","BA","BB"
"EV",0.276846184764941,0.273564841083024,0.277989979595445,0.279019305312438
"STD",0.00546266983523075,0.00497628687574636,0.00611247684924658,0.00593709653198735
"Q.05",0.267898780883371,0.265411716614173,0.267982934672547,0.269297761117101
"Q.95",0.285869244535423,0.281782142549782,0.288091030699114,0.288828925876231
"theta0",3575.93286062489,3575.93286062489,3575.93286062489,3575.93286062489
"theta1",1369.09074158497,1369.09074158497,1369.09074158497,1369.09074158497
