"","AA","AB","BA","BB"
"EV",0.415149027488813,0.418846989602383,0.413486282670048,0.415311780848502
"STD",0.00619268768284943,0.00591966447313963,0.0058951618414424,0.00550449259564322
"Q.05",0.404978109156495,0.40912320981663,0.40380362210447,0.406269646541083
"Q.95",0.425350429871734,0.428597342987499,0.423197142262529,0.424377950128572
"theta0",3248.2650031938,3248.2650031938,3248.2650031938,3248.2650031938
"theta1",2311.00574474958,2311.00574474958,2311.00574474958,2311.00574474958
