"","AA","AB","BA","BB"
"EV",0.427292218595429,0.414059986957529,0.422596036731205,0.409353303534398
"STD",0.00960956431976086,0.00833406910816184,0.00876793105161659,0.00750903568945254
"Q.05",0.411516729515168,0.40037941868524,0.408201534647997,0.39702591869495
"Q.95",0.443130136248613,0.427796529107965,0.437046022310492,0.421728777957314
"theta0",1101.11967994859,1101.11967994859,1101.11967994859,1101.11967994859
"theta1",791.909596775818,791.909596775818,791.909596775818,791.909596775818
