"","AA","AB","BA","BB"
"EV",0.237746322713733,0.242114771376957,0.247299963587058,0.228712204216292
"STD",0.00771402972454934,0.00849211476531127,0.00689937768012373,0.00745450851679346
"Q.05",0.22515628180599,0.228262338693808,0.236025263417987,0.216548328912819
"Q.95",0.250532284317749,0.256197817422986,0.258721672608507,0.241070509114581
"theta0",1263.63918180806,1263.63918180806,1263.63918180806,1263.63918180806
"theta1",396.805536477681,396.805536477681,396.805536477681,396.805536477681
