"","AA","AB","BA","BB"
"EV",0.414066172802999,0.416761470917073,0.414216553868119,0.415351379672402
"STD",0.00559084581427932,0.00505596062127702,0.00577089536677831,0.00538445500895945
"Q.05",0.404882570784267,0.408455058265544,0.40473758895356,0.4065061697002
"Q.95",0.423274956704383,0.425087793491697,0.423722299258288,0.424219576197936
"theta0",3933.32409483461,3933.32409483461,3933.32409483461,3933.32409483461
"theta1",2791.49100708256,2791.49100708256,2791.49100708256,2791.49100708256
