"","AA","AB","BA","BB"
"EV",0.240549893570047,0.238338425715683,0.240125339201917,0.239900380701081
"STD",0.00496734142403297,0.00477828273207576,0.00471006100570789,0.00442116939080609
"Q.05",0.232419309297893,0.230516381687941,0.232414007704581,0.232659991627902
"Q.95",0.248760182674491,0.246235322658846,0.247908535407708,0.247204183323742
"theta0",5108.07944419696,5108.07944419696,5108.07944419696,5108.07944419696
"theta1",1610.74978263061,1610.74978263061,1610.74978263061,1610.74978263061
