"","AA","AB","BA","BB"
"EV",0.416285144522992,0.421950833071382,0.415496683506569,0.40950304927603
"STD",0.00708357608212824,0.00752823036126145,0.00697026410874185,0.00737427020090745
"Q.05",0.404653216803054,0.409588446667842,0.404050710323852,0.397396445998867
"Q.95",0.427956396007885,0.434354475164565,0.426981111658698,0.421655949087182
"theta0",1834.16549646426,1834.16549646426,1834.16549646426,1834.16549646426
"theta1",1305.52299226665,1305.52299226665,1305.52299226665,1305.52299226665
