"","AA","AB","BA","BB"
"EV",0.412663903840562,0.418108256062235,0.412099470240792,0.411373283484389
"STD",0.00652897126151549,0.00552337878117043,0.00715850205712662,0.00677474172472835
"Q.05",0.401942061079065,0.409034715768843,0.400345783640169,0.400248808455207
"Q.95",0.423420686269259,0.427205152648474,0.423895450209086,0.42253597069467
"theta0",2584.90424491443,2584.90424491443,2584.90424491443,2584.90424491443
"theta1",1822.9230060367,1822.9230060367,1822.9230060367,1822.9230060367
