"","AA","AB","BA","BB"
"EV",0.240798484595859,0.23835331908914,0.240359618586207,0.239905848901391
"STD",0.00509429744270369,0.00479210418764628,0.00489140352264807,0.00437719218031801
"Q.05",0.232461078371723,0.23050875478393,0.232352776239776,0.232737164639843
"Q.95",0.249219583388068,0.246273162531075,0.248443845489815,0.247136688973124
"theta0",4953.33791052599,4953.33791052599,4953.33791052599,4953.33791052599
"theta1",1563.03305492773,1563.03305492773,1563.03305492773,1563.03305492773
