"","AA","AB","BA","BB"
"EV",0.408797454674468,0.410655067433076,0.421319604214593,0.414804558583095
"STD",0.00825661509276431,0.00803013186549188,0.00706961138730421,0.0068766710846951
"Q.05",0.395245576237925,0.397473550686743,0.409709326792661,0.403512187477516
"Q.95",0.422407860056082,0.423890740289868,0.432966571436146,0.426134683403843
"theta0",1652.33841728849,1652.33841728849,1652.33841728849,1652.33841728849
"theta1",1166.85880218515,1166.85880218515,1166.85880218515,1166.85880218515
