"","AA","AB","BA","BB"
"EV",0.239809900802799,0.23961298596862,0.239818894710263,0.239208444174091
"STD",0.00448444221382308,0.00463414596942781,0.00432720817087362,0.00480324760125108
"Q.05",0.232466374819587,0.232025490388055,0.23273173618549,0.231345508608704
"Q.95",0.247218708233481,0.24727028709727,0.246966832788731,0.247146577196577
"theta0",5539.43677632488,5539.43677632488,5539.43677632488,5539.43677632488
"theta1",1745.66019573714,1745.66019573714,1745.66019573714,1745.66019573714
