"","AA","AB","BA","BB"
"EV",0.276218993229712,0.274609269859129,0.276198020502792,0.278840004207566
"STD",0.0052627710908545,0.00468066949742614,0.00586019594806388,0.00571989869874622
"Q.05",0.267597817823775,0.266938485205733,0.266602657194069,0.269472596727235
"Q.95",0.284910683779294,0.282336436095567,0.285880833900808,0.288289258765179
"theta0",4023.70654654265,4023.70654654265,4023.70654654265,4023.70654654265
"theta1",1537.54079440691,1537.54079440691,1537.54079440691,1537.54079440691
