"","AA","AB","BA","BB"
"EV",0.415288331545158,0.413526874626536,0.417014148853286,0.41676793171171
"STD",0.00535607872453012,0.00563252912734883,0.00545885017968452,0.00572377626187171
"Q.05",0.406489685543993,0.404274981901023,0.408046641051894,0.407365839456447
"Q.95",0.424109740356193,0.422804496466626,0.426004792255638,0.426195539909454
"theta0",3747.66477490725,3747.66477490725,3747.66477490725,3747.66477490725
"theta1",2665.76265759907,2665.76265759907,2665.76265759907,2665.76265759907
