"","AA","AB","BA","BB"
"EV",0.240413736036456,0.237764429207852,0.238573254472722,0.240110414355921
"STD",0.00426550009196885,0.00504951424177284,0.00527078127621982,0.00547411482082769
"Q.05",0.23342709608745,0.229500801082639,0.22994920062952,0.231154992692181
"Q.95",0.247459199362441,0.246111973439287,0.247288246972891,0.249162922969956
"theta0",4515.07686667612,4515.07686667612,4515.07686667612,4515.07686667612
"theta1",1419.75083102167,1419.75083102167,1419.75083102167,1419.75083102167
