"","AA","AB","BA","BB"
"EV",0.413894776151416,0.41290345521846,0.417400925840432,0.412098612721717
"STD",0.00613257167432597,0.00663632677916008,0.00525848730151441,0.00630974244542135
"Q.05",0.403822683005901,0.402005549444033,0.408762105964829,0.401736338862791
"Q.95",0.423997232949179,0.423837354231515,0.426061108159459,0.422493743308453
"theta0",3046.9715362314,3046.9715362314,3046.9715362314,3046.9715362314
"theta1",2153.33378033055,2153.33378033055,2153.33378033055,2153.33378033055
