"","AA","AB","BA","BB"
"EV",0.275696359455069,0.275265736776407,0.277352660497135,0.274568525466472
"STD",0.00479434109154773,0.00467637148485836,0.00540744486198165,0.00537337131667443
"Q.05",0.2678397746612,0.267601845526385,0.268495203917603,0.265767342239029
"Q.95",0.283611668606557,0.282985659054079,0.28628399908365,0.283444037323073
"theta0",4622.64944408082,4622.64944408082,4622.64944408082,4622.64944408082
"theta1",1759.83104819904,1759.83104819904,1759.83104819904,1759.83104819904
