"","AA","AB","BA","BB"
"EV",0.271765579623022,0.272450310989654,0.280253371219296,0.288993382526504
"STD",0.00757507382565123,0.00669372589097367,0.00948524217754446,0.00891389193303958
"Q.05",0.259381154706932,0.261498742117266,0.264763339286271,0.274424335657967
"Q.95",0.284300553417084,0.283518886176807,0.29596644093136,0.303748090778765
"theta0",1202.94487176165,1202.94487176165,1202.94487176165,1202.94487176165
"theta1",464.044953357893,464.044953357893,464.044953357893,464.044953357893
