"","AA","AB","BA","BB"
"EV",0.416793903959732,0.411436660918804,0.417110577865732,0.429062822600481
"STD",0.00691314768175636,0.00779221109999853,0.0100709014627403,0.0104153844625588
"Q.05",0.405441260467429,0.398644686754894,0.400584346009912,0.411966299275088
"Q.95",0.428183760557645,0.424279153262546,0.433715492176226,0.446230830479755
"theta0",1118.70810003275,1118.70810003275,1118.70810003275,1118.70810003275
"theta1",805.472113563611,805.472113563611,805.472113563611,805.472113563611
