"","AA","AB","BA","BB"
"EV",0.415454286493749,0.415589590830866,0.417173364112681,0.41358139645794
"STD",0.00532132911725341,0.00560920739850824,0.00537102551586163,0.00563488631509292
"Q.05",0.406712629120201,0.406375630322976,0.408349926126943,0.404325628547439
"Q.95",0.424218365606959,0.424828422967019,0.426019153721424,0.422862897790557
"theta0",3847.67239704736,3847.67239704736,3847.67239704736,3847.67239704736
"theta1",2734.65760918962,2734.65760918962,2734.65760918962,2734.65760918962
