"","AA","AB","BA","BB"
"EV",0.417417008218026,0.415396692945225,0.414665991637016,0.41611026234621
"STD",0.00535908746909008,0.00591481204197864,0.0049399181817832,0.00582713311546475
"Q.05",0.408613122714557,0.405681471096057,0.406550257479413,0.40653873478902
"Q.95",0.426243076940762,0.42513963793481,0.422801238971148,0.425708456898013
"theta0",3866.3371969244,3866.3371969244,3866.3371969244,3866.3371969244
"theta1",2752.98823052694,2752.98823052694,2752.98823052694,2752.98823052694
