"","AA","AB","BA","BB"
"EV",0.238663232610681,0.231278829130459,0.24451135237175,0.244950804449922
"STD",0.0080224160857556,0.00665005000299838,0.00796020614574799,0.0063719174312916
"Q.05",0.225573331411315,0.220416825964733,0.231518103059957,0.234533832648197
"Q.95",0.251963741629702,0.242292888937127,0.257703996032225,0.255495141581869
"theta0",1573.6956563721,1573.6956563721,1573.6956563721,1573.6956563721
"theta1",496.571372370175,496.571372370175,496.571372370175,496.571372370175
