"","AA","AB","BA","BB"
"EV",0.416443914220683,0.413478940657419,0.416335088072174,0.416015640988852
"STD",0.00518490243953873,0.00549527703386396,0.00548271928448476,0.00571215898872777
"Q.05",0.407925963681361,0.40445220040346,0.407328520809901,0.406632727929126
"Q.95",0.424982887792602,0.422530185558979,0.425365195673586,0.425424209467202
"theta0",3881.63608718225,3881.63608718225,3881.63608718225,3881.63608718225
"theta1",2760.14564386281,2760.14564386281,2760.14564386281,2760.14564386281
