"","AA","AB","BA","BB"
"EV",0.417928173600614,0.413791578284586,0.416520875996274,0.415437721022145
"STD",0.0055744864367009,0.00537620554783478,0.00582958956555257,0.00566683891232904
"Q.05",0.408770811591748,0.404960127018226,0.406945249845779,0.406129244038032
"Q.95",0.427109381428032,0.422646393626833,0.426123053485877,0.424771631809639
"theta0",3636.06173106296,3636.06173106296,3636.06173106296,3636.06173106296
"theta1",2589.25703687349,2589.25703687349,2589.25703687349,2589.25703687349
