"","AA","AB","BA","BB"
"EV",0.23955228812547,0.239280080834771,0.238042350813668,0.242876469238785
"STD",0.00507041097585338,0.00530711309430918,0.00494957421190372,0.00524997845343944
"Q.05",0.231254128925446,0.230596678585968,0.229941381584286,0.234284979999182
"Q.95",0.247934051540952,0.248055244299071,0.246223796485448,0.251555618464827
"theta0",4102.55130051716,4102.55130051716,4102.55130051716,4102.55130051716
"theta1",1295.15842559492,1295.15842559492,1295.15842559492,1295.15842559492
