"","AA","AB","BA","BB"
"EV",0.238220859736864,0.240216702592902,0.23944844576798,0.240881925649617
"STD",0.00474353026330953,0.00477699950796775,0.00469974670818306,0.00471507125790243
"Q.05",0.230455462967757,0.232396277229559,0.231754085863639,0.233162246352686
"Q.95",0.246060082548192,0.248111004996387,0.247214681075726,0.248673258764515
"theta0",5037.00312564145,5037.00312564145,5037.00312564145,5037.00312564145
"theta1",1588.01805971093,1588.01805971093,1588.01805971093,1588.01805971093
