"","AA","AB","BA","BB"
"EV",0.27501327493469,0.274780530851092,0.277724043157193,0.273789376303203
"STD",0.00458161764725866,0.00569357952669244,0.00542321072075814,0.00589562799898999
"Q.05",0.267504159348507,0.265457166455124,0.268840777094852,0.264136990470372
"Q.95",0.282576264655009,0.284187230305641,0.286681437685918,0.283531713589016
"theta0",4013.41870672499,4013.41870672499,4013.41870672499,4013.41870672499
"theta1",1524.88444197021,1524.88444197021,1524.88444197021,1524.88444197021
