"","AA","AB","BA","BB"
"EV",0.239025835577001,0.237587907788845,0.241454753045659,0.240321335088745
"STD",0.00471146096053107,0.00514530313409403,0.00488182981410334,0.00523720762641056
"Q.05",0.231312490874818,0.229168387672294,0.233463222133181,0.231751397135554
"Q.95",0.246811619340373,0.246094661894263,0.249522802851003,0.248980011197507
"theta0",4437.77050693877,4437.77050693877,4437.77050693877,4437.77050693877
"theta1",1398.37296418843,1398.37296418843,1398.37296418843,1398.37296418843
