"","AA","AB","BA","BB"
"EV",0.236809876630862,0.239368756531149,0.239602793901824,0.242210494661613
"STD",0.00532067424575253,0.00497504717613819,0.00544239482219127,0.00515979205353806
"Q.05",0.228105181975152,0.231225942050473,0.23069914829983,0.233766039866391
"Q.95",0.245608342823271,0.247592158375316,0.248602731147894,0.250740000902946
"theta0",3945.51361537698,3945.51361537698,3945.51361537698,3945.51361537698
"theta1",1242.57949105822,1242.57949105822,1242.57949105822,1242.57949105822
