"","AA","AB","BA","BB"
"EV",0.415385154170133,0.415413708148584,0.412927137945824,0.416807579433116
"STD",0.00601559570200786,0.00567945474533524,0.005748232146642,0.00509726410072873
"Q.05",0.405504632209613,0.406084540021855,0.403485559231885,0.408433384712591
"Q.95",0.425294356439754,0.424768431154194,0.422395711345984,0.425201998909571
"theta0",3640.55143787713,3640.55143787713,3640.55143787713,3640.55143787713
"theta1",2584.08220529357,2584.08220529357,2584.08220529357,2584.08220529357
