"","AA","AB","BA","BB"
"EV",0.414288898265305,0.417336169107079,0.421816031964611,0.413768865744088
"STD",0.005498750411856,0.00757458075117435,0.00738797951197492,0.0080552494688704
"Q.05",0.405256338071448,0.404899100692509,0.4096836218272,0.400545189641997
"Q.95",0.423345750436133,0.429817607311587,0.433988246462183,0.427045019582579
"theta0",2104.89410647385,2104.89410647385,2104.89410647385,2104.89410647385
"theta1",1504.35896394639,1504.35896394639,1504.35896394639,1504.35896394639
