"","AA","AB","BA","BB"
"EV",0.242203119707361,0.239858554987439,0.236789892874141,0.235989753554489
"STD",0.00510711358056587,0.00575297229937754,0.00554582752820531,0.00599126881039274
"Q.05",0.233844447585298,0.23044964259904,0.22771893385053,0.226194992065372
"Q.95",0.250645119240518,0.249374881428431,0.245962743228935,0.245904077140666
"theta0",3313.78470755001,3313.78470755001,3313.78470755001,3313.78470755001
"theta1",1039.11745331799,1039.11745331799,1039.11745331799,1039.11745331799
