"","AA","AB","BA","BB"
"EV",0.273439567454777,0.276751298102457,0.272434016341426,0.273772222620394
"STD",0.0054145338687126,0.00467645496430988,0.00597420484858317,0.00579298116070582
"Q.05",0.264571539576761,0.269086990994451,0.262654018126968,0.264287123677606
"Q.95",0.282383640174779,0.284471082748055,0.282307222170507,0.283344177251569
"theta0",3878.87267217159,3878.87267217159,3878.87267217159,3878.87267217159
"theta1",1464.71329653608,1464.71329653608,1464.71329653608,1464.71329653608
