"","AA","AB","BA","BB"
"EV",0.416275515851319,0.414675036781118,0.412891195873704,0.414651336951804
"STD",0.00480115373574694,0.00599326157904097,0.00601533385459327,0.00628711138554516
"Q.05",0.408387308028348,0.404831272754762,0.403011553216562,0.404325667403987
"Q.95",0.424181787912421,0.424547521686896,0.422800413768231,0.425008622820577
"theta0",3527.67905929568,3527.67905929568,3527.67905929568,3527.67905929568
"theta1",2498.70296402977,2498.70296402977,2498.70296402977,2498.70296402977
