"","AA","AB","BA","BB"
"EV",0.274985164860282,0.27339249465714,0.277117157375087,0.274804404120359
"STD",0.00496356839440519,0.00534042167432855,0.00488715855341608,0.00528562509301162
"Q.05",0.266852491794478,0.264645345616031,0.26910876066473,0.266146286283256
"Q.95",0.283181082642517,0.282213643915176,0.285185995784148,0.283534328778684
"theta0",4448.2606891049,4448.2606891049,4448.2606891049,4448.2606891049
"theta1",1687.96779999823,1687.96779999823,1687.96779999823,1687.96779999823
