"","AA","AB","BA","BB"
"EV",0.237317376139227,0.241489419266455,0.239354195823655,0.2399653465125
"STD",0.00486562126361875,0.00469540168993901,0.00535021953480672,0.00527746498630803
"Q.05",0.229353328885766,0.233801648634295,0.230600618409391,0.231329987626898
"Q.95",0.24535957157594,0.249247958723404,0.24820098518979,0.24869102840281
"theta0",4340.20508178991,4340.20508178991,4340.20508178991,4340.20508178991
"theta1",1367.1346466765,1367.1346466765,1367.1346466765,1367.1346466765
