"","AA","AB","BA","BB"
"EV",0.228855435664163,0.262262417153999,0.230770033130575,0.228860105552992
"STD",0.00679791241668951,0.00881499742256071,0.0126748594595431,0.0141058059620924
"Q.05",0.217754990747759,0.247872046771042,0.210201447293397,0.206009560197581
"Q.95",0.240117398763617,0.276870039341834,0.251893431447842,0.252406952602862
"theta0",432.204487318728,432.204487318728,432.204487318728,432.204487318728
"theta1",134.762497710182,134.762497710182,134.762497710182,134.762497710182
