"","AA","AB","BA","BB"
"EV",0.419270836463094,0.412686399965142,0.415186920122108,0.411968691244033
"STD",0.00630177516996887,0.00701156080707851,0.00583922312699525,0.00678694354903169
"Q.05",0.40892021102129,0.401173415013533,0.405595717589675,0.400824076748897
"Q.95",0.429651411998537,0.424239671245515,0.424805212548219,0.423151381545845
"theta0",2546.96131323347,2546.96131323347,2546.96131323347,2546.96131323347
"theta1",1805.19631747975,1805.19631747975,1805.19631747975,1805.19631747975
