"","AA","AB","BA","BB"
"EV",0.415847721000662,0.413656070021287,0.414246553118433,0.418604494382406
"STD",0.0059182983078116,0.00568436937411749,0.00594809516143621,0.00572159433817816
"Q.05",0.40612670245549,0.404319122803766,0.404476943010542,0.409205683966816
"Q.95",0.425596338762926,0.423019180676711,0.424044603402763,0.428028207710897
"theta0",3316.70063385179,3316.70063385179,3316.70063385179,3316.70063385179
"theta1",2358.62245188657,2358.62245188657,2358.62245188657,2358.62245188657
