"","AA","AB","BA","BB"
"EV",0.269648005986993,0.287492163262443,0.287393471913973,0.279428032320643
"STD",0.00604616198814051,0.00933571641352674,0.00923125600428547,0.0109564625426282
"Q.05",0.259751687111068,0.272239357085277,0.272310258324445,0.261556364403844
"Q.95",0.279641586838742,0.302950715684072,0.302677985013917,0.297599016627963
"theta0",1039.88330072337,1039.88330072337,1039.88330072337,1039.88330072337
"theta1",406.400755418067,406.400755418067,406.400755418067,406.400755418067
