"","AA","AB","BA","BB"
"EV",0.275215177090373,0.274713937260511,0.274267756727889,0.277675136357154
"STD",0.00515158532414721,0.00508052051856745,0.00504183364404586,0.00502848677680473
"Q.05",0.26677563804731,0.266390467273336,0.266007514706572,0.269435932259669
"Q.95",0.283722738957837,0.283103788554209,0.282593568468703,0.285978089844571
"theta0",4521.91981120379,4521.91981120379,4521.91981120379,4521.91981120379
"theta1",1719.30351995992,1719.30351995992,1719.30351995992,1719.30351995992
