"","AA","AB","BA","BB"
"EV",0.277540860227662,0.274752831423375,0.275069630255773,0.274987710316991
"STD",0.00503744893385979,0.00496151748489176,0.00502640509896893,0.004937282475605
"Q.05",0.269287057736167,0.266623555185368,0.266834389248774,0.266897938339297
"Q.95",0.285858697302643,0.282945398576792,0.283369691017996,0.283140057737015
"theta0",4714.91149321545,4714.91149321545,4714.91149321545,4714.91149321545
"theta1",1793.75884090771,1793.75884090771,1793.75884090771,1793.75884090771
