"","AA","AB","BA","BB"
"EV",0.233918745238577,0.239849769765434,0.231113322511324,0.246649170315225
"STD",0.00724644792969391,0.00660861191358399,0.00862339162114746,0.00709558276058105
"Q.05",0.22208849233903,0.229050721270156,0.217057841044232,0.235056348803634
"Q.95",0.245926380902444,0.250790580110428,0.24542484150376,0.258398161071716
"theta0",1454.58762948213,1454.58762948213,1454.58762948213,1454.58762948213
"theta1",454.044770133324,454.044770133324,454.044770133324,454.044770133324
