"","AA","AB","BA","BB"
"EV",0.412973565592814,0.414930083504821,0.413435351910444,0.418061394438484
"STD",0.00623554018116108,0.00567123110518812,0.00616625942025868,0.00558058052696669
"Q.05",0.402732792665288,0.405614482754973,0.403308100291499,0.40889401388624
"Q.95",0.423246087354327,0.424271319517819,0.423593475660141,0.427252632050124
"theta0",3209.4830957046,3209.4830957046,3209.4830957046,3209.4830957046
"theta1",2275.44928146367,2275.44928146367,2275.44928146367,2275.44928146367
