"","AA","AB","BA","BB"
"EV",0.415863341293709,0.414532549305466,0.415545915354049,0.416400258807364
"STD",0.00507071953279984,0.00571807506709487,0.00497294400436417,0.00568137104422724
"Q.05",0.407532824686139,0.405140172629353,0.407375880290264,0.407067789077648
"Q.95",0.424214112860586,0.423951115669411,0.423735509466898,0.425757985153655
"theta0",4118.16157080706,4118.16157080706,4118.16157080706,4118.16157080706
"theta1",2928.53465782604,2928.53465782604,2928.53465782604,2928.53465782604
