"","AA","AB","BA","BB"
"EV",0.272851722699746,0.274948148740592,0.274543443296569,0.276814043208503
"STD",0.00539361856959581,0.00525495647984137,0.00548296922838557,0.00472333095297092
"Q.05",0.264017953319313,0.266340025333469,0.265563529807807,0.269073180103829
"Q.95",0.281761247942755,0.283627179594176,0.283600762115873,0.284611477980475
"theta0",4279.47941876164,4279.47941876164,4279.47941876164,4279.47941876164
"theta1",1621.59665355117,1621.59665355117,1621.59665355117,1621.59665355117
