"","AA","AB","BA","BB"
"EV",0.412494362852555,0.418114093260342,0.416770178644935,0.414940757278957
"STD",0.00612793976075473,0.00608968763352869,0.00581293502172195,0.00573091757019895
"Q.05",0.4024301284859,0.408111551392217,0.407221829935753,0.405527248220685
"Q.95",0.422589439015429,0.428145025405987,0.426344843826861,0.424380440664997
"theta0",3150.93046811783,3150.93046811783,3150.93046811783,3150.93046811783
"theta1",2240.65522369644,2240.65522369644,2240.65522369644,2240.65522369644
