"","AA","AB","BA","BB"
"EV",0.274799584079538,0.277890358065901,0.278127163926676,0.278418152861996
"STD",0.00447283049766461,0.00580584054115812,0.00583635457738823,0.00610791378151885
"Q.05",0.267468177620602,0.268383103151086,0.268570097622423,0.26841840722737
"Q.95",0.282182409846528,0.287482478446923,0.287769854024622,0.288511494714381
"theta0",3823.10084184396,3823.10084184396,3823.10084184396,3823.10084184396
"theta1",1467.04353104092,1467.04353104092,1467.04353104092,1467.04353104092
