"","AA","AB","BA","BB"
"EV",0.423754916184055,0.421046075664636,0.393995171202962,0.416022756685553
"STD",0.00894451252493716,0.00941300195835947,0.0103726152051609,0.0110127979140953
"Q.05",0.409070620878889,0.4055953695325,0.376987696482827,0.39795548084579
"Q.95",0.438496047445847,0.43656207984364,0.411111347582119,0.434185439045774
"theta0",585.221350177361,585.221350177361,585.221350177361,585.221350177361
"theta1",412.948021254439,412.948021254439,412.948021254439,412.948021254439
