"","AA","AB","BA","BB"
"EV",0.418265169547972,0.41504218643893,0.414535669743878,0.413935143510935
"STD",0.00567266728414792,0.00638756536602367,0.00518329087986857,0.00625856067287097
"Q.05",0.408946680780035,0.404551709879543,0.406020618236494,0.403656433583366
"Q.95",0.427608244700334,0.425565139610712,0.423072239601339,0.424245462082656
"theta0",3318.14731711178,3318.14731711178,3318.14731711178,3318.14731711178
"theta1",2358.25148812096,2358.25148812096,2358.25148812096,2358.25148812096
