"","AA","AB","BA","BB"
"EV",0.240825669840273,0.238504269580891,0.238940920228509,0.23847130525723
"STD",0.00451138227464682,0.00518483068391445,0.00452045358151569,0.00520038816300943
"Q.05",0.23343800061509,0.230020134496425,0.231538884534695,0.229961856102576
"Q.95",0.248278959498721,0.24707644170344,0.246409677554064,0.247069340256812
"theta0",4815.96090518227,4815.96090518227,4815.96090518227,4815.96090518227
"theta1",1514.11427081531,1514.11427081531,1514.11427081531,1514.11427081531
