"","AA","AB","BA","BB"
"EV",0.2786353953675,0.273634768462874,0.276042515537662,0.273759450298563
"STD",0.00536132710348441,0.00499893919229368,0.00618639270624063,0.00606341750342474
"Q.05",0.269852852908178,0.265444662534933,0.265915675708462,0.263833689412703
"Q.95",0.287489941654073,0.281889606786616,0.286266916451351,0.28378037602472
"theta0",3539.58356755576,3539.58356755576,3539.58356755576,3539.58356755576
"theta1",1346.14230195127,1346.14230195127,1346.14230195127,1346.14230195127
