"","AA","AB","BA","BB"
"EV",0.274060000922311,0.276613663192264,0.274838778763728,0.278296686004245
"STD",0.00508678521655704,0.00540562432821855,0.00511796949598299,0.00543361597792678
"Q.05",0.265726455659369,0.267759361112524,0.266454174684245,0.269396303641835
"Q.95",0.282460383489749,0.285542164635598,0.283290690224458,0.287271195943526
"theta0",4147.89458609536,4147.89458609536,4147.89458609536,4147.89458609536
"theta1",1580.9234060058,1580.9234060058,1580.9234060058,1580.9234060058
