"","AA","AB","BA","BB"
"EV",0.273292925363764,0.276537713460416,0.273962587329062,0.275885210207951
"STD",0.00528417883461809,0.00477169781076099,0.00547209634770916,0.00510496549315536
"Q.05",0.26463753453738,0.268717931455875,0.26500055580751,0.267521588851972
"Q.95",0.282020813928469,0.284415338999134,0.283002017989094,0.284315329168827
"theta0",4382.10213414977,4382.10213414977,4382.10213414977,4382.10213414977
"theta1",1661.56956209282,1661.56956209282,1661.56956209282,1661.56956209282
