"","AA","AB","BA","BB"
"EV",0.239412827504571,0.239936214515191,0.239738778047966,0.239686138554622
"STD",0.00453238970610125,0.00438733235899046,0.0046472782417078,0.00454855168395497
"Q.05",0.231991229017936,0.232750989468865,0.232129850916051,0.232238133714127
"Q.95",0.246901288726816,0.247183871030665,0.24741784785656,0.247201360721204
"theta0",5617.27312872518,5617.27312872518,5617.27312872518,5617.27312872518
"theta1",1770.97538834824,1770.97538834824,1770.97538834824,1770.97538834824
