"","AA","AB","BA","BB"
"EV",0.416629250979797,0.414954468990615,0.414025804251436,0.416662124847898
"STD",0.00499449370081259,0.00585717534064327,0.00539238474949165,0.00594915472438518
"Q.05",0.408423720031957,0.40533386005589,0.405167776478953,0.406890351959108
"Q.95",0.424854243240554,0.424602413832435,0.422907269201831,0.426461500164818
"theta0",3798.44342914484,3798.44342914484,3798.44342914484,3798.44342914484
"theta1",2700.97755903537,2700.97755903537,2700.97755903537,2700.97755903537
