"","AA","AB","BA","BB"
"EV",0.417700562631112,0.414768092133802,0.414775368481794,0.41665314262601
"STD",0.00567108935130224,0.00602774386443567,0.00497920831473516,0.00577266022597828
"Q.05",0.40838475233938,0.40486775722217,0.40659514899045,0.407170879299687
"Q.95",0.427041124794305,0.424697445860968,0.422975385900518,0.426161397525266
"theta0",3693.18965598755,3693.18965598755,3693.18965598755,3693.18965598755
"theta1",2630.53782203184,2630.53782203184,2630.53782203184,2630.53782203184
