"","AA","AB","BA","BB"
"EV",0.414444405013934,0.41707550796394,0.41523013226686,0.415419466861191
"STD",0.00508332828434133,0.00511527508324768,0.00582321991267317,0.00584363278928038
"Q.05",0.406093381196766,0.40867172411499,0.405665171891196,0.40582099188388
"Q.95",0.42281614849762,0.425499590457749,0.424822019681048,0.425044993892997
"theta0",3933.69955001156,3933.69955001156,3933.69955001156,3933.69955001156
"theta1",2796.86830912129,2796.86830912129,2796.86830912129,2796.86830912129
