"","AA","AB","BA","BB"
"EV",0.415427696575064,0.416624402265798,0.414179811849495,0.416629091472048
"STD",0.00501909641057187,0.00534697696944309,0.00559456447521009,0.0057527723491636
"Q.05",0.407181943354313,0.407840499351223,0.404990092069696,0.407179456131315
"Q.95",0.423693403162199,0.42543061224971,0.423394711657444,0.426104547440127
"theta0",3973.76474199049,3973.76474199049,3973.76474199049,3973.76474199049
"theta1",2827.35895404694,2827.35895404694,2827.35895404694,2827.35895404694
