"","AA","AB","BA","BB"
"EV",0.412270572067723,0.417037254069761,0.417033658821167,0.416616171528501
"STD",0.00582930200792324,0.00611689491935714,0.00562027498558467,0.0059861396522099
"Q.05",0.402696137112414,0.406990285541254,0.407801316156991,0.406783742583642
"Q.95",0.421872991265191,0.427113265069294,0.426290519797315,0.426476563537505
"theta0",3224.28137951401,3224.28137951401,3224.28137951401,3224.28137951401
"theta1",2294.328233971,2294.328233971,2294.328233971,2294.328233971
