"","AA","AB","BA","BB"
"EV",0.415498445355545,0.416706240387843,0.412786016982593,0.41579895939179
"STD",0.0051125825906319,0.00553798828540075,0.00611077556222466,0.00622613903785964
"Q.05",0.407099284140437,0.40760894376668,0.402749875223574,0.405573056822979
"Q.95",0.423918291951369,0.425827441790791,0.422852719317839,0.426055426453748
"theta0",3500.16874800703,3500.16874800703,3500.16874800703,3500.16874800703
"theta1",2485.08669247702,2485.08669247702,2485.08669247702,2485.08669247702
