"","AA","AB","BA","BB"
"EV",0.274575560447759,0.276110692868283,0.276774573178098,0.277089076093556
"STD",0.00454475702111308,0.00515360668148506,0.00503099718867322,0.00537964169556601
"Q.05",0.267126720884864,0.267667650523265,0.268531466538326,0.268277037016219
"Q.95",0.282077566339948,0.284621403905564,0.285081879825805,0.285974368718101
"theta0",4698.87355912586,4698.87355912586,4698.87355912586,4698.87355912586
"theta1",1792.58288119391,1792.58288119391,1792.58288119391,1792.58288119391
