"","AA","AB","BA","BB"
"EV",0.241997834436824,0.237110764410972,0.239502314924221,0.239184274166692
"STD",0.00480163155572462,0.00491100883187666,0.0055457875905638,0.00561531307548972
"Q.05",0.234136830492599,0.229072852707,0.230430493301208,0.22999947245098
"Q.95",0.249932594898164,0.245228399806015,0.248674189815486,0.248471873005399
"theta0",4015.03896785946,4015.03896785946,4015.03896785946,4015.03896785946
"theta1",1264.1348321775,1264.1348321775,1264.1348321775,1264.1348321775
