"","AA","AB","BA","BB"
"EV",0.413126311803411,0.41829216603976,0.416918325483964,0.414498594469342
"STD",0.00556053817636872,0.00560782792906734,0.00640247720785348,0.00642151282932657
"Q.05",0.403992571369734,0.409080047377523,0.406403014357562,0.403952562337723
"Q.95",0.422285251095942,0.427528303764614,0.427465503143207,0.425077672050007
"theta0",3120.32693172375,3120.32693172375,3120.32693172375,3120.32693172375
"theta1",2220.07727154395,2220.07727154395,2220.07727154395,2220.07727154395
