"","AA","AB","BA","BB"
"EV",0.415271317095694,0.409345258810732,0.414432775769981,0.426038156102795
"STD",0.00743290132713716,0.00833638463823168,0.00788616316330775,0.0086381422331399
"Q.05",0.40306704436513,0.395662541071091,0.401485938291086,0.411855078100239
"Q.95",0.427519444304173,0.423087257537694,0.427429499438023,0.440272581914399
"theta0",1316.36126073785,1316.36126073785,1316.36126073785,1316.36126073785
"theta1",938.747213599371,938.747213599371,938.747213599371,938.747213599371
