"","AA","AB","BA","BB"
"EV",0.417010100545061,0.415696471154745,0.414983204196954,0.415553535870373
"STD",0.0052825164518355,0.00566516084449231,0.00490172903819254,0.00555548073246062
"Q.05",0.408331907277603,0.406390705615382,0.406930098496627,0.406427718284701
"Q.95",0.425709959743083,0.425027573096136,0.423055446812237,0.424703761850917
"theta0",4121.51882475541,4121.51882475541,4121.51882475541,4121.51882475541
"theta1",2933.64208815838,2933.64208815838,2933.64208815838,2933.64208815838
