"","AA","AB","BA","BB"
"EV",0.232740602770735,0.23627182294569,0.244043836958327,0.243825652198579
"STD",0.00680573814195078,0.00691622856039842,0.00665912630634345,0.00671055040137152
"Q.05",0.221625351031737,0.224975493727996,0.233160779281505,0.232859205567844
"Q.95",0.244013555476053,0.24772719484769,0.255066850119185,0.254934432390026
"theta0",1873.2868711228,1873.2868711228,1873.2868711228,1873.2868711228
"theta1",589.063928361945,589.063928361945,589.063928361945,589.063928361945
