"","AA","AB","BA","BB"
"EV",0.241088953629569,0.236412539623845,0.234915604330059,0.236027246128137
"STD",0.00464182218124926,0.00619443640743227,0.00615019924938576,0.00660951353738976
"Q.05",0.233488600770709,0.226287561279676,0.224863119567895,0.225228597535627
"Q.95",0.248758654758789,0.246664966565602,0.245094993260748,0.246971377927209
"theta0",3059.63474689253,3059.63474689253,3059.63474689253,3059.63474689253
"theta1",950.997689820399,950.997689820399,950.997689820399,950.997689820399
