"","AA","AB","BA","BB"
"EV",0.280334998965325,0.279223274314794,0.275866826907923,0.264914494717587
"STD",0.00751996643916788,0.00882770453041989,0.00655608669983331,0.00806000112797847
"Q.05",0.268035934465824,0.264800485837341,0.265137983215757,0.251746461791454
"Q.95",0.292774140740454,0.293840575605011,0.286705373461799,0.27826095779793
"theta0",1406.75567878278,1406.75567878278,1406.75567878278,1406.75567878278
"theta1",533.842217589154,533.842217589154,533.842217589154,533.842217589154
