"","AA","AB","BA","BB"
"EV",0.235588507633884,0.25090411038926,0.249344755922913,0.25452238929875
"STD",0.0056275546574442,0.00967607708329191,0.00923963257618129,0.0114295320250309
"Q.05",0.226385069434723,0.235130238979605,0.234277593546904,0.235915857522428
"Q.95",0.244897713079919,0.2669603652793,0.264672076584894,0.273513645446876
"theta0",998.029729622274,998.029729622274,998.029729622274,998.029729622274
"theta1",328.428656370617,328.428656370617,328.428656370617,328.428656370617
