"","AA","AB","BA","BB"
"EV",0.418661155200297,0.414029163740702,0.413790155690191,0.416022559907323
"STD",0.00576315546151653,0.0060515738180298,0.00562447933565912,0.00597209559684546
"Q.05",0.409194153432251,0.404089880792592,0.404551425695151,0.406213271500943
"Q.95",0.42815340451122,0.423997964418366,0.423054458388232,0.425859889895249
"theta0",3272.33121661145,3272.33121661145,3272.33121661145,3272.33121661145
"theta1",2327.43054154868,2327.43054154868,2327.43054154868,2327.43054154868
