"","AA","AB","BA","BB"
"EV",0.240378552889601,0.238792269670096,0.240391182967603,0.239516837022338
"STD",0.00437358906974453,0.00447795952526332,0.0050031615594858,0.00500930356888304
"Q.05",0.23321564504253,0.231459536554858,0.23220230259515,0.231318194252254
"Q.95",0.247603318120065,0.246190540957154,0.248661008041215,0.24779709997429
"theta0",5156.51246814149,5156.51246814149,5156.51246814149,5156.51246814149
"theta1",1626.38979300773,1626.38979300773,1626.38979300773,1626.38979300773
