"","AA","AB","BA","BB"
"EV",0.417324668304694,0.415079419167207,0.409757720726393,0.415353058861644
"STD",0.00551815611235239,0.00680124437607442,0.00686044530184719,0.00739652776133756
"Q.05",0.408259814686199,0.403910642957337,0.398493139888968,0.403208381327473
"Q.95",0.42641306960609,0.426284998955602,0.421062248942616,0.427541118194817
"theta0",2456.48485367672,2456.48485367672,2456.48485367672,2456.48485367672
"theta1",1738.21022538252,1738.21022538252,1738.21022538252,1738.21022538252
