"","AA","AB","BA","BB"
"EV",0.240227174750983,0.239891518608357,0.240768812867233,0.237998964754153
"STD",0.00492092503529143,0.00434438976863945,0.00526348093567639,0.00501140382798764
"Q.05",0.232172279407217,0.232776326610331,0.232155972237334,0.229797323223794
"Q.95",0.24836046123583,0.247067944060236,0.249471016293357,0.246283130310334
"theta0",4748.83098094789,4748.83098094789,4748.83098094789,4748.83098094789
"theta1",1497.40984086781,1497.40984086781,1497.40984086781,1497.40984086781
