"","AA","AB","BA","BB"
"EV",0.414060465398638,0.418318663295678,0.415820585375296,0.415096051814483
"STD",0.00596766735259958,0.0059339111100687,0.00544990508873858,0.00538086077790601
"Q.05",0.40425878785728,0.408571605191267,0.406867929203972,0.406256775365969
"Q.95",0.423890836533117,0.428092606427585,0.424796652253199,0.423958357481581
"theta0",3542.13484862439,3542.13484862439,3542.13484862439,3542.13484862439
"theta1",2521.37830748943,2521.37830748943,2521.37830748943,2521.37830748943
