"","AA","AB","BA","BB"
"EV",0.239872645300259,0.240316881970381,0.23851765902195,0.2398398212816
"STD",0.00423292513848235,0.00484503103365117,0.00483911013102084,0.00507016996062682
"Q.05",0.232939243118812,0.232385593193722,0.230596479513961,0.231541973359879
"Q.95",0.246864185997797,0.248324116441162,0.246515517488461,0.24822110460678
"theta0",5088.45278938203,5088.45278938203,5088.45278938203,5088.45278938203
"theta1",1603.75369616437,1603.75369616437,1603.75369616437,1603.75369616437
