"","AA","AB","BA","BB"
"EV",0.413297948130925,0.415443337721161,0.415394946370721,0.417082205836366
"STD",0.00557575727124602,0.0061824238616763,0.00557417144628847,0.00514778707323483
"Q.05",0.404139216381753,0.405289195908115,0.406238491358965,0.408625072047518
"Q.95",0.422481963726885,0.425627750992291,0.424576023189953,0.425559895409814
"theta0",3670.46312293373,3670.46312293373,3670.46312293373,3670.46312293373
"theta1",2607.15136692111,2607.15136692111,2607.15136692111,2607.15136692111
