"","AA","AB","BA","BB"
"EV",0.277493160947969,0.272223825309556,0.27775710201154,0.275109167808067
"STD",0.00591016205228706,0.00566803668476577,0.00557658096716953,0.00527358010453621
"Q.05",0.267815973664996,0.262942819738339,0.268623687114336,0.266470624873465
"Q.95",0.287258526570134,0.281588845649339,0.286968880998599,0.283819044755835
"theta0",3530.30991380211,3530.30991380211,3530.30991380211,3530.30991380211
"theta1",1343.47301487203,1343.47301487203,1343.47301487203,1343.47301487203
