"","AA","AB","BA","BB"
"EV",0.271062184384436,0.273003884303977,0.281366387372642,0.277205673242153
"STD",0.00582127463887951,0.0076848143826103,0.00622215624877389,0.00782324126106836
"Q.05",0.261531782426052,0.260440512076649,0.271179539853242,0.264415178147362
"Q.95",0.280681897613183,0.285720922455811,0.291648458440471,0.290150999887752
"theta0",2110.51363968827,2110.51363968827,2110.51363968827,2110.51363968827
"theta1",803.220459234414,803.220459234414,803.220459234414,803.220459234414
