"","AA","AB","BA","BB"
"EV",0.273662628385678,0.276283449062183,0.279458242347358,0.276945588573108
"STD",0.00511019755397908,0.00528206512732221,0.00599824461585796,0.00602047201243538
"Q.05",0.265290972903755,0.267630781980266,0.269636899259035,0.267088793321513
"Q.95",0.282101917698086,0.285007118673775,0.289369220944046,0.286894222337524
"theta0",3592.89562372722,3592.89562372722,3592.89562372722,3592.89562372722
"theta1",1373.74901574822,1373.74901574822,1373.74901574822,1373.74901574822
