"","AA","AB","BA","BB"
"EV",0.415984514861804,0.415434928892678,0.415180694518507,0.416202804344595
"STD",0.00505314904002489,0.005236800665442,0.00509339670283908,0.00526021919151447
"Q.05",0.407682814254747,0.40683196053708,0.406813055361245,0.407561307025432
"Q.95",0.424306299624134,0.424059617456441,0.423568945838471,0.424866006052009
"theta0",4451.92052896278,4451.92052896278,4451.92052896278,4451.92052896278
"theta1",3167.38976904768,3167.38976904768,3167.38976904768,3167.38976904768
