"","AA","AB","BA","BB"
"EV",0.237663191088486,0.239012954066574,0.23945107950402,0.242147988622778
"STD",0.00510078566119872,0.00502451335534799,0.00505581668653763,0.00499927813669244
"Q.05",0.22931611877375,0.230789682876537,0.231176712822489,0.233964956316371
"Q.95",0.246095950814132,0.247318619665121,0.247808626097291,0.25041089537064
"theta0",4296.85663460531,4296.85663460531,4296.85663460531,4296.85663460531
"theta1",1353.75696683421,1353.75696683421,1353.75696683421,1353.75696683421
