"","AA","AB","BA","BB"
"EV",0.273493111472716,0.27954901605186,0.278829980446408,0.270371122335591
"STD",0.00639157454568408,0.00654279567756829,0.00643451930787289,0.00641964790099511
"Q.05",0.263032982505366,0.26884046493047,0.268298025547413,0.259866422692698
"Q.95",0.284059176804855,0.290364156871215,0.289465524880669,0.280984946567159
"theta0",2386.81460126758,2386.81460126758,2386.81460126758,2386.81460126758
"theta1",907.926078905484,907.926078905484,907.926078905484,907.926078905484
