"","AA","AB","BA","BB"
"EV",0.274395636547649,0.268738662900546,0.271641616040542,0.278972527395681
"STD",0.00718534364344002,0.00693475271692138,0.00685665412576785,0.00559247287581149
"Q.05",0.262643489902137,0.257396538221757,0.260425283524737,0.269812873917446
"Q.95",0.286280869766428,0.280209529855206,0.282981388183213,0.288210351350869
"theta0",2279.49458417182,2279.49458417182,2279.49458417182,2279.49458417182
"theta1",857.904756126561,857.904756126561,857.904756126561,857.904756126561
