"","AA","AB","BA","BB"
"EV",0.237581708392549,0.244873013709402,0.239624417457043,0.23834661681537
"STD",0.00561371336456392,0.00602441004204898,0.00550522850603346,0.00584711765816423
"Q.05",0.228400069130584,0.235020878266617,0.230618536142477,0.228785201605233
"Q.95",0.246867196086833,0.254839056266295,0.248728812939399,0.248020121407625
"theta0",3064.50774091277,3064.50774091277,3064.50774091277,3064.50774091277
"theta1",968.347743987762,968.347743987762,968.347743987762,968.347743987762
