"","AA","AB","BA","BB"
"EV",0.41452370443545,0.412811946820617,0.417549051484048,0.413058410921937
"STD",0.00571969356613635,0.00620957687084482,0.0053710359035389,0.00640623928547579
"Q.05",0.405128674358208,0.402613780135544,0.408725542807164,0.402537718672792
"Q.95",0.423944941906808,0.423041660572664,0.42639480480521,0.423612579805742
"theta0",3221.7410387145,3221.7410387145,3221.7410387145,3221.7410387145
"theta1",2280.70877371041,2280.70877371041,2280.70877371041,2280.70877371041
