"","AA","AB","BA","BB"
"EV",0.416871358741383,0.415532961411872,0.416744290177242,0.415008208606611
"STD",0.00562565134306689,0.00540378419617208,0.00536523604406748,0.00492549761130445
"Q.05",0.407630221469159,0.406656013406358,0.407930412333234,0.406916096408135
"Q.95",0.426137112050719,0.424433008747033,0.425580593589698,0.423119637767623
"theta0",4148.45932042703,4148.45932042703,4148.45932042703,4148.45932042703
"theta1",2955.59445083137,2955.59445083137,2955.59445083137,2955.59445083137
