"","AA","AB","BA","BB"
"EV",0.24002421540216,0.239616342449487,0.239397784294021,0.239193925847708
"STD",0.00450388751586212,0.00421068060016642,0.00502488922001462,0.00495150683212515
"Q.05",0.232648941968356,0.232719273201215,0.231173793975963,0.231089496860354
"Q.95",0.247465243292381,0.246571039535506,0.247703969118647,0.247378274795189
"theta0",5298.3111829767,5298.3111829767,5298.3111829767,5298.3111829767
"theta1",1669.17423203915,1669.17423203915,1669.17423203915,1669.17423203915
