"","AA","AB","BA","BB"
"EV",0.244826382466105,0.233638500062946,0.230509606118424,0.246619478658352
"STD",0.00636657034127954,0.00803645594202675,0.00788439107741733,0.00940757882940174
"Q.05",0.234418151871658,0.22052955822994,0.217648934534512,0.231283391934556
"Q.95",0.255361870371393,0.246966042754157,0.243585164549119,0.262230223140109
"theta0",1189.86031790714,1189.86031790714,1189.86031790714,1189.86031790714
"theta1",373.495390960784,373.495390960784,373.495390960784,373.495390960784
