"","AA","AB","BA","BB"
"EV",0.23065575586408,0.236824927988744,0.24450417868091,0.238659761323018
"STD",0.00676012558680021,0.00857837883139007,0.00571329376121571,0.00813879979318901
"Q.05",0.219615584997675,0.222837287455074,0.235158152510287,0.225381529560883
"Q.95",0.241853722774001,0.251056384860867,0.253952900587951,0.252154764255323
"theta0",1659.64998192438,1659.64998192438,1659.64998192438,1659.64998192438
"theta1",517.422321454976,517.422321454976,517.422321454976,517.422321454976
