"","AA","AB","BA","BB"
"EV",0.417251323352235,0.414878042562514,0.414958318695713,0.415022192770652
"STD",0.00534237748792167,0.0059282373880871,0.00492409221814892,0.00584452818763084
"Q.05",0.408474878241305,0.405140891091719,0.406868518708629,0.405422316589049
"Q.95",0.426049860253377,0.424643224084103,0.423067436629403,0.424649263946374
"theta0",3874.0962251166,3874.0962251166,3874.0962251166,3874.0962251166
"theta1",2754.3207598388,2754.3207598388,2754.3207598388,2754.3207598388
