"","AA","AB","BA","BB"
"EV",0.220686290394129,0.2401433273783,0.265531268815782,0.245010005395643
"STD",0.00836439074502832,0.0087410743323782,0.0107449060458385,0.0107181837778862
"Q.05",0.207058163156189,0.225889954400842,0.24801607353442,0.227561417504294
"Q.95",0.234572958670121,0.254644287640752,0.283362388395919,0.262819036573268
"theta0",399.937723499832,399.937723499832,399.937723499832,399.937723499832
"theta1",128.272639793134,128.272639793134,128.272639793134,128.272639793134
