"","AA","AB","BA","BB"
"EV",0.238719442428009,0.236909141886371,0.236758340631303,0.242012271302369
"STD",0.00597345023821703,0.0054922885633985,0.00554029699130121,0.0048150849471822
"Q.05",0.228952542450892,0.227925222226216,0.227696387318253,0.23412934270199
"Q.95",0.248603037067272,0.245992914637317,0.245922003646013,0.249969363220369
"theta0",3588.51517532462,3588.51517532462,3588.51517532462,3588.51517532462
"theta1",1124.58278615266,1124.58278615266,1124.58278615266,1124.58278615266
