"","AA","AB","BA","BB"
"EV",0.414706787954872,0.416785874341583,0.415003326505834,0.413371295039399
"STD",0.00541994016680221,0.00503855896075822,0.00598404729210652,0.00586953147153693
"Q.05",0.405803455041244,0.408508013924761,0.405174616385681,0.403730691156077
"Q.95",0.423633599401632,0.425083501715712,0.42486055250496,0.423039892681136
"theta0",3747.55771093442,3747.55771093442,3747.55771093442,3747.55771093442
"theta1",2658.21196522164,2658.21196522164,2658.21196522164,2658.21196522164
