"","AA","AB","BA","BB"
"EV",0.412837052473787,0.416681210293999,0.416383009906791,0.417098145286972
"STD",0.00564367399961084,0.00570668011735696,0.00567312647111437,0.00573251056679841
"Q.05",0.40356698833672,0.407307177259091,0.407064067737345,0.407681671233401
"Q.95",0.422133166595129,0.426080634978509,0.425727140923409,0.426540105937723
"theta0",3504.01934828446,3504.01934828446,3504.01934828446,3504.01934828446
"theta1",2493.4855891588,2493.4855891588,2493.4855891588,2493.4855891588
