"","AA","AB","BA","BB"
"EV",0.237426598848984,0.239879790829008,0.240096382411328,0.242190646263752
"STD",0.00497274785331535,0.00523601484572609,0.00493952288507951,0.00519759135280324
"Q.05",0.229288061406524,0.231311927091338,0.232011229381717,0.23368465112309
"Q.95",0.245646704434658,0.248536614970768,0.248260589563396,0.250782955271946
"theta0",4220.65102282976,4220.65102282976,4220.65102282976,4220.65102282976
"theta1",1332.15378678384,1332.15378678384,1332.15378678384,1332.15378678384
