"","AA","AB","BA","BB"
"EV",0.269774787766489,0.254717074800336,0.270416640015717,0.29039457863788
"STD",0.0114256015325671,0.00967024736917002,0.00929806926107574,0.00787827650675761
"Q.05",0.251155672351926,0.238949026633153,0.255237504159717,0.277507894151701
"Q.95",0.288741184076087,0.270760089355989,0.285824705114143,0.303424896869988
"theta0",566.2070109512,566.2070109512,566.2070109512,566.2070109512
"theta1",210.830499261549,210.830499261549,210.830499261549,210.830499261549
