"","AA","AB","BA","BB"
"EV",0.420516445677896,0.413064292944499,0.42693212334453,0.41008386910349
"STD",0.00929921220339149,0.00833360445974537,0.00861313106760137,0.00726619029197323
"Q.05",0.405252359951025,0.399384831398789,0.412789715819688,0.398154220025048
"Q.95",0.43584470901492,0.426800410772731,0.441124937473008,0.422058159295098
"theta0",1187.37056143081,1187.37056143081,1187.37056143081,1187.37056143081
"theta1",851.569711085471,851.569711085471,851.569711085471,851.569711085471
