"","AA","AB","BA","BB"
"EV",0.414084396755526,0.416570832412852,0.417683210582521,0.41468433848779
"STD",0.00592674470974432,0.00557272585742923,0.00574121034731796,0.00521844545593901
"Q.05",0.404349832385288,0.40741656755968,0.408252369560133,0.406111588014834
"Q.95",0.423847254093873,0.425749344540314,0.427139425131321,0.423278860018853
"theta0",3650.35209315093,3650.35209315093,3650.35209315093,3650.35209315093
"theta1",2597.68022745035,2597.68022745035,2597.68022745035,2597.68022745035
