"","AA","AB","BA","BB"
"EV",0.274653461528327,0.275422126664548,0.276949294706346,0.276053838138919
"STD",0.00494366535178628,0.0045743229931178,0.00520148575880834,0.00500674351250485
"Q.05",0.266553342626835,0.267924849861898,0.26842793669992,0.267850470910563
"Q.95",0.282816458477107,0.282972959190883,0.285539198087545,0.284321095930921
"theta0",4893.86831184792,4893.86831184792,4893.86831184792,4893.86831184792
"theta1",1863.53704378307,1863.53704378307,1863.53704378307,1863.53704378307
