"","AA","AB","BA","BB"
"EV",0.239660043457916,0.237170048755313,0.240314491026597,0.239835639964006
"STD",0.00508379373633241,0.00515331339146192,0.00462530236834948,0.0046996113434271
"Q.05",0.231340062948156,0.228737613502571,0.232741243901061,0.232141406759817
"Q.95",0.248064009535211,0.24569023556397,0.24795695152476,0.247601558251673
"theta0",4682.1114106794,4682.1114106794,4682.1114106794,4682.1114106794
"theta1",1472.51338486128,1472.51338486128,1472.51338486128,1472.51338486128
