"","AA","AB","BA","BB"
"EV",0.417303532462257,0.416746894442775,0.414197112997645,0.417665365218363
"STD",0.00570717891868249,0.00576272369665501,0.00508591678347557,0.00585398693009816
"Q.05",0.407928580742465,0.407280915509054,0.405841873811764,0.408049525044196
"Q.95",0.426703679872212,0.426238744730072,0.422573156543247,0.427307591806919
"theta0",3680.46336909424,3680.46336909424,3680.46336909424,3680.46336909424
"theta1",2626.90892661135,2626.90892661135,2626.90892661135,2626.90892661135
