"","AA","AB","BA","BB"
"EV",0.414048483132403,0.415394881766107,0.417650239664194,0.414939818405747
"STD",0.00541323623687284,0.00567423171187324,0.00533341128258102,0.00562286208059415
"Q.05",0.405156244492398,0.406074284486126,0.408888449749249,0.405703560198992
"Q.95",0.42296433398014,0.424740992946637,0.426433935186679,0.424201273319638
"theta0",3801.74165189652,3801.74165189652,3801.74165189652,3801.74165189652
"theta1",2702.65939709779,2702.65939709779,2702.65939709779,2702.65939709779
