"","AA","AB","BA","BB"
"EV",0.239943070712384,0.239785469036358,0.241368538003479,0.238244050872367
"STD",0.00495819295221004,0.00431279343107547,0.00542997232403411,0.0052180397895221
"Q.05",0.231827550136079,0.232721824544804,0.232484536223043,0.229705938665743
"Q.95",0.248138326093732,0.246909502278816,0.250347265692646,0.246871487450666
"theta0",4572.61044875169,4572.61044875169,4572.61044875169,4572.61044875169
"theta1",1442.74242511224,1442.74242511224,1442.74242511224,1442.74242511224
