"","AA","AB","BA","BB"
"EV",0.411944216473386,0.415406304566831,0.418506640364937,0.417297999230878
"STD",0.00620396911288772,0.00592485118502886,0.00637032052838733,0.00610698677519
"Q.05",0.401755412629574,0.405674614799004,0.408043745193022,0.407267233411118
"Q.95",0.422164843786966,0.425165808337588,0.42900044634208,0.427357617379761
"theta0",2876.55785955735,2876.55785955735,2876.55785955735,2876.55785955735
"theta1",2047.31088388877,2047.31088388877,2047.31088388877,2047.31088388877
