"","AA","AB","BA","BB"
"EV",0.274961707111739,0.276956116771429,0.275104107034756,0.274906291646822
"STD",0.00508201129676271,0.00488256200912551,0.00466363985833982,0.00500511785995003
"Q.05",0.266635749057162,0.268955256592314,0.267461035156733,0.266705825858627
"Q.95",0.283353975254388,0.285017370229683,0.282802965616269,0.283171099610924
"theta0",4928.85671419346,4928.85671419346,4928.85671419346,4928.85671419346
"theta1",1874.15869145059,1874.15869145059,1874.15869145059,1874.15869145059
