"","AA","AB","BA","BB"
"EV",0.239416163729953,0.239576619449602,0.239019838677006,0.240614008047363
"STD",0.00469695212050268,0.00464240091705221,0.00455851483585082,0.00451556130359018
"Q.05",0.231726365435194,0.231975679273873,0.231555746187232,0.233219572974334
"Q.95",0.247177767489478,0.247247631200649,0.246551745403698,0.248074278420917
"theta0",5396.15374321161,5396.15374321161,5396.15374321161,5396.15374321161
"theta1",1700.91901993727,1700.91901993727,1700.91901993727,1700.91901993727
