"","AA","AB","BA","BB"
"EV",0.275081161204132,0.275069609356537,0.277575001082882,0.275873994592104
"STD",0.00489615422214239,0.00471217595762989,0.00523346524824466,0.00511400461251084
"Q.05",0.267058499430209,0.267347294290599,0.269001318795885,0.267495625877528
"Q.95",0.283165321523785,0.282848891714041,0.28621778350397,0.284319101673546
"theta0",4747.44351710535,4747.44351710535,4747.44351710535,4747.44351710535
"theta1",1808.96140386567,1808.96140386567,1808.96140386567,1808.96140386567
