"","AA","AB","BA","BB"
"EV",0.276339890762156,0.273848966380741,0.275200654297635,0.276586861392275
"STD",0.00496901092635471,0.00500822326556635,0.00492390285686316,0.00497038252105718
"Q.05",0.268198046536714,0.265643663260842,0.267132675389548,0.268442726097006
"Q.95",0.284544545369216,0.282119149482536,0.283330781136747,0.284793737713652
"theta0",4767.29285254243,4767.29285254243,4767.29285254243,4767.29285254243
"theta1",1812.83605871463,1812.83605871463,1812.83605871463,1812.83605871463
