"","AA","AB","BA","BB"
"EV",0.274446445693988,0.275537825888514,0.27799088086641,0.27759938709023
"STD",0.00490778600789323,0.00492576567226311,0.00551287483793323,0.00572096152837297
"Q.05",0.266404930551886,0.267466735804158,0.268961300269507,0.268230591980597
"Q.95",0.282550015347057,0.283670970527612,0.28709692478509,0.287050744985397
"theta0",4195.5349387729,4195.5349387729,4195.5349387729,4195.5349387729
"theta1",1602.61564815311,1602.61564815311,1602.61564815311,1602.61564815311
