"","AA","AB","BA","BB"
"EV",0.236900022991651,0.232191995545967,0.242739201867484,0.242462068093926
"STD",0.0073223307132501,0.00669054648362558,0.00662450597988056,0.00592689965922182
"Q.05",0.224945014073143,0.221263838386459,0.231912973284426,0.232769389636906
"Q.95",0.249032557998015,0.24327312290724,0.253705147159702,0.252266786041706
"theta0",2044.1747983285,2044.1747983285,2044.1747983285,2044.1747983285
"theta1",640.516953507785,640.516953507785,640.516953507785,640.516953507785
