"","AA","AB","BA","BB"
"EV",0.238436998219203,0.235056689970278,0.243784284142745,0.236380746307051
"STD",0.00609863495483697,0.00649432261648361,0.005569029956263,0.00605941069738375
"Q.05",0.228466789273162,0.224445449334447,0.234673215655729,0.226475114736362
"Q.95",0.248529076204203,0.245809304306999,0.252993396826695,0.246408355218018
"theta0",2660.32967293231,2660.32967293231,2660.32967293231,2660.32967293231
"theta1",832.855027794897,832.855027794897,832.855027794897,832.855027794897
