"","AA","AB","BA","BB"
"EV",0.415285442048847,0.416163796687382,0.416417524821363,0.415011681319263
"STD",0.00490153749773374,0.00513931601578007,0.00555928720321745,0.00562238679533265
"Q.05",0.407232614561457,0.407720683261273,0.407285330177347,0.405776191473473
"Q.95",0.423357332899554,0.424627638279232,0.425573896802139,0.424272341060909
"theta0",4209.17552597088,4209.17552597088,4209.17552597088,4209.17552597088
"theta1",2994.9103335581,2994.9103335581,2994.9103335581,2994.9103335581
