"","AA","AB","BA","BB"
"EV",0.239117328990907,0.240627032217333,0.240598384456014,0.240720749901812
"STD",0.00419432230977512,0.00490981078015023,0.0048164699797877,0.0051160650406991
"Q.05",0.232247038918327,0.232590135321964,0.232713554852842,0.232347921345686
"Q.95",0.246044991446919,0.248741757830997,0.248558125513228,0.249178031866093
"theta0",5080.29874837327,5080.29874837327,5080.29874837327,5080.29874837327
"theta1",1606.71577090633,1606.71577090633,1606.71577090633,1606.71577090633
