"","AA","AB","BA","BB"
"EV",0.2757194432878,0.276736228731496,0.276884044686699,0.273497374646082
"STD",0.0052612980086179,0.00499716944559528,0.00526341703615465,0.004959805550044
"Q.05",0.267100790218117,0.26854834073387,0.268261657319464,0.26537116130816
"Q.95",0.28440880852863,0.284987472435388,0.285576650491509,0.281687369307139
"theta0",4436.38337778503,4436.38337778503,4436.38337778503,4436.38337778503
"theta1",1688.82057939504,1688.82057939504,1688.82057939504,1688.82057939504
