"","AA","AB","BA","BB"
"EV",0.24008163988118,0.241471210592457,0.237994353207573,0.245872503314167
"STD",0.00557617685773593,0.00659243547554179,0.00518623355139667,0.00653142169045075
"Q.05",0.230960187069516,0.230697650778147,0.229508086817787,0.23519600110333
"Q.95",0.249303853988869,0.252384315753781,0.246569005988983,0.256682008162821
"theta0",2871.05806913234,2871.05806913234,2871.05806913234,2871.05806913234
"theta1",913.437995570301,913.437995570301,913.437995570301,913.437995570301
