"","AA","AB","BA","BB"
"EV",0.275623085661129,0.275243854088876,0.27925871502598,0.274381685242139
"STD",0.00574434263344188,0.00520627640167575,0.00569554973813777,0.00507421055262521
"Q.05",0.266216731079334,0.266715077356878,0.269930894496938,0.26606858592908
"Q.95",0.285113790577835,0.283842092561173,0.288667459005713,0.28276114860568
"theta0",3857.20143587092,3857.20143587092,3857.20143587092,3857.20143587092
"theta1",1471.41354926496,1471.41354926496,1471.41354926496,1471.41354926496
