"","AA","AB","BA","BB"
"EV",0.239149154343114,0.241369352439715,0.240253907209698,0.242241784877782
"STD",0.00427812547444006,0.00525980192661244,0.00515766471022672,0.00551200638133257
"Q.05",0.232142176129754,0.232762319847408,0.231813481547306,0.233224010923349
"Q.95",0.246215808071988,0.250065264952409,0.248780434278513,0.251356600630353
"theta0",4447.40197459784,4447.40197459784,4447.40197459784,4447.40197459784
"theta1",1410.31376196406,1410.31376196406,1410.31376196406,1410.31376196406
