"","AA","AB","BA","BB"
"EV",0.413565682809593,0.416852336242478,0.417995960031604,0.421519067233071
"STD",0.00585502230802502,0.0060539089900077,0.00720317181192088,0.00728097192580356
"Q.05",0.403948842581572,0.406908709194953,0.406167537201634,0.40956218086711
"Q.95",0.423210312177638,0.426824477609946,0.429864168684818,0.43351476711902
"theta0",2470.24833755001,2470.24833755001,2470.24833755001,2470.24833755001
"theta1",1770.43104298858,1770.43104298858,1770.43104298858,1770.43104298858
