"","AA","AB","BA","BB"
"EV",0.240488977962312,0.236578926858274,0.240947258350989,0.235392924788213
"STD",0.00520863402139447,0.00600200141818685,0.00519775834935855,0.00596900866143195
"Q.05",0.231965504619396,0.226766487882318,0.232441355206007,0.225634573084028
"Q.95",0.24910012513284,0.246510882987329,0.249540202052619,0.245270428359723
"theta0",3338.70977286873,3338.70977286873,3338.70977286873,3338.70977286873
"theta1",1044.8709738489,1044.8709738489,1044.8709738489,1044.8709738489
