"","AA","AB","BA","BB"
"EV",0.411293622258338,0.414909696055442,0.419392744184719,0.415366375490091
"STD",0.00700322308611435,0.00649654393820697,0.00661965245995121,0.00580958383422246
"Q.05",0.399794646482111,0.404240547036603,0.408520763732613,0.405823759166575
"Q.95",0.42283347102838,0.425612495121697,0.430297720735263,0.424935747245647
"theta0",2544.7989128632,2544.7989128632,2544.7989128632,2544.7989128632
"theta1",1807.10635796153,1807.10635796153,1807.10635796153,1807.10635796153
