"","AA","AB","BA","BB"
"EV",0.24051513116208,0.238512334723803,0.237736903969207,0.23966479092243
"STD",0.0042775445565994,0.00522440609634437,0.00499155830666248,0.00539564195076231
"Q.05",0.233508826572105,0.229963779223999,0.229567650421182,0.230837199406322
"Q.95",0.247580551698818,0.247150271813395,0.245988173136867,0.24858698711833
"theta0",4591.37653809002,4591.37653809002,4591.37653809002,4591.37653809002
"theta1",1442.88492511754,1442.88492511754,1442.88492511754,1442.88492511754
