"","AA","AB","BA","BB"
"EV",0.275797539760724,0.272413334965648,0.27955945509878,0.278311389526794
"STD",0.0050444422149848,0.00617550993435018,0.0066906708142137,0.00700931552925819
"Q.05",0.267532703920349,0.262305430296797,0.268610110776251,0.266843893307002
"Q.95",0.284127343679797,0.282620850077378,0.290620255466073,0.289902245442458
"theta0",2821.66854291762,2821.66854291762,2821.66854291762,2821.66854291762
"theta1",1078.50769917874,1078.50769917874,1078.50769917874,1078.50769917874
