"","AA","AB","BA","BB"
"EV",0.239673904573089,0.239375204970643,0.240726789189571,0.23858433131421
"STD",0.00430333064991817,0.00474659804273405,0.00485655361616215,0.00504855811322238
"Q.05",0.232625714752081,0.231604522801946,0.232776623595133,0.230322027839438
"Q.95",0.246782263344884,0.24721923897,0.24875305307467,0.246930059175027
"theta0",5088.126080928,5088.126080928,5088.126080928,5088.126080928
"theta1",1603.23906242863,1603.23906242863,1603.23906242863,1603.23906242863
