"","AA","AB","BA","BB"
"EV",0.239696934859588,0.239293016551436,0.237889240648193,0.240260503078049
"STD",0.00457095255390475,0.00531021704866018,0.00497757909782718,0.00441715315883735
"Q.05",0.232212414607679,0.230604558676861,0.229742708396488,0.233026585468865
"Q.95",0.247249331338425,0.248073335070702,0.246117246398334,0.247557566583917
"theta0",4909.9040374192,4909.9040374192,4909.9040374192,4909.9040374192
"theta1",1544.49186566664,1544.49186566664,1544.49186566664,1544.49186566664
