"","AA","AB","BA","BB"
"EV",0.277411705808379,0.272945412581186,0.274424386751089,0.274716065218926
"STD",0.00489405512329885,0.00542168914415308,0.00524313321002568,0.00561569247567869
"Q.05",0.269391990531999,0.264065843448199,0.265835676110315,0.265519695838312
"Q.95",0.285491913789626,0.281901480347705,0.283083934220424,0.283993539733894
"theta0",4105.6804411074,4105.6804411074,4105.6804411074,4105.6804411074
"theta1",1556.40480150228,1556.40480150228,1556.40480150228,1556.40480150228
