"","AA","AB","BA","BB"
"EV",0.249860185646785,0.279243897751426,0.287321719282488,0.272961392366918
"STD",0.0127074761920291,0.0106016722066332,0.0100195368836257,0.00741572898791992
"Q.05",0.229205146541805,0.261946398128424,0.270959950475945,0.260835338912233
"Q.95",0.271005921235524,0.296821974210062,0.303920776077975,0.285230575216382
"theta0",466.938508227765,466.938508227765,466.938508227765,466.938508227765
"theta1",174.763312129342,174.763312129342,174.763312129342,174.763312129342
