"","AA","AB","BA","BB"
"EV",0.241355713211427,0.238245395682164,0.240132698580663,0.241127570955879
"STD",0.00486610406693402,0.00448935958664786,0.00523911292327953,0.00510306512393733
"Q.05",0.233389827118925,0.230894200838087,0.23155971578459,0.232775794769735
"Q.95",0.249397676322757,0.24566270482232,0.248794596372043,0.249563143316791
"theta0",4630.63473234544,4630.63473234544,4630.63473234544,4630.63473234544
"theta1",1464.09782597295,1464.09782597295,1464.09782597295,1464.09782597295
