"","AA","AB","BA","BB"
"EV",0.413451888479211,0.415919020800945,0.419971885739767,0.422759537305273
"STD",0.00653245684819769,0.00606740210099352,0.00802980982882686,0.00794195263606366
"Q.05",0.402724162877512,0.405953433069558,0.406787906083583,0.409718687654977
"Q.95",0.424214255908191,0.425913590238274,0.433204055933374,0.43584580444215
"theta0",2021.74998766921,2021.74998766921,2021.74998766921,2021.74998766921
"theta1",1452.22208283687,1452.22208283687,1452.22208283687,1452.22208283687
