"","AA","AB","BA","BB"
"EV",0.275144958583718,0.276027863819835,0.273475957558186,0.275667502196649
"STD",0.00503718858612976,0.00459218268609689,0.00531051205025286,0.00509224613527895
"Q.05",0.266892103332971,0.268501310324992,0.26477757045556,0.267324685108579
"Q.95",0.283462879206805,0.283608173340237,0.282247477255299,0.284076582535878
"theta0",4720.81623731774,4720.81623731774,4720.81623731774,4720.81623731774
"theta1",1791.43273222358,1791.43273222358,1791.43273222358,1791.43273222358
