"","AA","AB","BA","BB"
"EV",0.413491340223462,0.416371335591895,0.413492135126972,0.417091425687236
"STD",0.00584790644626164,0.00509462333922831,0.00637650040073019,0.00614405380529112
"Q.05",0.403886183766412,0.408001530273379,0.403020117271454,0.406999902656331
"Q.95",0.423124243615002,0.424761456740189,0.423997143753699,0.427212229504294
"theta0",3337.65792170122,3337.65792170122,3337.65792170122,3337.65792170122
"theta1",2368.87322797641,2368.87322797641,2368.87322797641,2368.87322797641
