"","AA","AB","BA","BB"
"EV",0.238598206117717,0.238446202342599,0.240690796248552,0.240901500287394
"STD",0.00465700284794267,0.00505030415153654,0.00462588405135662,0.00502067279210033
"Q.05",0.230973703457131,0.230181094907474,0.233116513257718,0.232683961332417
"Q.95",0.246293685781498,0.246794869233559,0.248334135819236,0.249200273659589
"theta0",4801.20105479523,4801.20105479523,4801.20105479523,4801.20105479523
"theta1",1513.40444815317,1513.40444815317,1513.40444815317,1513.40444815317
