"","AA","AB","BA","BB"
"EV",0.276825054587519,0.276331607875745,0.273558059783352,0.273490326154772
"STD",0.00480331436455416,0.00555305536038526,0.00516474326268284,0.00565877971158485
"Q.05",0.268953596568243,0.267236934775563,0.265097436647059,0.264224053192867
"Q.95",0.284755012437962,0.285504732159378,0.282087816965578,0.282839632813549
"theta0",4129.2245929379,4129.2245929379,4129.2245929379,4129.2245929379
"theta1",1566.71838979256,1566.71838979256,1566.71838979256,1566.71838979256
