"","AA","AB","BA","BB"
"EV",0.238982269519365,0.24108208169033,0.237739360087914,0.240482770392448
"STD",0.00497985551045982,0.00486106959451519,0.00489964198839155,0.00478097669593338
"Q.05",0.230831729944407,0.23312446774011,0.229719791536173,0.232655798511367
"Q.95",0.247213761725415,0.249115754448004,0.245837949660693,0.248383610683352
"theta0",4673.36395912018,4673.36395912018,4673.36395912018,4673.36395912018
"theta1",1472.40075267674,1472.40075267674,1472.40075267674,1472.40075267674
