"","AA","AB","BA","BB"
"EV",0.414675497481978,0.413729530041791,0.417540751221842,0.41303785926455
"STD",0.00551348460714154,0.00618065281997913,0.00537639879389617,0.00616458027904594
"Q.05",0.405618707823861,0.403578618806682,0.408708444599417,0.402913436703638
"Q.95",0.423756592718705,0.423911345849307,0.426395349309948,0.423193287644795
"theta0",3378.99219757766,3378.99219757766,3378.99219757766,3378.99219757766
"theta1",2394.60011314024,2394.60011314024,2394.60011314024,2394.60011314024
