"","AA","AB","BA","BB"
"EV",0.27714209679812,0.278528875510764,0.273808989010515,0.276918745611275
"STD",0.00517769456687264,0.00592002893832083,0.00486739057242989,0.00588133559901984
"Q.05",0.268659514011059,0.268835297222271,0.26583354001349,0.267288713426615
"Q.95",0.2856925113914,0.288310313510897,0.281845736177226,0.286636435195646
"theta0",3862.0399484145,3862.0399484145,3862.0399484145,3862.0399484145
"theta1",1476.74658734963,1476.74658734963,1476.74658734963,1476.74658734963
