"","AA","AB","BA","BB"
"EV",0.240547673250669,0.239170899133465,0.237703221180698,0.23922918051618
"STD",0.00452159853546625,0.00543488803057899,0.00521391564878687,0.00451968247881457
"Q.05",0.233143411028795,0.23027960822612,0.229171985244991,0.231828336860016
"Q.95",0.24801797628372,0.248158494455156,0.246323964390408,0.246696594317547
"theta0",4686.30836421477,4686.30836421477,4686.30836421477,4686.30836421477
"theta1",1473.16734311211,1473.16734311211,1473.16734311211,1473.16734311211
