"","AA","AB","BA","BB"
"EV",0.415311164878894,0.415165974768008,0.416244784180102,0.413130266608315
"STD",0.00553517882304868,0.00606366284764159,0.00491569166286144,0.00591633318008707
"Q.05",0.406218689572361,0.405206657484078,0.408168614786838,0.403412945107083
"Q.95",0.424427944122683,0.425154512587807,0.424339897470454,0.422876114228037
"theta0",3726.45656982166,3726.45656982166,3726.45656982166,3726.45656982166
"theta1",2643.19718017159,2643.19718017159,2643.19718017159,2643.19718017159
