"","AA","AB","BA","BB"
"EV",0.261779030739891,0.26923379164066,0.280711647749304,0.283883566640085
"STD",0.00838083066216396,0.0108464941873478,0.00677927785553663,0.00985462708773167
"Q.05",0.248092625468991,0.251550528050869,0.269617602311079,0.267791897687029
"Q.95",0.275662436587514,0.287231127262926,0.291919238093498,0.300210174553396
"theta0",885.371938546208,885.371938546208,885.371938546208,885.371938546208
"theta1",333.986047872373,333.986047872373,333.986047872373,333.986047872373
