"","AA","AB","BA","BB"
"EV",0.241826057118152,0.241521486194564,0.235968582183829,0.23886028688229
"STD",0.0049999776859329,0.00599626883652425,0.00534782956814069,0.00609877181807575
"Q.05",0.233641972266859,0.231716397279113,0.227219974194015,0.228889680987761
"Q.95",0.25009021101698,0.251441977198434,0.244812458205052,0.248952421943388
"theta0",3343.62437198269,3343.62437198269,3343.62437198269,3343.62437198269
"theta1",1053.2896963251,1053.2896963251,1053.2896963251,1053.2896963251
