"","AA","AB","BA","BB"
"EV",0.277141529872779,0.277350731796257,0.275035908480693,0.27483838339491
"STD",0.00540565618807039,0.00522133603355052,0.00505864369635363,0.00464108523959823
"Q.05",0.26828704365175,0.268796892130428,0.266748065293833,0.267232190355616
"Q.95",0.286069953939745,0.28597345525059,0.283389420576308,0.282499923230416
"theta0",4564.04914915172,4564.04914915172,4564.04914915172,4564.04914915172
"theta1",1740.74934035017,1740.74934035017,1740.74934035017,1740.74934035017
