"","AA","AB","BA","BB"
"EV",0.241959746115461,0.238305054496016,0.239866149758871,0.238099189180084
"STD",0.00495333661726693,0.00503132911184151,0.00495994357180855,0.00505136710883702
"Q.05",0.233851596888651,0.230070883026713,0.231747798695886,0.229832449268218
"Q.95",0.250146407008901,0.246622237095017,0.248064333072469,0.24644971846989
"theta0",4397.96479839131,4397.96479839131,4397.96479839131,4397.96479839131
"theta1",1385.52586270005,1385.52586270005,1385.52586270005,1385.52586270005
