"","AA","AB","BA","BB"
"EV",0.237411132557578,0.242099770996311,0.241215065319287,0.239297214177366
"STD",0.00494969853575056,0.00565841382836021,0.00483518754204672,0.00559317936790422
"Q.05",0.229310133149847,0.23284385196685,0.233299584172739,0.230148373731088
"Q.95",0.245592953941219,0.251458053972622,0.249205730405952,0.248547965600468
"theta0",3939.63425244661,3939.63425244661,3939.63425244661,3939.63425244661
"theta1",1244.18886445005,1244.18886445005,1244.18886445005,1244.18886445005
