"","AA","AB","BA","BB"
"EV",0.275507708091607,0.27328307863564,0.279110702547805,0.276566951657298
"STD",0.00493535992906365,0.00560808671467873,0.00595303753003632,0.00621692095570743
"Q.05",0.267420964470621,0.264099502629066,0.269363147775442,0.26639020693634
"Q.95",0.283656760862667,0.282548320205673,0.288946753020576,0.286841876978853
"theta0",3498.22878474205,3498.22878474205,3498.22878474205,3498.22878474205
"theta1",1334.41088684833,1334.41088684833,1334.41088684833,1334.41088684833
