"","AA","AB","BA","BB"
"EV",0.237802747002265,0.240875302589967,0.238183900490075,0.23968028927986
"STD",0.00494149374778993,0.0045030047281972,0.0052166295801585,0.00498142815466695
"Q.05",0.229715002161568,0.233501280026906,0.229648101796428,0.231526997938191
"Q.95",0.245970834691884,0.248314680344695,0.246809011286741,0.247914206428479
"theta0",4644.87540068527,4644.87540068527,4644.87540068527,4644.87540068527
"theta1",1459.92437415869,1459.92437415869,1459.92437415869,1459.92437415869
