"","AA","AB","BA","BB"
"EV",0.411068543257658,0.413883318472047,0.425587056573719,0.404598305843844
"STD",0.00787634266553096,0.00969967902108139,0.0079888683487898,0.00969416458366011
"Q.05",0.398138842138078,0.397966400830399,0.41246842036251,0.388694821577665
"Q.95",0.42405008828936,0.429876233710683,0.438749888685527,0.420586474592625
"theta0",1002.64664765643,1002.64664765643,1002.64664765643,1002.64664765643
"theta1",707.735459466525,707.735459466525,707.735459466525,707.735459466525
