"","AA","AB","BA","BB"
"EV",0.239292728038223,0.238049503221478,0.238792947671994,0.241988626385177
"STD",0.00506633498686754,0.00510465060190178,0.00484770661921422,0.00490092815896158
"Q.05",0.231001279059037,0.229696026835474,0.230857693584354,0.233965844048301
"Q.95",0.247667792129447,0.246488574873093,0.246805011570923,0.250088252638977
"theta0",4447.05772438905,4447.05772438905,4447.05772438905,4447.05772438905
"theta1",1400.78776007489,1400.78776007489,1400.78776007489,1400.78776007489
