"","AA","AB","BA","BB"
"EV",0.405988285188322,0.406130641136279,0.423678240623744,0.408424514710433
"STD",0.00910405628884228,0.0104952403038096,0.00710157251450909,0.00901854079160368
"Q.05",0.391049914373574,0.388915844048679,0.412014972775899,0.393625120166162
"Q.95",0.42100017059902,0.42344299499452,0.435377367248164,0.423294047583679
"theta0",1012.76378750831,1012.76378750831,1012.76378750831,1012.76378750831
"theta1",706.872093614116,706.872093614116,706.872093614116,706.872093614116
