"","AA","AB","BA","BB"
"EV",0.239784948437009,0.239648895866903,0.241420818666571,0.238855438167017
"STD",0.00470384732632526,0.00435590506169603,0.00520894411279228,0.00508336660572398
"Q.05",0.232083824874598,0.232514976507952,0.232896565377295,0.230536382192761
"Q.95",0.247557910778722,0.246844473896483,0.250032211013077,0.24725891954662
"theta0",4863.32631374758,4863.32631374758,4863.32631374758,4863.32631374758
"theta1",1535.24580597345,1535.24580597345,1535.24580597345,1535.24580597345
