"","AA","AB","BA","BB"
"EV",0.415026177158553,0.416542321282165,0.414068163731611,0.417376677917507
"STD",0.00538432319377874,0.00553486066076191,0.00548057035008866,0.00551286216558288
"Q.05",0.406181230322918,0.407450180659644,0.405065460577733,0.408320501853587
"Q.95",0.423894202970519,0.425658389369871,0.423095064394067,0.426456340879977
"theta0",3849.17446574523,3849.17446574523,3849.17446574523,3849.17446574523
"theta1",2739.14802234984,2739.14802234984,2739.14802234984,2739.14802234984
