"","AA","AB","BA","BB"
"EV",0.274393235924866,0.275494737259541,0.278489834529119,0.271975267240236
"STD",0.0055684951939117,0.00588103705769426,0.00541288582320028,0.00576052034449055
"Q.05",0.265273905475681,0.265865615711033,0.269623219201508,0.262543598630238
"Q.95",0.283592486295491,0.285212348529279,0.28742991736448,0.281493859775284
"theta0",3440.35632899811,3440.35632899811,3440.35632899811,3440.35632899811
"theta1",1305.58979007604,1305.58979007604,1305.58979007604,1305.58979007604
