"","AA","AB","BA","BB"
"EV",0.417023274471154,0.417461981519789,0.416205525873835,0.411776983360668
"STD",0.00598154353105749,0.00632131063398804,0.00573136624999121,0.00612381071318662
"Q.05",0.40719831200492,0.40707967237923,0.406791074388458,0.401719654764203
"Q.95",0.426876013013387,0.427875139448004,0.425645743861526,0.421865380862923
"theta0",3024.70295670081,3024.70295670081,3024.70295670081,3024.70295670081
"theta1",2151.2268577491,2151.2268577491,2151.2268577491,2151.2268577491
