"","AA","AB","BA","BB"
"EV",0.273851081191808,0.27586532626474,0.27649861640413,0.27691749948733
"STD",0.0048041413963041,0.00569602153572761,0.005676600040993,0.00472414370666004
"Q.05",0.26597886605295,0.266537676411337,0.267202453761261,0.26917528951247
"Q.95",0.281782994673594,0.285275778371883,0.285876668877283,0.284716261326484
"theta0",4330.81474771289,4330.81474771289,4330.81474771289,4330.81474771289
"theta1",1649.24283301089,1649.24283301089,1649.24283301089,1649.24283301089
