"","AA","AB","BA","BB"
"EV",0.414837346884375,0.414515778961797,0.417379270275455,0.419560298840753
"STD",0.00532829392390892,0.00618595751187495,0.00613006085226969,0.00649649279140634
"Q.05",0.406084349652131,0.404356018591359,0.407310644044438,0.408890261314848
"Q.95",0.423612998409447,0.424706197776176,0.427476937152444,0.430262046194925
"theta0",3077.69360569163,3077.69360569163,3077.69360569163,3077.69360569163
"theta1",2197.54237007582,2197.54237007582,2197.54237007582,2197.54237007582
