"","AA","AB","BA","BB"
"EV",0.276093692609637,0.274144073789781,0.277763401305797,0.278237538760048
"STD",0.00512572446296202,0.00485294394089692,0.00574496748027722,0.00568427802697279
"Q.05",0.267696150252631,0.266192136508856,0.268355421848177,0.268928377850025
"Q.95",0.284558180922977,0.282156809252315,0.287254546412837,0.287627858184103
"theta0",4036.220512821,4036.220512821,4036.220512821,4036.220512821
"theta1",1543.04076244069,1543.04076244069,1543.04076244069,1543.04076244069
