"","AA","AB","BA","BB"
"EV",0.240899629061846,0.238110617364015,0.237942172677171,0.243244264366163
"STD",0.00546534977944462,0.00485607128563247,0.00594000405665808,0.0056496423903376
"Q.05",0.231958211004353,0.230161916118309,0.228229936349611,0.234002220848253
"Q.95",0.249937313306689,0.246136747167514,0.247770403138178,0.252587576626156
"theta0",3550.51849567481,3550.51849567481,3550.51849567481,3550.51849567481
"theta1",1121.56729688288,1121.56729688288,1121.56729688288,1121.56729688288
