"","AA","AB","BA","BB"
"EV",0.273170813993775,0.274518881967815,0.276269773545061,0.276938681088038
"STD",0.00532931555727167,0.00586451029412698,0.00462563322444416,0.00571368551031983
"Q.05",0.264441833865892,0.2649169865339,0.268688548185951,0.267581933220016
"Q.95",0.281973596248261,0.28420934772783,0.283905452624164,0.286378147894428
"theta0",4027.35443219302,4027.35443219302,4027.35443219302,4027.35443219302
"theta1",1529.39574571124,1529.39574571124,1529.39574571124,1529.39574571124
