"","AA","AB","BA","BB"
"EV",0.414032434291318,0.41601407092206,0.417984655893449,0.412619809792297
"STD",0.00611320378090609,0.00634958172265107,0.0054648531660357,0.00589899461935441
"Q.05",0.403992077945366,0.405585686370903,0.409007155863072,0.40293101369058
"Q.95",0.424102911579588,0.426474158332976,0.426985056196502,0.422337142134399
"theta0",3157.44263234953,3157.44263234953,3157.44263234953,3157.44263234953
"theta1",2241.43306611949,2241.43306611949,2241.43306611949,2241.43306611949
