"","AA","AB","BA","BB"
"EV",0.239124565708348,0.239395981090837,0.240200766551712,0.240130025756274
"STD",0.00455463937472183,0.00474843050411218,0.00497065998234934,0.00430040056690745
"Q.05",0.231666765973846,0.231622308084332,0.232064871468121,0.233086522029587
"Q.95",0.246650016907432,0.247243052367317,0.248416659816333,0.247233433226898
"theta0",5334.58027263962,5334.58027263962,5334.58027263962,5334.58027263962
"theta1",1682.02901150234,1682.02901150234,1682.02901150234,1682.02901150234
