"","AA","AB","BA","BB"
"EV",0.27406856607026,0.275267714170957,0.274289399280739,0.278711001290276
"STD",0.00536999807350169,0.00501336558627558,0.00576834547075342,0.00555473935461173
"Q.05",0.265273010021142,0.267053709819897,0.264844302656263,0.269612955295369
"Q.95",0.282938606475801,0.28354611678221,0.283820316458145,0.287886301903482
"theta0",3857.71057685262,3857.71057685262,3857.71057685262,3857.71057685262
"theta1",1467.61389677431,1467.61389677431,1467.61389677431,1467.61389677431
