"","AA","AB","BA","BB"
"EV",0.240868906380841,0.238215660558948,0.240540996710459,0.240267119260755
"STD",0.00451198171623652,0.00455618142807265,0.00523662261539742,0.00525791929089265
"Q.05",0.233480250343266,0.230755555942194,0.231971945250874,0.231663483332463
"Q.95",0.248323181299977,0.245743876184681,0.249198636107832,0.248960229233375
"theta0",4741.59633945015,4741.59633945015,4741.59633945015,4741.59633945015
"theta1",1497.19287700421,1497.19287700421,1497.19287700421,1497.19287700421
