"","AA","AB","BA","BB"
"EV",0.404495243309889,0.419900195164627,0.423463655433602,0.41644864749621
"STD",0.00819791278695815,0.00825534176825706,0.00864041002014997,0.00872383218486522
"Q.05",0.391040978497377,0.406346627249542,0.40927779980328,0.402128717002633
"Q.95",0.418010128704091,0.433504747884759,0.437702758533695,0.430828108241517
"theta0",1107.8118117287,1107.8118117287,1107.8118117287,1107.8118117287
"theta1",789.386790392783,789.386790392783,789.386790392783,789.386790392783
