"","AA","AB","BA","BB"
"EV",0.27069916422661,0.280306965213946,0.278685998668669,0.276224346528237
"STD",0.00596901553944763,0.00745687583749605,0.00578676116460568,0.00748025512205564
"Q.05",0.26092816803681,0.268110514357274,0.269209620830238,0.263991821613337
"Q.95",0.280564291954749,0.292641177811689,0.288246235497967,0.288599354058041
"theta0",2299.32716035351,2299.32716035351,2299.32716035351,2299.32716035351
"theta1",878.673566601546,878.673566601546,878.673566601546,878.673566601546
