"","AA","AB","BA","BB"
"EV",0.232172452295634,0.243620893922208,0.238237246933651,0.245192956943278
"STD",0.00641808924499173,0.00712701921064144,0.00782120563932415,0.00656527969596212
"Q.05",0.221686313807129,0.231978691105044,0.225473342862571,0.23446176741247
"Q.95",0.242799370380365,0.255423872694346,0.251201894226528,0.256059143309455
"theta0",1745.20327038856,1745.20327038856,1745.20327038856,1745.20327038856
"theta1",550.55379937432,550.55379937432,550.55379937432,550.55379937432
