"","AA","AB","BA","BB"
"EV",0.274231274367209,0.275882964103589,0.277835194851278,0.277989628562494
"STD",0.00487994490509944,0.00502813914592698,0.00563283557881792,0.00570229086773644
"Q.05",0.266235246426741,0.267644715668013,0.26861002482557,0.268651166036196
"Q.95",0.282288743136604,0.284185724313031,0.287140276412607,0.287409901036937
"theta0",4110.01218039813,4110.01218039813,4110.01218039813,4110.01218039813
"theta1",1570.66118701668,1570.66118701668,1570.66118701668,1570.66118701668
