"","AA","AB","BA","BB"
"EV",0.237453258583143,0.252933130535998,0.239933608136154,0.241247530172551
"STD",0.00564275182476233,0.00895231693951952,0.00777762512412079,0.00975206189741048
"Q.05",0.228224442418175,0.238327607570718,0.227239126108213,0.225360632408791
"Q.95",0.246787091065737,0.267777100888086,0.25282435724743,0.257440374513059
"theta0",1315.63582967283,1315.63582967283,1315.63582967283,1315.63582967283
"theta1",422.095410378056,422.095410378056,422.095410378056,422.095410378056
