"","AA","AB","BA","BB"
"EV",0.274402802243164,0.277441518438835,0.275601413306876,0.274451794865746
"STD",0.00535549146130397,0.00499306043365897,0.00525049007007047,0.00477102225571828
"Q.05",0.265630822495654,0.269260186577065,0.267000420310071,0.266633525729268
"Q.95",0.28324869870326,0.285685803116578,0.284272883948196,0.28232870551373
"theta0",4517.38020759245,4517.38020759245,4517.38020759245,4517.38020759245
"theta1",1717.63365404081,1717.63365404081,1717.63365404081,1717.63365404081
