"","AA","AB","BA","BB"
"EV",0.414553586648818,0.416254543993141,0.416396657066047,0.418524622730342
"STD",0.00515876016581052,0.00553490365424518,0.00582270457702332,0.00597855665909144
"Q.05",0.406078781375848,0.407162376566392,0.406832345541508,0.408704294003066
"Q.95",0.423049702304454,0.425370726519835,0.425987498918672,0.428372170079216
"theta0",3646.46840047251,3646.46840047251,3646.46840047251,3646.46840047251
"theta1",2602.16018572776,2602.16018572776,2602.16018572776,2602.16018572776
