"","AA","AB","BA","BB"
"EV",0.419322197409442,0.412609312932737,0.416824235045706,0.417449982423032
"STD",0.00633166394320906,0.00569732663792236,0.00661172441662691,0.00614571695838249
"Q.05",0.408922540108903,0.403251281834012,0.405965811280581,0.407355664527586
"Q.95",0.429752069385876,0.421993965500843,0.427716683580866,0.427573463145257
"theta0",2845.23359476867,2845.23359476867,2845.23359476867,2845.23359476867
"theta1",2031.38288727561,2031.38288727561,2031.38288727561,2031.38288727561
