"","AA","AB","BA","BB"
"EV",0.241444053055715,0.239065153709431,0.239135199196758,0.239205694390459
"STD",0.00476998470525389,0.00446285428026751,0.00503031583025847,0.0048686529096597
"Q.05",0.233634753232208,0.231756984954047,0.230902445307972,0.231236212855201
"Q.95",0.249326410367091,0.246438300212319,0.247450470317398,0.247252437052875
"theta0",4945.25515086893,4945.25515086893,4945.25515086893,4945.25515086893
"theta1",1559.26806678288,1559.26806678288,1559.26806678288,1559.26806678288
