"","AA","AB","BA","BB"
"EV",0.273786278752678,0.279659401831695,0.274866845853373,0.276254231521009
"STD",0.00581528230644362,0.00609462541287614,0.00512635712945285,0.00557563113727536
"Q.05",0.264264829551954,0.26968091922096,0.266468549629331,0.267122765716794
"Q.95",0.283395245593878,0.289730299327542,0.283332657597681,0.28546482889738
"theta0",3489.98964225524,3489.98964225524,3489.98964225524,3489.98964225524
"theta1",1331.43087963046,1331.43087963046,1331.43087963046,1331.43087963046
