"","AA","AB","BA","BB"
"EV",0.275030133284271,0.276455410981731,0.274810212367403,0.279453762520819
"STD",0.00516784665126119,0.00586913063113521,0.00502105103872511,0.00584451432929467
"Q.05",0.2665641051282,0.266845408963512,0.266583765494504,0.269883010602797
"Q.95",0.283564699416457,0.286152978693416,0.283101453500245,0.289109615668905
"theta0",3805.8129775057,3805.8129775057,3805.8129775057,3805.8129775057
"theta1",1454.06691056798,1454.06691056798,1454.06691056798,1454.06691056798
