"","AA","AB","BA","BB"
"EV",0.238222503281487,0.239844046133825,0.238389929619584,0.241739585975709
"STD",0.00497161579631787,0.00484993902551839,0.00501778233946472,0.00489402900374381
"Q.05",0.230085590241853,0.231904883465386,0.230177792666773,0.233728107615496
"Q.95",0.246440513230177,0.247859549830404,0.246684584228536,0.249827819785889
"theta0",4548.22694959432,4548.22694959432,4548.22694959432,4548.22694959432
"theta1",1432.79713379459,1432.79713379459,1432.79713379459,1432.79713379459
