"","AA","AB","BA","BB"
"EV",0.275144717871776,0.276804636565345,0.275189269744221,0.275283291506577
"STD",0.00520055239664032,0.00501416467912538,0.00498820641187748,0.00445917826580916
"Q.05",0.26662530296862,0.268588995510996,0.267016342272268,0.26797410070033
"Q.95",0.28373348790029,0.28508403580659,0.283425984154419,0.282643422757293
"theta0",4953.48601778512,4953.48601778512,4953.48601778512,4953.48601778512
"theta1",1884.69060044045,1884.69060044045,1884.69060044045,1884.69060044045
