"","AA","AB","BA","BB"
"EV",0.277192941670068,0.276299531972666,0.273114898960429,0.274066335260851
"STD",0.00537686271591166,0.00495197501031694,0.00555985144342992,0.00527308771930108
"Q.05",0.26838540999012,0.268185502353408,0.264010007061111,0.265428847430628
"Q.95",0.286073600217907,0.284475958841982,0.282300147741847,0.282775643843061
"theta0",4100.4849105097,4100.4849105097,4100.4849105097,4100.4849105097
"theta1",1556.72925914984,1556.72925914984,1556.72925914984,1556.72925914984
