"","AA","AB","BA","BB"
"EV",0.418148732566599,0.416423840002417,0.411739878834927,0.416318195066291
"STD",0.00672080497780014,0.00606917289716181,0.00635762725590409,0.00561531918528102
"Q.05",0.407111151223338,0.406455255651977,0.401299162187983,0.407094094386045
"Q.95",0.429220880015633,0.426421238834413,0.422214097806947,0.425566994006506
"theta0",2870.5132266288,2870.5132266288,2870.5132266288,2870.5132266288
"theta1",2041.90638490013,2041.90638490013,2041.90638490013,2041.90638490013
