"","AA","AB","BA","BB"
"EV",0.412208536725069,0.414512373673804,0.417808900604217,0.415091092709776
"STD",0.00596563934558859,0.0063582796904365,0.00541156534727359,0.00607989066937754
"Q.05",0.402410514525813,0.404070027246826,0.408918856362207,0.405105174406463
"Q.95",0.422035889822158,0.424987112250706,0.426721451404968,0.425106415667746
"theta0",3167.15841131859,3167.15841131859,3167.15841131859,3167.15841131859
"theta1",2245.94693353583,2245.94693353583,2245.94693353583,2245.94693353583
