"","AA","AB","BA","BB"
"EV",0.414759512773106,0.411175155938101,0.415031323868974,0.420228564434261
"STD",0.00692333913727314,0.0064547366276739,0.00673953815465248,0.00629048637416126
"Q.05",0.403390644791227,0.400575337629874,0.403963727151563,0.409896267563378
"Q.95",0.426166670235588,0.421809743440221,0.42613508086637,0.430590331515903
"theta0",2389.11223523278,2389.11223523278,2389.11223523278,2389.11223523278
"theta1",1696.95551196496,1696.95551196496,1696.95551196496,1696.95551196496
