"","AA","AB","BA","BB"
"EV",0.239561259198489,0.240921304011474,0.237681399513162,0.240675470272494
"STD",0.00458851404403737,0.00487648038851586,0.00501286623710216,0.00517750082293976
"Q.05",0.232048146580316,0.232938625677122,0.229477465569301,0.232202627020504
"Q.95",0.247142832886949,0.248980606673313,0.245968081732002,0.249234834072392
"theta0",4625.86126758767,4625.86126758767,4625.86126758767,4625.86126758767
"theta1",1458.54076468317,1458.54076468317,1458.54076468317,1458.54076468317
