"","AA","AB","BA","BB"
"EV",0.276763394525065,0.273303269836795,0.274917974535226,0.274772379458002
"STD",0.00461782157125156,0.00513581119746053,0.00533570944849233,0.00554641007339692
"Q.05",0.26919483581687,0.264889907277388,0.266178132678045,0.26568895720643
"Q.95",0.284386043727591,0.281785110614353,0.283730935104169,0.283934887649868
"theta0",4416.11015668475,4416.11015668475,4416.11015668475,4416.11015668475
"theta1",1674.62904027851,1674.62904027851,1674.62904027851,1674.62904027851
