"","AA","AB","BA","BB"
"EV",0.416379523448614,0.417506747890201,0.414399711295376,0.417138260855438
"STD",0.00545417496227791,0.00584072802338335,0.00507641566694962,0.00566583585219827
"Q.05",0.407419779637048,0.407912684300823,0.406060035510426,0.407831158438153
"Q.95",0.425362549993409,0.427127131909591,0.422760061870466,0.426470247601919
"theta0",3830.93364799609,3830.93364799609,3830.93364799609,3830.93364799609
"theta1",2732.93201046042,2732.93201046042,2732.93201046042,2732.93201046042
