"","AA","AB","BA","BB"
"EV",0.275656306253054,0.275996199633279,0.274647532805803,0.277279465070483
"STD",0.00459914845902986,0.00520570459149367,0.0048740836779052,0.00532294185342635
"Q.05",0.268118444551213,0.267468179816371,0.266660985866242,0.268559872841688
"Q.95",0.2832482217241,0.284593316501754,0.282695202359277,0.286070682922418
"theta0",4749.85599078277,4749.85599078277,4749.85599078277,4749.85599078277
"theta1",1809.83457807758,1809.83457807758,1809.83457807758,1809.83457807758
