"","AA","AB","BA","BB"
"EV",0.238223651141041,0.23641242639913,0.240979011950467,0.24084865363022
"STD",0.00509584906234546,0.00571689719999835,0.00484484863395066,0.00557706670525323
"Q.05",0.229884453603987,0.227063430148157,0.233047850930477,0.231725492582082
"Q.95",0.24664804940844,0.245869973348713,0.248985777065194,0.250072091832062
"theta0",3832.85438229021,3832.85438229021,3832.85438229021,3832.85438229021
"theta1",1204.56966974704,1204.56966974704,1204.56966974704,1204.56966974704
