"","AA","AB","BA","BB"
"EV",0.240738788019355,0.238604729863964,0.240699759407208,0.240662777998357
"STD",0.00472165554179325,0.00438464060785119,0.00504884452373666,0.00491338139368737
"Q.05",0.233008413819601,0.231424175522352,0.232436397234128,0.232620055428964
"Q.95",0.248541085213373,0.245848197883402,0.249045381393023,0.248783423899475
"theta0",5006.24847809349,5006.24847809349,5006.24847809349,5006.24847809349
"theta1",1582.52111671646,1582.52111671646,1582.52111671646,1582.52111671646
