"","AA","AB","BA","BB"
"EV",0.27445500431216,0.27534396663644,0.278439688629994,0.277255507288771
"STD",0.00523297481423939,0.00475314051078272,0.00580031420231553,0.00560926294380117
"Q.05",0.265882857982689,0.267554715829223,0.26894128552774,0.268068931910149
"Q.95",0.283097698720015,0.283191073188138,0.288022483662467,0.286521635655976
"theta0",4054.24748551704,4054.24748551704,4054.24748551704,4054.24748551704
"theta1",1548.49039686051,1548.49039686051,1548.49039686051,1548.49039686051
