"","AA","AB","BA","BB"
"EV",0.275062057670495,0.275101887461119,0.277380515124011,0.275636553244873
"STD",0.00476749894685369,0.00476608361316418,0.00511370279398045,0.00513499594005246
"Q.05",0.267249420193725,0.26729155282077,0.269002300965757,0.26722398604867
"Q.95",0.282933011111709,0.282970487884578,0.285824788630038,0.284116515135506
"theta0",4844.18751582356,4844.18751582356,4844.18751582356,4844.18751582356
"theta1",1844.8564682298,1844.8564682298,1844.8564682298,1844.8564682298
