"","AA","AB","BA","BB"
"EV",0.272970356868663,0.279328015097471,0.276749066025322,0.277550704866934
"STD",0.00528248264078847,0.0062093969569936,0.00535270667537706,0.00619664509100851
"Q.05",0.264317811589839,0.269162619643271,0.267981047777372,0.267406666606127
"Q.95",0.281695509944863,0.289589553891174,0.285589771639162,0.287791642229173
"theta0",3346.90423406847,3346.90423406847,3346.90423406847,3346.90423406847
"theta1",1280.09087171779,1280.09087171779,1280.09087171779,1280.09087171779
