"","AA","AB","BA","BB"
"EV",0.413695851751097,0.416480527493775,0.414556844863184,0.415591864373562
"STD",0.00554766248137347,0.00486616475778696,0.00603076254277059,0.00583722297007192
"Q.05",0.404583144642017,0.408485606433826,0.404651597331417,0.406003874016721
"Q.95",0.422833466560531,0.42449395733162,0.424491216611545,0.42520678920832
"theta0",3789.10588207771,3789.10588207771,3789.10588207771,3789.10588207771
"theta1",2688.9439109801,2688.9439109801,2688.9439109801,2688.9439109801
