"","AA","AB","BA","BB"
"EV",0.277199760350133,0.277049169543971,0.279847348474078,0.270412421589951
"STD",0.00653410924951414,0.00622313300740291,0.00645425121025531,0.00598603331612839
"Q.05",0.266506208533219,0.266862145072358,0.269282898168854,0.260613794882469
"Q.95",0.288001310337219,0.287334253136771,0.290515314189246,0.280305899104512
"theta0",2565.28344457472,2565.28344457472,2565.28344457472,2565.28344457472
"theta1",978.584734961989,978.584734961989,978.584734961989,978.584734961989
