"","AA","AB","BA","BB"
"EV",0.274672239233494,0.27569071953685,0.276232100595051,0.275092863223964
"STD",0.00475476704184299,0.0051072984708018,0.00454244770339147,0.00501237697581753
"Q.05",0.266880464348125,0.267323334984953,0.26878673732105,0.266880510271114
"Q.95",0.282522170695242,0.284124749358693,0.283729989626485,0.283369664524034
"theta0",5083.09973205388,5083.09973205388,5083.09973205388,5083.09973205388
"theta1",1932.22678507811,1932.22678507811,1932.22678507811,1932.22678507811
