"","AA","AB","BA","BB"
"EV",0.278476493804484,0.278225629813968,0.269263807078268,0.275110673408996
"STD",0.0057118513742783,0.00706287488622732,0.00632094190149264,0.00736284373893777
"Q.05",0.269122308217802,0.266671022121947,0.258920189900265,0.263069568554601
"Q.95",0.287912495909786,0.289905562518779,0.279714003567093,0.287290856042202
"theta0",2310.88621407749,2310.88621407749,2310.88621407749,2310.88621407749
"theta1",877.759622721587,877.759622721587,877.759622721587,877.759622721587
