"","AA","AB","BA","BB"
"EV",0.417038712451596,0.416658490447015,0.417733175945898,0.413050445441274
"STD",0.00598892281450804,0.00566662735460574,0.0059051386216307,0.00553998446176847
"Q.05",0.407201643374288,0.407350165912199,0.408033416487068,0.403950432255874
"Q.95",0.426903620722066,0.425991858601138,0.427459761715903,0.422175494711541
"theta0",3384.88414194105,3384.88414194105,3384.88414194105,3384.88414194105
"theta1",2412.38259313868,2412.38259313868,2412.38259313868,2412.38259313868
