"","AA","AB","BA","BB"
"EV",0.239520330581296,0.242526008772509,0.239041560168215,0.242669781692181
"STD",0.00480498910156556,0.00568886584476832,0.00478173572983687,0.00568550632384804
"Q.05",0.231654478665742,0.233220407021808,0.231213713046214,0.233369594634968
"Q.95",0.247461277411286,0.251934784956568,0.246944015963602,0.252072922297028
"theta0",4017.98441439204,4017.98441439204,4017.98441439204,4017.98441439204
"theta1",1275.43740098344,1275.43740098344,1275.43740098344,1275.43740098344
