"","AA","AB","BA","BB"
"EV",0.273203434417548,0.275364055215252,0.276723831292086,0.27653356207506
"STD",0.00507947807367809,0.00568089238934721,0.00471764075905308,0.00556634651965073
"Q.05",0.264882005187449,0.266061210077692,0.268992276658492,0.267417161692729
"Q.95",0.281591892365151,0.284749540507191,0.284511855522863,0.285728682991676
"theta0",4219.64524705817,4219.64524705817,4219.64524705817,4219.64524705817
"theta1",1604.28000699314,1604.28000699314,1604.28000699314,1604.28000699314
