"","AA","AB","BA","BB"
"EV",0.415653067559967,0.41576695427919,0.415612272403157,0.41612485149152
"STD",0.00478951196986693,0.00549718751571618,0.00510787423779668,0.00557754024298511
"Q.05",0.407784036170478,0.40673673579705,0.407220822090354,0.406962757283912
"Q.95",0.423540217126496,0.424821007583733,0.424024340563155,0.425311372236365
"theta0",4339.55647830749,4339.55647830749,4339.55647830749,4339.55647830749
"theta1",3088.57273357104,3088.57273357104,3088.57273357104,3088.57273357104
