"","AA","AB","BA","BB"
"EV",0.274122292565701,0.27671271461861,0.277833890340912,0.283545599867719
"STD",0.00505637014653678,0.00774018710236128,0.00825310098774688,0.00739112186770349
"Q.05",0.265838362302956,0.264057443986373,0.264344748395305,0.271454615448064
"Q.95",0.282472235551697,0.289520047605896,0.291494629630396,0.295769003576168
"theta0",2121.56004709597,2121.56004709597,2121.56004709597,2121.56004709597
"theta1",817.136496611753,817.136496611753,817.136496611753,817.136496611753
