"","AA","AB","BA","BB"
"EV",0.239455559214021,0.238129762037833,0.240256737021515,0.238891891485201
"STD",0.00449857403824701,0.00510477687251004,0.00439936209392164,0.00507586775437149
"Q.05",0.232089074020878,0.229776056838836,0.233051829083669,0.230585034617215
"Q.95",0.24688789413694,0.246569020678118,0.247524284713269,0.247282904242222
"theta0",5024.46592256618,5024.46592256618,5024.46592256618,5024.46592256618
"theta1",1579.64852751625,1579.64852751625,1579.64852751625,1579.64852751625
