"","AA","AB","BA","BB"
"EV",0.275021239734369,0.275583432168233,0.274618845755762,0.277079987953816
"STD",0.00471308408378066,0.00552458718909903,0.00490198477914431,0.00488732460581851
"Q.05",0.267297451238715,0.266535379601903,0.26658676331954,0.269071327761887
"Q.95",0.282802035962125,0.284709524016423,0.28271276459677,0.285149109034779
"theta0",4737.6588862301,4737.6588862301,4737.6588862301,4737.6588862301
"theta1",1802.30595804488,1802.30595804488,1802.30595804488,1802.30595804488
