"","AA","AB","BA","BB"
"EV",0.274161065493281,0.276440150795426,0.27761317807054,0.273842524371913
"STD",0.0052310494606939,0.00530092162577534,0.0051541047612311,0.00515801074202648
"Q.05",0.265592130051607,0.267756684267546,0.269168981091521,0.265392818859765
"Q.95",0.282800636044246,0.285195052675296,0.286124377810467,0.282361052553621
"theta0",4234.75132671672,4234.75132671672,4234.75132671672,4234.75132671672
"theta1",1610.49174913659,1610.49174913659,1610.49174913659,1610.49174913659
