"","AA","AB","BA","BB"
"EV",0.267983105805406,0.283793111579089,0.282033502937538,0.275277146830728
"STD",0.00654480393875502,0.0076826085930863,0.00810998567075966,0.00875004779498994
"Q.05",0.257275619385265,0.271227895797505,0.268774469493246,0.260982977779218
"Q.95",0.27880583834802,0.296501162837431,0.2954536145462,0.289767550255648
"theta0",1386.67192420923,1386.67192420923,1386.67192420923,1386.67192420923
"theta1",532.009183823017,532.009183823017,532.009183823017,532.009183823017
