"","AA","AB","BA","BB"
"EV",0.267443410794574,0.274918029170763,0.289605275233608,0.28294064975127
"STD",0.00796746545512071,0.00694126596003119,0.0100540954314431,0.00972943579720001
"Q.05",0.254424062517777,0.263562675224298,0.273185624338107,0.267052664416027
"Q.95",0.28063419656185,0.286397144507676,0.30626017899002,0.299059101056294
"theta0",968.128546992617,968.128546992617,968.128546992617,968.128546992617
"theta1",374.132824342646,374.132824342646,374.132824342646,374.132824342646
