"","AA","AB","BA","BB"
"EV",0.238382696628782,0.241586294593744,0.241149171576989,0.237778782428135
"STD",0.00485912857166483,0.00538924865165439,0.00488662704388305,0.00531761634893438
"Q.05",0.230428944298587,0.232768497548465,0.233149904633284,0.229078756977494
"Q.95",0.246413833751306,0.250497265833851,0.249225264849233,0.246571864658945
"theta0",4188.6494382857,4188.6494382857,4188.6494382857,4188.6494382857
"theta1",1320.79121605119,1320.79121605119,1320.79121605119,1320.79121605119
