"","AA","AB","BA","BB"
"EV",0.275855514617872,0.274023621308553,0.275713138292953,0.274090595143171
"STD",0.00498088762250794,0.00537889881635156,0.00445100317657673,0.00540729844174751
"Q.05",0.267694389024227,0.265213560073523,0.268417227326753,0.265234200432485
"Q.95",0.284079956625582,0.282908436572071,0.283059657018562,0.283022501635026
"theta0",4672.94822845526,4672.94822845526,4672.94822845526,4672.94822845526
"theta1",1771.8597886476,1771.8597886476,1771.8597886476,1771.8597886476
