"","AA","AB","BA","BB"
"EV",0.274103546915065,0.276039244614135,0.27553931592375,0.277669433996435
"STD",0.00476995690984923,0.00574731238811608,0.00513241244743898,0.00505665011516263
"Q.05",0.266287085898742,0.266627930367599,0.267130986321229,0.269384265461849
"Q.95",0.281978760147325,0.28553476114292,0.284015016317314,0.286019070614827
"theta0",4378.24741880362,4378.24741880362,4378.24741880362,4378.24741880362
"theta1",1667.76474963846,1667.76474963846,1667.76474963846,1667.76474963846
