"","AA","AB","BA","BB"
"EV",0.415924359609077,0.41880992461667,0.414802444923931,0.419300879930865
"STD",0.0059491626454083,0.00661896160131959,0.00519572143746123,0.00643451912664415
"Q.05",0.406152703298885,0.407939203144468,0.406266962397415,0.408732535044425
"Q.95",0.425723876938285,0.429713886698188,0.423359477617456,0.429900438059992
"theta0",3097.46026405861,3097.46026405861,3097.46026405861,3097.46026405861
"theta1",2217.45266512252,2217.45266512252,2217.45266512252,2217.45266512252
