"","AA","AB","BA","BB"
"EV",0.239905129812434,0.238791438033488,0.240271302440615,0.239552910269894
"STD",0.00415915010375343,0.00477343067582248,0.00492674232764503,0.00510888694687373
"Q.05",0.233092062376418,0.230977184385114,0.23220691992782,0.231192103320876
"Q.95",0.246774314360275,0.246680166111141,0.248414238365163,0.247998594994509
"theta0",5129.70127748507,5129.70127748507,5129.70127748507,5129.70127748507
"theta1",1616.69518053609,1616.69518053609,1616.69518053609,1616.69518053609
