"","AA","AB","BA","BB"
"EV",0.277031717508739,0.269177456966291,0.278557312609271,0.278086882882838
"STD",0.00554941211333927,0.00667996602151963,0.00718056742575761,0.00773245336692685
"Q.05",0.267942800416089,0.258249581150709,0.266811085249937,0.265443476382395
"Q.95",0.286198615653993,0.280224436024143,0.290432789724862,0.29088065413279
"theta0",2197.18395995576,2197.18395995576,2197.18395995576,2197.18395995576
"theta1",836.4304337989,836.4304337989,836.4304337989,836.4304337989
