"","AA","AB","BA","BB"
"EV",0.413306407564085,0.41785018588481,0.415754839944431,0.414082455715836
"STD",0.00562339326669348,0.0053688362598596,0.00615436045006034,0.00604061177066709
"Q.05",0.404069535430759,0.409030243330467,0.405646663858752,0.404161141083245
"Q.95",0.422568994832266,0.426692269173342,0.425892896249331,0.424033161869854
"theta0",3382.22603669322,3382.22603669322,3382.22603669322,3382.22603669322
"theta1",2401.85281790424,2401.85281790424,2401.85281790424,2401.85281790424
