"","AA","AB","BA","BB"
"EV",0.416434051036114,0.414528694249097,0.415233403707756,0.416345722428719
"STD",0.00558695273472636,0.00528698230967058,0.00542793255658125,0.00498020687792639
"Q.05",0.407256467680631,0.405843517924827,0.406316881670323,0.408163670912467
"Q.95",0.425636047903716,0.423236260572604,0.424173319565001,0.424547193651452
"theta0",4159.76570948939,4159.76570948939,4159.76570948939,4159.76570948939
"theta1",2958.72842961351,2958.72842961351,2958.72842961351,2958.72842961351
