"","AA","AB","BA","BB"
"EV",0.235253782340058,0.24333192296081,0.241003840823621,0.238901606477441
"STD",0.00601060734634276,0.00610636572698852,0.00560243945418447,0.00560736148250112
"Q.05",0.225427902144977,0.233347162731365,0.231839351801661,0.229729835925594
"Q.95",0.245200594474996,0.253434922846266,0.25026941666021,0.248176077523241
"theta0",2945.56525765731,2945.56525765731,2945.56525765731,2945.56525765731
"theta1",928.295924955835,928.295924955835,928.295924955835,928.295924955835
