"","AA","AB","BA","BB"
"EV",0.275959758476405,0.27592671666723,0.274339835686284,0.276050129005173
"STD",0.00478239741974492,0.00487692582974703,0.00479457214990417,0.00488079739270078
"Q.05",0.268122620920389,0.267935267529224,0.266483143653892,0.268052334702501
"Q.95",0.283855224999747,0.283978837265216,0.282255794105022,0.284108640876791
"theta0",5098.55717530357,5098.55717530357,5098.55717530357,5098.55717530357
"theta1",1939.53351799108,1939.53351799108,1939.53351799108,1939.53351799108
