"","AA","AB","BA","BB"
"EV",0.41399913465337,0.416559858089733,0.417099089822052,0.414678664308369
"STD",0.00560936384085987,0.00564410289897468,0.0053408879330286,0.00538335733523077
"Q.05",0.404785166571772,0.407288500073588,0.40832511020614,0.405835352173411
"Q.95",0.423238472722814,0.42585609207472,0.42589519182295,0.423545147138844
"theta0",3828.64807667978,3828.64807667978,3828.64807667978,3828.64807667978
"theta1",2722.63759819291,2722.63759819291,2722.63759819291,2722.63759819291
