"","AA","AB","BA","BB"
"EV",0.414686700154412,0.413006432583109,0.417346569593208,0.412943668315961
"STD",0.00569978365834777,0.00632068690587574,0.00530414874430537,0.00615875993000119
"Q.05",0.405324302289641,0.402626031794415,0.408632835679533,0.402828808227224
"Q.95",0.424075070633268,0.423419442321531,0.42608205373045,0.423089511303689
"theta0",3299.42144202612,3299.42144202612,3299.42144202612,3299.42144202612
"theta1",2335.80252722182,2335.80252722182,2335.80252722182,2335.80252722182
