"","AA","AB","BA","BB"
"EV",0.276820254424995,0.274885513463667,0.274564545979397,0.276305427567624
"STD",0.00508386179146604,0.00454866838874157,0.00532981552094008,0.00509047815107901
"Q.05",0.26849086291747,0.267430230554343,0.265834404968954,0.267965353150751
"Q.95",0.285215182394999,0.28239394377505,0.28336781720345,0.284711436532062
"theta0",4721.75825521462,4721.75825521462,4721.75825521462,4721.75825521462
"theta1",1796.86995026896,1796.86995026896,1796.86995026896,1796.86995026896
