"","AA","AB","BA","BB"
"EV",0.238284070942087,0.242148241479098,0.238600975512304,0.238562094053338
"STD",0.00494653501013331,0.00487398294727168,0.00519752572642946,0.00513947749127293
"Q.05",0.230187985452823,0.23416931604067,0.230096146858425,0.230151771046577
"Q.95",0.246460403873384,0.250203086923191,0.247194215605234,0.247058886811426
"theta0",4318.63462569149,4318.63462569149,4318.63462569149,4318.63462569149
"theta1",1359.34906884531,1359.34906884531,1359.34906884531,1359.34906884531
