"","AA","AB","BA","BB"
"EV",0.414210892842927,0.416527639177892,0.416149764429437,0.416763539473535
"STD",0.00524498509903572,0.00560747244125447,0.00514656091002739,0.00556986257937213
"Q.05",0.405594663546921,0.407316378381501,0.407694765070405,0.407613942305942
"Q.95",0.422849244674266,0.425763464059674,0.424625554126756,0.425937299857148
"theta0",4019.14200473256,4019.14200473256,4019.14200473256,4019.14200473256
"theta1",2861.97385388192,2861.97385388192,2861.97385388192,2861.97385388192
