"","AA","AB","BA","BB"
"EV",0.23780948374018,0.240777007444374,0.240598535854164,0.239938640025639
"STD",0.00476140039087794,0.00512415662402675,0.00452988793638549,0.0050939631213026
"Q.05",0.230015076733985,0.232390987611667,0.233180749078247,0.231602021987291
"Q.95",0.245678479681055,0.249247716195564,0.248082583279688,0.248359422828979
"theta0",4724.01884482195,4724.01884482195,4724.01884482195,4724.01884482195
"theta1",1490.07018520335,1490.07018520335,1490.07018520335,1490.07018520335
