"","AA","AB","BA","BB"
"EV",0.416472437276917,0.414163278068331,0.414268566033989,0.417314731328899
"STD",0.00583826999341627,0.00538188224058354,0.00575757632011064,0.00529716801143835
"Q.05",0.406882580496976,0.405322460295533,0.40481143919124,0.408612455749251
"Q.95",0.42608894088275,0.423027402196287,0.423752332709875,0.426038708735248
"theta0",3719.86988417789,3719.86988417789,3719.86988417789,3719.86988417789
"theta1",2644.96198241893,2644.96198241893,2644.96198241893,2644.96198241893
