"","AA","AB","BA","BB"
"EV",0.414905577023366,0.417620595373177,0.414162491392446,0.415008422724333
"STD",0.00507716373102585,0.00547104763702855,0.00593447065898892,0.00604924403000599
"Q.05",0.406564608905296,0.408632985991312,0.404415241845071,0.405072782188092
"Q.95",0.423267096496343,0.426631264539776,0.423938080384815,0.424973202183861
"theta0",3658.50692314844,3658.50692314844,3658.50692314844,3658.50692314844
"theta1",2599.93375170732,2599.93375170732,2599.93375170732,2599.93375170732
