"","AA","AB","BA","BB"
"EV",0.415102738338502,0.416628696869094,0.414932252574492,0.41553352636448
"STD",0.00515740383601244,0.00508249204463121,0.00538394669902717,0.00532874641855023
"Q.05",0.406630085794331,0.408278764847983,0.406087936960057,0.406779688461928
"Q.95",0.423596545017754,0.424998782279478,0.423799670963701,0.424309826255816
"theta0",4300.32383415484,4300.32383415484,4300.32383415484,4300.32383415484
"theta1",3057.61893694045,3057.61893694045,3057.61893694045,3057.61893694045
