"","AA","AB","BA","BB"
"EV",0.27753008224877,0.274256091130305,0.273263376193838,0.272150072943394
"STD",0.00498249144627435,0.00560184386192738,0.0056523939669537,0.0059641181481041
"Q.05",0.269365982639303,0.265082425887521,0.264007576413766,0.262386597207925
"Q.95",0.285756831134033,0.283510710976349,0.282602148301106,0.282006618373822
"theta0",3659.4873662194,3659.4873662194,3659.4873662194,3659.4873662194
"theta1",1383.26391817996,1383.26391817996,1383.26391817996,1383.26391817996
