"","AA","AB","BA","BB"
"EV",0.237149243267654,0.23944002714316,0.239535897675524,0.241500612755281
"STD",0.00489800386364112,0.00543282993073861,0.00577501161662798,0.00462921194451086
"Q.05",0.229132500695342,0.230551997326351,0.230091266605264,0.233920717324599
"Q.95",0.245245267296688,0.248424115053001,0.249089001797161,0.249149290367095
"theta0",4123.81704547558,4123.81704547558,4123.81704547558,4123.81704547558
"theta1",1298.08115179876,1298.08115179876,1298.08115179876,1298.08115179876
