"","AA","AB","BA","BB"
"EV",0.275964406981661,0.27618338227058,0.273726837350672,0.276743828194941
"STD",0.00530600917090465,0.00523120660470901,0.00485617108475262,0.00480064111152707
"Q.05",0.267272756177542,0.267613711473763,0.265769718190718,0.268876750698151
"Q.95",0.284727859113364,0.284822741363805,0.281745005942828,0.284669372274133
"theta0",4614.78248269432,4614.78248269432,4614.78248269432,4614.78248269432
"theta1",1756.25330924248,1756.25330924248,1756.25330924248,1756.25330924248
