"","AA","AB","BA","BB"
"EV",0.240202548544232,0.239430353838616,0.240778101574522,0.239120786598173
"STD",0.00459734411135291,0.00425419445741968,0.00511832600324075,0.00502620872330556
"Q.05",0.232674895681662,0.232462348512363,0.232401575196356,0.230894724659152
"Q.95",0.247798631704619,0.24645725774451,0.249239123591774,0.247429239008109
"theta0",5101.07726263302,5101.07726263302,5101.07726263302,5101.07726263302
"theta1",1609.9043992743,1609.9043992743,1609.9043992743,1609.9043992743
