"","AA","AB","BA","BB"
"EV",0.27402473775751,0.274826793502558,0.274620918018731,0.276731178727872
"STD",0.00525761565504241,0.00497824472148059,0.00506541119073254,0.00466689517601989
"Q.05",0.265412498241317,0.266670201781646,0.266322123757287,0.269082486281547
"Q.95",0.282708396985521,0.283047072122891,0.282985740405888,0.284435129548081
"theta0",4740.9064994746,4740.9064994746,4740.9064994746,4740.9064994746
"theta1",1798.80218533416,1798.80218533416,1798.80218533416,1798.80218533416
