"","AA","AB","BA","BB"
"EV",0.277401438466778,0.276086045436712,0.273261043279482,0.279171450496082
"STD",0.00581503764374257,0.00612589106689721,0.00499455781878637,0.00572773883408058
"Q.05",0.267879331677964,0.266057755519088,0.265078168728055,0.269791167654344
"Q.95",0.287008959845079,0.286209969060577,0.281508698669014,0.288633622327658
"theta0",3493.76814933124,3493.76814933124,3493.76814933124,3493.76814933124
"theta1",1335.13010001482,1335.13010001482,1335.13010001482,1335.13010001482
