"","AA","AB","BA","BB"
"EV",0.417264500561628,0.413424245462124,0.417511593229653,0.415781016993709
"STD",0.00603100429761017,0.00565470407269478,0.00581341465807366,0.00532450897560187
"Q.05",0.407358367416172,0.404135995244515,0.407962333627625,0.407034096499295
"Q.95",0.427198784422997,0.422738460501099,0.427086925999886,0.424550294207302
"theta0",3504.02404552988,3504.02404552988,3504.02404552988,3504.02404552988
"theta1",2496.01021921599,2496.01021921599,2496.01021921599,2496.01021921599
