"","AA","AB","BA","BB"
"EV",0.239421297450701,0.239858082719757,0.240750075801917,0.238704973643889
"STD",0.0042328443852103,0.00489204475835032,0.00484543714811807,0.00511291609448934
"Q.05",0.232488115674602,0.231850327177654,0.232818014475659,0.230337851068343
"Q.95",0.246412791567241,0.24794350353711,0.248757875572332,0.247157592393983
"theta0",5034.36404335657,5034.36404335657,5034.36404335657,5034.36404335657
"theta1",1587.11357723598,1587.11357723598,1587.11357723598,1587.11357723598
