"","AA","AB","BA","BB"
"EV",0.415050957139201,0.4222978042634,0.412388113668774,0.41679138139412
"STD",0.00678000247355911,0.00721498978810464,0.00643522354952797,0.00690950887022005
"Q.05",0.403917013641889,0.410448903864414,0.401820035782959,0.405444704434468
"Q.95",0.426221487601658,0.434184420664452,0.422990248753453,0.428175233474055
"theta0",2169.84096057813,2169.84096057813,2169.84096057813,2169.84096057813
"theta1",1549.68902451526,1549.68902451526,1549.68902451526,1549.68902451526
