"","AA","AB","BA","BB"
"EV",0.241186676577355,0.245329380632045,0.235385592134047,0.241932659617847
"STD",0.00536106583230267,0.00721382845135421,0.00599740518230565,0.0074204483728126
"Q.05",0.232414872477352,0.233545425448694,0.225581106791017,0.229815609942777
"Q.95",0.250050929591868,0.257276184307641,0.245310371987937,0.254225981222129
"theta0",2320.17445871463,2320.17445871463,2320.17445871463,2320.17445871463
"theta1",736.575187856553,736.575187856553,736.575187856553,736.575187856553
