"","AA","AB","BA","BB"
"EV",0.23634818870131,0.241109415497126,0.243588128210875,0.243491242047677
"STD",0.00547089736929543,0.00531582440595044,0.00660678403490954,0.00659496561980231
"Q.05",0.227399253057678,0.232411270083933,0.232790276384105,0.23271262651004
"Q.95",0.245396574777614,0.24989850273929,0.254524163457656,0.254407636100509
"theta0",2832.19691112314,2832.19691112314,2832.19691112314,2832.19691112314
"theta1",899.986602883198,899.986602883198,899.986602883198,899.986602883198
