"","AA","AB","BA","BB"
"EV",0.414745718430091,0.412042788353131,0.418405371608725,0.416611390970091
"STD",0.00573887406642084,0.00634474947096814,0.00595541572961068,0.00645553478078912
"Q.05",0.405319190124657,0.401623125495739,0.408623023055644,0.406009133904072
"Q.95",0.42419855759162,0.422495696073377,0.428214770128834,0.427246171579314
"theta0",2929.79475321959,2929.79475321959,2929.79475321959,2929.79475321959
"theta1",2082.30085023465,2082.30085023465,2082.30085023465,2082.30085023465
