"","AA","AB","BA","BB"
"EV",0.272278651829885,0.279440422793648,0.276273194587251,0.276409298269966
"STD",0.0057334744091265,0.00632786055582907,0.00518316413132584,0.00647360542913342
"Q.05",0.262890973408146,0.269081991079456,0.267781887202906,0.265814552282717
"Q.95",0.281752265079867,0.289898626955295,0.284832874678596,0.287110614835261
"theta0",3119.67058876766,3119.67058876766,3119.67058876766,3119.67058876766
"theta1",1189.90895269503,1189.90895269503,1189.90895269503,1189.90895269503
