"","AA","AB","BA","BB"
"EV",0.27789867368872,0.269376061437208,0.273282149660293,0.274704696670135
"STD",0.00529196595780107,0.0066823160060283,0.00619694280987136,0.00728856510762054
"Q.05",0.269229467692651,0.258444282531473,0.2631390451743,0.262784555606694
"Q.95",0.286638380196383,0.280426869410558,0.283524975866488,0.286761493748523
"theta0",2625.54299975967,2625.54299975967,2625.54299975967,2625.54299975967
"theta1",990.023538551165,990.023538551165,990.023538551165,990.023538551165
