"","AA","AB","BA","BB"
"EV",0.415458448995071,0.41712796659982,0.413899681564712,0.417543322466354
"STD",0.0051583010074143,0.00561483274325241,0.00574147066052368,0.00614762257533768
"Q.05",0.406984277340133,0.407904537374524,0.404469032997281,0.407445861604694
"Q.95",0.42395368825176,0.426375837278748,0.423356942041625,0.427669929405662
"theta0",3591.54547864395,3591.54547864395,3591.54547864395,3591.54547864395
"theta1",2558.48751160788,2558.48751160788,2558.48751160788,2558.48751160788
