"","AA","AB","BA","BB"
"EV",0.275751349900011,0.281844564964453,0.274054049749273,0.276293816010759
"STD",0.00578764368198912,0.00676623681437552,0.00543456615798628,0.00657726642462097
"Q.05",0.266274374387582,0.270771317395033,0.265153195848212,0.265530331586288
"Q.95",0.285313878918954,0.293030060926857,0.283031197768105,0.287167397708325
"theta0",2839.34362344444,2839.34362344444,2839.34362344444,2839.34362344444
"theta1",1087.7908886439,1087.7908886439,1087.7908886439,1087.7908886439
