"","AA","AB","BA","BB"
"EV",0.274711585118504,0.27806960510993,0.274195936598003,0.276750468440376
"STD",0.00504756518207403,0.00537895169680289,0.00507784172223743,0.00536528180192964
"Q.05",0.266441892076209,0.269258449489448,0.265876953839261,0.267961937008978
"Q.95",0.28304680195126,0.286953514891188,0.282581461185353,0.285612028553879
"theta0",4235.25331555106,4235.25331555106,4235.25331555106,4235.25331555106
"theta1",1614.05442353323,1614.05442353323,1614.05442353323,1614.05442353323
