"","AA","AB","BA","BB"
"EV",0.239236074071112,0.240460793591835,0.241215164691685,0.23858728216694
"STD",0.00429973743239181,0.00486159010060173,0.00523311590470868,0.00533965999310452
"Q.05",0.23219383306676,0.232502491568793,0.232651620646814,0.22985113049797
"Q.95",0.246338560033909,0.248495487772728,0.24986677969894,0.247416756571811
"theta0",4673.56320132816,4673.56320132816,4673.56320132816,4673.56320132816
"theta1",1474.91510527618,1474.91510527618,1474.91510527618,1474.91510527618
