"","AA","AB","BA","BB"
"EV",0.276244629365612,0.274167000564829,0.274173450407852,0.277858658596288
"STD",0.00520609448265642,0.00544271953322961,0.00496562343698129,0.00528541996040801
"Q.05",0.267715915479788,0.265252821264631,0.266037597142044,0.269200141959457
"Q.95",0.284842335599881,0.283157645259892,0.282372945954589,0.286587520305563
"theta0",4222.19547889887,4222.19547889887,4222.19547889887,4222.19547889887
"theta1",1606.49483787186,1606.49483787186,1606.49483787186,1606.49483787186
