"","AA","AB","BA","BB"
"EV",0.235792037944028,0.240693155091271,0.245527346002126,0.239134097453506
"STD",0.00565173139886989,0.00754282133732779,0.0060829481167112,0.00602861069407918
"Q.05",0.226549216734364,0.228378539244719,0.235579786059891,0.229277388452114
"Q.95",0.24514139159424,0.253191424585497,0.255590531689503,0.249109337000352
"theta0",2437.34699235082,2437.34699235082,2437.34699235082,2437.34699235082
"theta1",770.933149136536,770.933149136536,770.933149136536,770.933149136536
