"","AA","AB","BA","BB"
"EV",0.415905081124669,0.416192637888933,0.415716289901508,0.414645552085363
"STD",0.00536003566724507,0.00578690773867232,0.00474030661361125,0.00565174245351186
"Q.05",0.407099855191857,0.406687079652598,0.407928003210107,0.405361965342688
"Q.95",0.424732927847564,0.42572446882298,0.423522310271854,0.423954688429694
"theta0",4103.26462296207,4103.26462296207,4103.26462296207,4103.26462296207
"theta1",2918.29381159965,2918.29381159965,2918.29381159965,2918.29381159965
