"","AA","AB","BA","BB"
"EV",0.26000490123988,0.272296877397097,0.28152364538954,0.286772355049717
"STD",0.00852002619518905,0.0127261106368646,0.00675979043058219,0.011636482972801
"Q.05",0.246094084149797,0.251577038014083,0.270461016344403,0.267793124478552
"Q.95",0.274121742006399,0.293440449144935,0.292698551531646,0.306072916221746
"theta0",684.620217913497,684.620217913497,684.620217913497,684.620217913497
"theta1",259.884111505122,259.884111505122,259.884111505122,259.884111505122
