"","AA","AB","BA","BB"
"EV",0.27720855407356,0.275880663766081,0.273619923211917,0.273418630455851
"STD",0.00496107894241197,0.00529367571560725,0.00527056188410962,0.00548311770643463
"Q.05",0.269079473180605,0.267209152777517,0.264986663734045,0.264438769779537
"Q.95",0.28539988104368,0.284623682754049,0.282325149461824,0.282476486004558
"theta0",4168.38148236748,4168.38148236748,4168.38148236748,4168.38148236748
"theta1",1581.42359629727,1581.42359629727,1581.42359629727,1581.42359629727
