"","AA","AB","BA","BB"
"EV",0.228793340704348,0.235871234373468,0.248155831823864,0.242978467622202
"STD",0.00844610989881687,0.00734546308291724,0.00835081513165853,0.00698924669671119
"Q.05",0.215026176929899,0.22387936938591,0.234527508631973,0.231560120315306
"Q.95",0.242809995986173,0.248042987864497,0.261998334029082,0.254552098113432
"theta0",1183.75918268325,1183.75918268325,1183.75918268325,1183.75918268325
"theta1",371.67691430884,371.67691430884,371.67691430884,371.67691430884
