"","AA","AB","BA","BB"
"EV",0.240252542214583,0.239291327683934,0.241505008974431,0.23989119374941
"STD",0.00480852832761467,0.00425434053893387,0.00515983917057422,0.0049591854574831
"Q.05",0.232380738812336,0.232323111762245,0.23306068048166,0.231774070664928
"Q.95",0.248199183289308,0.246318501124091,0.250034792838121,0.248088111291046
"theta0",4978.90443254483,4978.90443254483,4978.90443254483,4978.90443254483
"theta1",1574.38217354026,1574.38217354026,1574.38217354026,1574.38217354026
