"","AA","AB","BA","BB"
"EV",0.415022072874777,0.416934502172895,0.415973208022058,0.414981311441809
"STD",0.00538839593030733,0.00582783894126095,0.00482029558461967,0.00568312419942366
"Q.05",0.406170444900807,0.407361677996801,0.408053621145814,0.405646193425552
"Q.95",0.423896815941698,0.426533722778142,0.423911073048086,0.424342155949364
"theta0",4010.79222085089,4010.79222085089,4010.79222085089,4010.79222085089
"theta1",2853.85182068736,2853.85182068736,2853.85182068736,2853.85182068736
