"","AA","AB","BA","BB"
"EV",0.415143401324886,0.415824980718917,0.417845757563465,0.416298308969119
"STD",0.00487777783417255,0.00548582831758382,0.00576668857536294,0.00593229832954481
"Q.05",0.40712958029398,0.406813388987416,0.408373093689902,0.406554248499108
"Q.95",0.423176134854751,0.42486029154708,0.427343967356671,0.426069942349424
"theta0",3861.7460772889,3861.7460772889,3861.7460772889,3861.7460772889
"theta1",2754.03052505729,2754.03052505729,2754.03052505729,2754.03052505729
