"","AA","AB","BA","BB"
"EV",0.274936760594834,0.275979161807627,0.275365661960766,0.275094474490613
"STD",0.00489482171744534,0.00441775265166499,0.00517523081475545,0.00485587791958768
"Q.05",0.26691630378041,0.268737520933324,0.266887508428655,0.267137553594151
"Q.95",0.283018741991358,0.283270568185818,0.28391239510372,0.283111880732518
"theta0",5150.96243568662,5150.96243568662,5150.96243568662,5150.96243568662
"theta1",1957.26009259268,1957.26009259268,1957.26009259268,1957.26009259268
