"","AA","AB","BA","BB"
"EV",0.276072352962242,0.274747735112633,0.276808179271479,0.277459847369753
"STD",0.00481606416964524,0.00461382226442715,0.00550006101134438,0.00546008449167368
"Q.05",0.268180229079212,0.267186077491735,0.267799803228321,0.268516503586953
"Q.95",0.284023585433207,0.282364124327949,0.285893270252047,0.286478464723945
"theta0",4575.03681214698,4575.03681214698,4575.03681214698,4575.03681214698
"theta1",1746.51591286405,1746.51591286405,1746.51591286405,1746.51591286405
