"","AA","AB","BA","BB"
"EV",0.24212510016437,0.238577016420113,0.237166289539241,0.236912924349051
"STD",0.00488798624588578,0.00558669720390989,0.00528949202581302,0.00576302963842983
"Q.05",0.234123366680486,0.22943896800883,0.228512222594961,0.22748874431506
"Q.95",0.250203202430984,0.247817231639041,0.245912810457263,0.246447044492977
"theta0",3687.93802998519,3687.93802998519,3687.93802998519,3687.93802998519
"theta1",1156.34786699785,1156.34786699785,1156.34786699785,1156.34786699785
