"","AA","AB","BA","BB"
"EV",0.281111716906082,0.272565681391199,0.268808221669669,0.277312432653528
"STD",0.00671169469678957,0.0061429971941187,0.00779690938308168,0.00762811998998304
"Q.05",0.270127555117208,0.262510680001565,0.256065012160187,0.264839002162397
"Q.95",0.292206870830886,0.282719146410053,0.281714114871146,0.289932958874436
"theta0",1882.33794386212,1882.33794386212,1882.33794386212,1882.33794386212
"theta1",713.834536603644,713.834536603644,713.834536603644,713.834536603644
