"","AA","AB","BA","BB"
"EV",0.415499555406547,0.414701182674479,0.415161089795556,0.419454501006158
"STD",0.0057885966597649,0.00537009321600376,0.00630032210208464,0.0061478286819973
"Q.05",0.405991342083349,0.405879628272931,0.404813655728926,0.409356345220739
"Q.95",0.425034286902608,0.423545787260188,0.425540072318153,0.429581092799464
"theta0",3238.78346912058,3238.78346912058,3238.78346912058,3238.78346912058
"theta1",2309.06040978657,2309.06040978657,2309.06040978657,2309.06040978657
