"","AA","AB","BA","BB"
"EV",0.415929738906652,0.415297188240819,0.415497070854278,0.415698035693915
"STD",0.00494198643969335,0.00556255119793566,0.00491732601699208,0.0055711414797943
"Q.05",0.407810457478882,0.406159811024037,0.407418309190365,0.406546504520197
"Q.95",0.424068243677866,0.42445911470045,0.42359496815671,0.424874068634208
"theta0",4329.02704651657,4329.02704651657,4329.02704651657,4329.02704651657
"theta1",3078.74049802916,3078.74049802916,3078.74049802916,3078.74049802916
