"","AA","AB","BA","BB"
"EV",0.415732544150429,0.415693345045421,0.415249334971443,0.416147110670772
"STD",0.00462252689303884,0.00557049849069106,0.0056055593793275,0.00583977986746162
"Q.05",0.408137554056924,0.406542869413593,0.406041412027985,0.406554832249628
"Q.95",0.423344394073547,0.424868318230105,0.424482203235221,0.425766159543505
"theta0",4092.10453755636,4092.10453755636,4092.10453755636,4092.10453755636
"theta1",2911.44424257323,2911.44424257323,2911.44424257323,2911.44424257323
