"","AA","AB","BA","BB"
"EV",0.271360155908716,0.288214602094051,0.273036679354033,0.266133714810514
"STD",0.00681213297032624,0.00830987827853641,0.00922217704222616,0.00984556715267179
"Q.05",0.260216368175797,0.274627308711056,0.257978522085102,0.250071757970203
"Q.95",0.282626014453946,0.301964091444573,0.288316129169388,0.282459822931653
"theta0",1005.8715437485,1005.8715437485,1005.8715437485,1005.8715437485
"theta1",380.944288337194,380.944288337194,380.944288337194,380.944288337194
