"","AA","AB","BA","BB"
"EV",0.416218628602467,0.413426740699015,0.420660141500395,0.421689239721908
"STD",0.00605524907142708,0.0062985158533727,0.00771082599314624,0.00780241547926517
"Q.05",0.406272918820371,0.403082611596944,0.407998789296575,0.408877447623173
"Q.95",0.426193095266564,0.423803084188193,0.433365528154914,0.434545504542839
"theta0",2155.05298859844,2155.05298859844,2155.05298859844,2155.05298859844
"theta1",1547.80589987309,1547.80589987309,1547.80589987309,1547.80589987309
