"","AA","AB","BA","BB"
"EV",0.413863126025778,0.411880365888205,0.418824099902033,0.414741008039604
"STD",0.00597465963226435,0.00646722762938988,0.00578289014375761,0.00725339562760302
"Q.05",0.404050015683033,0.401259920572845,0.409324696380134,0.402831099843153
"Q.95",0.423705067334962,0.422535420176522,0.428348870523362,0.426692954401326
"theta0",2698.58056727723,2698.58056727723,2698.58056727723,2698.58056727723
"theta1",1913.0449615244,1913.0449615244,1913.0449615244,1913.0449615244
