"","AA","AB","BA","BB"
"EV",0.40945005970498,0.420073957876063,0.428173694089398,0.424288753238265
"STD",0.00721358270688393,0.00766094614931972,0.0108007721596321,0.0108792150092604
"Q.05",0.397606789571736,0.407494539788703,0.410446408741458,0.406435240581024
"Q.95",0.421337657765066,0.43269718027312,0.445978859867326,0.442225751938531
"theta0",1003.58675058248,1003.58675058248,1003.58675058248,1003.58675058248
"theta1",728.229908397919,728.229908397919,728.229908397919,728.229908397919
