"","AA","AB","BA","BB"
"EV",0.426035354820698,0.416151766204032,0.398693362157058,0.413596036484548
"STD",0.00829047565653524,0.00935763706110328,0.00959740218542997,0.0106242093473079
"Q.05",0.412422143999226,0.400793870479844,0.38295100179725,0.396166044223503
"Q.95",0.439695863475519,0.431578418818654,0.414524288568258,0.431117538026904
"theta0",740.432099448827,740.432099448827,740.432099448827,740.432099448827
"theta1",522.288887801356,522.288887801356,522.288887801356,522.288887801356
