"","AA","AB","BA","BB"
"EV",0.272200169667306,0.279286044573297,0.286940796956818,0.274627628847957
"STD",0.00583867830304382,0.00793940739206785,0.00867107458272147,0.00937968523393638
"Q.05",0.262641066042257,0.266305679654947,0.272767389776884,0.259312995896061
"Q.95",0.281848438318577,0.29242366203471,0.301292346793033,0.290168756648311
"theta0",1435.71540009883,1435.71540009883,1435.71540009883,1435.71540009883
"theta1",553.557182907665,553.557182907665,553.557182907665,553.557182907665
