"","AA","AB","BA","BB"
"EV",0.413506585713934,0.415803770113965,0.416077047290964,0.415853725222662
"STD",0.00573213106207105,0.00561193729535621,0.00531454062140077,0.00507896882249841
"Q.05",0.404091320958428,0.406585297823534,0.407346440289167,0.407509673699069
"Q.95",0.422948504411609,0.425047071390501,0.424829844526709,0.424218100131295
"theta0",3958.30287469878,3958.30287469878,3958.30287469878,3958.30287469878
"theta1",2811.66554313519,2811.66554313519,2811.66554313519,2811.66554313519
