"","AA","AB","BA","BB"
"EV",0.420161890136627,0.412310119468226,0.416676342148065,0.418239198678353
"STD",0.00658553938812603,0.00580063508699702,0.0070368966939099,0.00659426406531126
"Q.05",0.409345688461212,0.402782694585478,0.405120843508311,0.407409101158589
"Q.95",0.431010420620574,0.421865240689377,0.428270456095448,0.429102533765172
"theta0",2520.64296723624,2520.64296723624,2520.64296723624,2520.64296723624
"theta1",1801.82637453159,1801.82637453159,1801.82637453159,1801.82637453159
