"","AA","AB","BA","BB"
"EV",0.241686891212289,0.239033783110284,0.232667054192311,0.236477355751857
"STD",0.00546741552753385,0.00567343815560479,0.00695476105624126,0.00704287280944601
"Q.05",0.23274185629778,0.229754502752443,0.221310238121376,0.224975558821675
"Q.95",0.250727758886259,0.248418106184043,0.244188637449233,0.248143848093505
"theta0",2493.52550770831,2493.52550770831,2493.52550770831,2493.52550770831
"theta1",776.561726494654,776.561726494654,776.561726494654,776.561726494654
