"","AA","AB","BA","BB"
"EV",0.277566384478529,0.275021212925841,0.274039808023354,0.271669953741388
"STD",0.00513308497983551,0.00573297383768691,0.00549673605890351,0.00595192554365231
"Q.05",0.269156499123921,0.265633562288786,0.265037577715055,0.261926492722506
"Q.95",0.286042747977077,0.284493219927097,0.283120095841161,0.281506402364463
"theta0",3593.2916985981,3593.2916985981,3593.2916985981,3593.2916985981
"theta1",1360.11569951974,1360.11569951974,1360.11569951974,1360.11569951974
