"","AA","AB","BA","BB"
"EV",0.275434847892656,0.273640818557331,0.27876362454147,0.276437983148288
"STD",0.00475135502206556,0.00561859085325311,0.00587845355108006,0.00614373094707845
"Q.05",0.267648494451338,0.264440019505796,0.269137746307764,0.266380514617288
"Q.95",0.283278978402495,0.282923393358615,0.288475995892763,0.286591416540467
"theta0",3659.56558549087,3659.56558549087,3659.56558549087,3659.56558549087
"theta1",1395.6196373475,1395.6196373475,1395.6196373475,1395.6196373475
