"","AA","AB","BA","BB"
"EV",0.415373453581513,0.418026780436376,0.414746951930347,0.415734120536927
"STD",0.00538103971196888,0.00563868718006479,0.00528553619004445,0.0055532121261292
"Q.05",0.406533843637422,0.408764075897607,0.406064117833775,0.406611996927977
"Q.95",0.424236014582814,0.427313852392172,0.423452103206934,0.424880577399824
"theta0",3879.43245767199,3879.43245767199,3879.43245767199,3879.43245767199
"theta1",2763.14717039151,2763.14717039151,2763.14717039151,2763.14717039151
