"","AA","AB","BA","BB"
"EV",0.275975714866775,0.274348523172571,0.275018536658994,0.274895799415898
"STD",0.00437681655672078,0.00521202217660656,0.00494262938424335,0.00535672810001985
"Q.05",0.268800948469964,0.265810583368941,0.266920031247318,0.266121679842638
"Q.95",0.283199329757628,0.282956497067427,0.283179740190852,0.283743625976039
"theta0",4863.24925588276,4863.24925588276,4863.24925588276,4863.24925588276
"theta1",1845.30319275269,1845.30319275269,1845.30319275269,1845.30319275269
