"","AA","AB","BA","BB"
"EV",0.234020391726575,0.234302346161203,0.252422250195711,0.252057310913264
"STD",0.00661515100248535,0.00872944026029959,0.00868405599473776,0.0108234514894268
"Q.05",0.223213597121237,0.220072792688676,0.238251278895032,0.234430568938577
"Q.95",0.244974897290971,0.248788700503406,0.266818349479281,0.270034734801795
"theta0",856.91361839951,856.91361839951,856.91361839951,856.91361839951
"theta1",275.382894089047,275.382894089047,275.382894089047,275.382894089047
