"","AA","AB","BA","BB"
"EV",0.413111720447053,0.417450688130921,0.414881651656804,0.420724064606926
"STD",0.00598768411364428,0.00641660089606323,0.00646365896265927,0.00677382785393208
"Q.05",0.403277383585583,0.406912106698592,0.404266431157594,0.409598956400778
"Q.95",0.422975282408948,0.428021060254142,0.425530193942206,0.431883123913146
"theta0",2590.22603672058,2590.22603672058,2590.22603672058,2590.22603672058
"theta1",1849.24147757927,1849.24147757927,1849.24147757927,1849.24147757927
