"","AA","AB","BA","BB"
"EV",0.239481152510252,0.240095754930656,0.24058540750692,0.239602228148456
"STD",0.00407266092863291,0.00498378133495009,0.00493940590063973,0.00518361574884148
"Q.05",0.232809265110783,0.231938518084963,0.232500314662583,0.231119745152154
"Q.95",0.246207000114304,0.248333469526799,0.248749292299463,0.248172061805058
"theta0",5047.16853140273,5047.16853140273,5047.16853140273,5047.16853140273
"theta1",1593.39963967444,1593.39963967444,1593.39963967444,1593.39963967444
