"","AA","AB","BA","BB"
"EV",0.2774645188778,0.272564917756307,0.278108510318987,0.278934428921273
"STD",0.00548327787858394,0.00530249690588232,0.00637444036183156,0.0063323654482061
"Q.05",0.268483345425737,0.263879828453974,0.267674660110548,0.268568830296125
"Q.95",0.286521604516608,0.281323364978392,0.288644518157952,0.289400282652019
"theta0",3190.03901713428,3190.03901713428,3190.03901713428,3190.03901713428
"theta1",1220.81561213976,1220.81561213976,1220.81561213976,1220.81561213976
