"","AA","AB","BA","BB"
"EV",0.275978735741142,0.27264227822513,0.274109350624479,0.27943545013112
"STD",0.00566218989937886,0.0060137323386283,0.00550301012097288,0.0059060551310341
"Q.05",0.266706210913789,0.26279781746322,0.265096871442862,0.26976438120992
"Q.95",0.28533301969177,0.282581052882822,0.283200029217647,0.289193433061006
"theta0",3264.69480346775,3264.69480346775,3264.69480346775,3264.69480346775
"theta1",1241.74483261274,1241.74483261274,1241.74483261274,1241.74483261274
