"","AA","AB","BA","BB"
"EV",0.241029772179967,0.23492724129682,0.241816116107375,0.241012920394257
"STD",0.00553553293790073,0.0056602478255988,0.0057392759055397,0.00586436661366952
"Q.05",0.231974119950134,0.225670888010432,0.232428772532735,0.231422457568782
"Q.95",0.250184093490657,0.244291071223246,0.251308971014082,0.250714139003959
"theta0",3123.31645890197,3123.31645890197,3123.31645890197,3123.31645890197
"theta1",984.71406804539,984.71406804539,984.71406804539,984.71406804539
