"","AA","AB","BA","BB"
"EV",0.277571324182864,0.274634032104333,0.274561114254581,0.275451280333573
"STD",0.00506978119227452,0.00470584329206561,0.00538259841255196,0.00521738449027427
"Q.05",0.269264746474997,0.266922140246461,0.265744883763288,0.26690433234843
"Q.95",0.285942748000089,0.282402904290292,0.28345193262558,0.284067889911405
"theta0",4522.47397033557,4522.47397033557,4522.47397033557,4522.47397033557
"theta1",1720.26007993079,1720.26007993079,1720.26007993079,1720.26007993079
