"","AA","AB","BA","BB"
"EV",0.414801385214157,0.416917881910977,0.414816773553205,0.415631942717078
"STD",0.00509547484560993,0.00513810407190344,0.00559290966587554,0.00559738760226756
"Q.05",0.406430385146005,0.408476658406126,0.405629669082782,0.406437365535083
"Q.95",0.423193112029035,0.425379626815761,0.424028845168201,0.424851273642266
"theta0",4096.55007647642,4096.55007647642,4096.55007647642,4096.55007647642
"theta1",2912.64374739038,2912.64374739038,2912.64374739038,2912.64374739038
