"","AA","AB","BA","BB"
"EV",0.420403019504205,0.412757734469805,0.415658601777685,0.416558737237462
"STD",0.00662992583015709,0.00599316891493024,0.00664636768440142,0.00608470963624173
"Q.05",0.409513972733148,0.402914466007948,0.404743627477389,0.406564645628997
"Q.95",0.431324728348167,0.422630408369748,0.426608468311865,0.426581741649764
"theta0",2673.34634637756,2673.34634637756,2673.34634637756,2673.34634637756
"theta1",1907.03302148884,1907.03302148884,1907.03302148884,1907.03302148884
