"","AA","AB","BA","BB"
"EV",0.417686521624714,0.413567740802887,0.421247407813066,0.424365007256356
"STD",0.00740017134731392,0.00589315095660693,0.00866719036379428,0.0083017488574351
"Q.05",0.405535237798747,0.403888364193434,0.407018482598673,0.410733879082468
"Q.95",0.429879965270394,0.423275269031789,0.435531540547589,0.438044682702006
"theta0",1768.72778035331,1768.72778035331,1768.72778035331,1768.72778035331
"theta1",1276.71173612114,1276.71173612114,1276.71173612114,1276.71173612114
