"","AA","AB","BA","BB"
"EV",0.239688415375954,0.241374352154744,0.242138026032914,0.237058193508878
"STD",0.00556931162416592,0.00499391367967834,0.00559534399815522,0.00500106778281387
"Q.05",0.230578264132601,0.233200266187024,0.232984694473589,0.228873644989117
"Q.95",0.248899344983798,0.249628554805689,0.251391426142096,0.245325446272585
"theta0",3852.35560127584,3852.35560127584,3852.35560127584,3852.35560127584
"theta1",1217.01970958351,1217.01970958351,1217.01970958351,1217.01970958351
