"","AA","AB","BA","BB"
"EV",0.239509526092464,0.240932932754041,0.23992106313143,0.238608506304194
"STD",0.00457292886090232,0.00493373641010098,0.00449730131044167,0.00486680428254812
"Q.05",0.232021827602554,0.232856982467185,0.232556549406188,0.230642192204072
"Q.95",0.247065244870396,0.249087311510761,0.247351184422379,0.246652332484967
"theta0",5108.25680175644,5108.25680175644,5108.25680175644,5108.25680175644
"theta1",1610.9342124649,1610.9342124649,1610.9342124649,1610.9342124649
