"","AA","AB","BA","BB"
"EV",0.275834561547886,0.272862460733216,0.280172066658609,0.277811152210812
"STD",0.00511071287899339,0.00593983105885374,0.00663250246331818,0.00688897770023655
"Q.05",0.267461573078699,0.263138332920967,0.26931720576764,0.266539689923968
"Q.95",0.284274220107401,0.282678462597198,0.291136002921684,0.289202174424294
"theta0",2902.38233791105,2902.38233791105,2902.38233791105,2902.38233791105
"theta1",1110.18851991264,1110.18851991264,1110.18851991264,1110.18851991264
