"","AA","AB","BA","BB"
"EV",0.275392984168687,0.273407395931203,0.272689592135595,0.277685541135384
"STD",0.0059310767011979,0.00560442831984964,0.0055273327827913,0.00497291618980417
"Q.05",0.265682344051252,0.264229749842574,0.263637832781112,0.269537038079479
"Q.95",0.285193688081401,0.282666533195104,0.281820997307623,0.285896387745039
"theta0",3728.73950359402,3728.73950359402,3728.73950359402,3728.73950359402
"theta1",1412.94102640896,1412.94102640896,1412.94102640896,1412.94102640896
