"","AA","AB","BA","BB"
"EV",0.412009745293316,0.416542259287187,0.419396515323027,0.414564731781919
"STD",0.00672944940443561,0.00605514355401487,0.00663600498659792,0.00594995879697156
"Q.05",0.400959372773843,0.406596663695614,0.408497717288161,0.404792008985441
"Q.95",0.423097532491972,0.42651649329966,0.430328471089362,0.424365800628627
"theta0",2677.90470146091,2677.90470146091,2677.90470146091,2677.90470146091
"theta1",1904.66132712018,1904.66132712018,1904.66132712018,1904.66132712018
