"","AA","AB","BA","BB"
"EV",0.415693513703661,0.414635746242149,0.418948332664633,0.414554588970865
"STD",0.006280190451047,0.00600696257080097,0.00587473340553072,0.005264669565468
"Q.05",0.405378989137835,0.404769518303459,0.409298241588676,0.405906016708663
"Q.95",0.42603917710426,0.424530840639716,0.428624560940564,0.423225355481233
"theta0",3308.81234820741,3308.81234820741,3308.81234820741,3308.81234820741
"theta1",2356.59379494934,2356.59379494934,2356.59379494934,2356.59379494934
