"","AA","AB","BA","BB"
"EV",0.412099747098504,0.418585040779282,0.416691339860221,0.41554042347953
"STD",0.00607259827029875,0.0061729229301819,0.00598926957121177,0.00603880415911462
"Q.05",0.402126339320551,0.408445887304891,0.406853763777809,0.40562180872788
"Q.95",0.422103587270248,0.428753189170625,0.426556881586282,0.425487884163591
"theta0",2973.84136423494,2973.84136423494,2973.84136423494,2973.84136423494
"theta1",2116.03038769132,2116.03038769132,2116.03038769132,2116.03038769132
