"","AA","AB","BA","BB"
"EV",0.273913509455404,0.276460287622561,0.276276393337088,0.276967441413189
"STD",0.00494148897728396,0.00559587830277368,0.00463531120317528,0.00553105988613846
"Q.05",0.265817099793393,0.267295751377208,0.2686793622011,0.267908469744778
"Q.95",0.282073053966928,0.285704421224323,0.283928103901313,0.286103912520613
"theta0",4408.18108384891,4408.18108384891,4408.18108384891,4408.18108384891
"theta1",1679.72623415362,1679.72623415362,1679.72623415362,1679.72623415362
