"","AA","AB","BA","BB"
"EV",0.280022494064628,0.273168037348274,0.269202972718573,0.271859839322232
"STD",0.00574016416988652,0.00753851128700788,0.00641893038033931,0.00779627822410085
"Q.05",0.270621715124088,0.260842320721777,0.258699872468301,0.259115994238327
"Q.95",0.289505048317385,0.28564145977179,0.279816028024892,0.284763057751013
"theta0",2108.64757415825,2108.64757415825,2108.64757415825,2108.64757415825
"theta1",794.109630542016,794.109630542016,794.109630542016,794.109630542016
