"","AA","AB","BA","BB"
"EV",0.276350933627212,0.274221250330499,0.27613518705646,0.277669335571408
"STD",0.00476152137473424,0.00482368067836761,0.00556919055850902,0.00559262070976804
"Q.05",0.268547803207295,0.266317064805944,0.267014255235795,0.268509787371162
"Q.95",0.284211733298977,0.282185471851172,0.28533513076463,0.286907745873741
"theta0",4379.2855734855,4379.2855734855,4379.2855734855,4379.2855734855
"theta1",1670.3009775979,1670.3009775979,1670.3009775979,1670.3009775979
