"","AA","AB","BA","BB"
"EV",0.413319720115681,0.417543710338774,0.414733007064595,0.422762945150265
"STD",0.00613841805225049,0.00672569807697544,0.00734324677782988,0.00761767704457198
"Q.05",0.403238147377498,0.406498240903529,0.402675827420257,0.4102536877001
"Q.95",0.423431930163542,0.4286240663776,0.426833277459866,0.435313983688122
"theta0",2110.92817009975,2110.92817009975,2110.92817009975,2110.92817009975
"theta1",1510.45917771444,1510.45917771444,1510.45917771444,1510.45917771444
