"","AA","AB","BA","BB"
"EV",0.239920631632248,0.239936328019574,0.240581673896994,0.237871176647658
"STD",0.00476196318541957,0.00440560538353627,0.005152899071622,0.00502560964004642
"Q.05",0.232124779127987,0.232721308093014,0.232148912052307,0.229646439894091
"Q.95",0.247790042455472,0.247214300579412,0.249100189668204,0.246178977207092
"theta0",4840.66314736013,4840.66314736013,4840.66314736013,4840.66314736013
"theta1",1525.15916897868,1525.15916897868,1525.15916897868,1525.15916897868
