"","AA","AB","BA","BB"
"EV",0.240604589637042,0.236675815230482,0.239533529338277,0.23811239075062
"STD",0.00464041838281499,0.00541065352812721,0.00483747399726069,0.00560184060741575
"Q.05",0.23300663823374,0.227824769232778,0.231614752764989,0.228949874288452
"Q.95",0.24827207243923,0.245623919234072,0.247528413101575,0.247377949294007
"theta0",4222.79599768629,4222.79599768629,4222.79599768629,4222.79599768629
"theta1",1324.31637613872,1324.31637613872,1324.31637613872,1324.31637613872
