"","AA","AB","BA","BB"
"EV",0.2770617409887,0.27435447902443,0.272784202214628,0.276783383210006
"STD",0.00551058749553944,0.00581281071551413,0.00528618137974082,0.00497058551228576
"Q.05",0.268036131806169,0.264836890495275,0.264125669710521,0.268638874965139
"Q.95",0.286164228164934,0.283959178649497,0.281515534894522,0.284990554920207
"theta0",3923.79226818686,3923.79226818686,3923.79226818686,3923.79226818686
"theta1",1490.2277196989,1490.2277196989,1490.2277196989,1490.2277196989
