"","AA","AB","BA","BB"
"EV",0.237480165785612,0.239421470426434,0.239934919067483,0.241804098232332
"STD",0.0049957425557898,0.00503162276072309,0.00496908864322913,0.00499038377306474
"Q.05",0.229304170313199,0.231186508543121,0.231801655076957,0.233635645711451
"Q.95",0.245738456081354,0.24773883421798,0.248148273126511,0.2500523244815
"theta0",4402.84080230929,4402.84080230929,4402.84080230929,4402.84080230929
"theta1",1387.84367158201,1387.84367158201,1387.84367158201,1387.84367158201
