"","AA","AB","BA","BB"
"EV",0.238918329037089,0.240622728021183,0.238928650898549,0.238733405130163
"STD",0.00477822394836668,0.0043450775419191,0.00499292366220799,0.00475639518191899
"Q.05",0.231096234311501,0.233506263713588,0.230756844568683,0.23094692041581
"Q.95",0.246814984422249,0.247800145990764,0.247181864623512,0.246593862324105
"theta0",5122.72334117576,5122.72334117576,5122.72334117576,5122.72334117576
"theta1",1611.57885411664,1611.57885411664,1611.57885411664,1611.57885411664
