"","AA","AB","BA","BB"
"EV",0.276293670835585,0.274634963513637,0.275173533553913,0.275298007635714
"STD",0.00452427410207027,0.00473810365001425,0.00508927669061703,0.00515602991662878
"Q.05",0.268877979467928,0.266870400791692,0.266835672589818,0.266851197704147
"Q.95",0.283761446927855,0.282457290256183,0.283577800033334,0.283812920018385
"theta0",5038.92543263068,5038.92543263068,5038.92543263068,5038.92543263068
"theta1",1914.74571761669,1914.74571761669,1914.74571761669,1914.74571761669
