"","AA","AB","BA","BB"
"EV",0.415263249173172,0.41875012018157,0.415124983077947,0.418801545074555
"STD",0.00541523854698191,0.00637803209686916,0.00548226006726933,0.0063925811891425
"Q.05",0.406367548366637,0.408274528748986,0.406119349851717,0.408302081966886
"Q.95",0.424182225804267,0.429256599714582,0.42415451318297,0.429332016695398
"theta0",3245.24031416418,3245.24031416418,3245.24031416418,3245.24031416418
"theta1",2321.10985036471,2321.10985036471,2321.10985036471,2321.10985036471
