"","AA","AB","BA","BB"
"EV",0.414527142929656,0.418563412443905,0.412023073800229,0.413809636565635
"STD",0.00568920218758968,0.00587406462372323,0.00664697246162626,0.00669534340551195
"Q.05",0.405182127979842,0.408914484043754,0.401107909329527,0.402814772656947
"Q.95",0.423898085435104,0.428238602940138,0.422974735314953,0.424840732261747
"theta0",2840.40692058128,2840.40692058128,2840.40692058128,2840.40692058128
"theta1",2012.79276608822,2012.79276608822,2012.79276608822,2012.79276608822
