"","AA","AB","BA","BB"
"EV",0.414603278781365,0.414798832497585,0.416556282798043,0.417863566865779
"STD",0.00524822325911084,0.00579204414041564,0.00537105722686743,0.00585673085355384
"Q.05",0.405981682919807,0.405285081154159,0.407732880991742,0.408243191964371
"Q.95",0.423246917094556,0.4243393668979,0.425402212527079,0.427510285818517
"theta0",3727.7395907566,3727.7395907566,3727.7395907566,3727.7395907566
"theta1",2654.93427161079,2654.93427161079,2654.93427161079,2654.93427161079
