"","AA","AB","BA","BB"
"EV",0.2748427939173,0.274455378266938,0.279152331819148,0.276298819674966
"STD",0.00468683900660106,0.00588938282888093,0.00582470828737629,0.00624926968215692
"Q.05",0.267161891379337,0.26481296788355,0.269613955701226,0.266069469874085
"Q.95",0.282580138405788,0.284187150063342,0.288775404713674,0.286627553384061
"theta0",3588.71009390203,3588.71009390203,3588.71009390203,3588.71009390203
"theta1",1369.40563316938,1369.40563316938,1369.40563316938,1369.40563316938
