"","AA","AB","BA","BB"
"EV",0.422429480103882,0.416157092673043,0.405225381395871,0.410754300407736
"STD",0.00698754202548054,0.0092106283063299,0.00800307240450709,0.00980610746884248
"Q.05",0.4109535101614,0.401039945650335,0.392089952506832,0.394664659154131
"Q.95",0.433940761960057,0.431340847585503,0.418418107673211,0.426924622075605
"theta0",1188.54910600694,1188.54910600694,1188.54910600694,1188.54910600694
"theta1",838.462647719573,838.462647719573,838.462647719573,838.462647719573
