"","AA","AB","BA","BB"
"EV",0.237969133395826,0.239063859842616,0.24044378071029,0.239582124335905
"STD",0.00488817259923406,0.005106087316619,0.00433659308840823,0.00483900387366401
"Q.05",0.229968183609705,0.230707751584299,0.23334118939714,0.23166084301626
"Q.95",0.246048613489545,0.247505031145108,0.247607160624253,0.247579536211961
"theta0",4949.49761337749,4949.49761337749,4949.49761337749,4949.49761337749
"theta1",1556.77455090627,1556.77455090627,1556.77455090627,1556.77455090627
