"","AA","AB","BA","BB"
"EV",0.275226201314564,0.274249572404719,0.275553885814929,0.276472708754969
"STD",0.00492861685371093,0.00508852390422914,0.00465261139709785,0.00488229682899987
"Q.05",0.267150522876112,0.265913147423814,0.26792873795375,0.268472380230926
"Q.95",0.283364136098155,0.282652795526077,0.283234389651947,0.284533620193899
"theta0",4978.02453172813,4978.02453172813,4978.02453172813,4978.02453172813
"theta1",1891.84697400489,1891.84697400489,1891.84697400489,1891.84697400489
