"","AA","AB","BA","BB"
"EV",0.275297674930552,0.276529201259437,0.275580298487838,0.275949611694583
"STD",0.00433129683982418,0.00513177698067789,0.00496950829509297,0.00531503189599239
"Q.05",0.268197384997772,0.268121684116988,0.267437803995907,0.267243245946339
"Q.95",0.282446020402135,0.28500362682763,0.283785936783359,0.284728030370802
"theta0",4952.2858875173,4952.2858875173,4952.2858875173,4952.2858875173
"theta1",1886.44001750006,1886.44001750006,1886.44001750006,1886.44001750006
