"","AA","AB","BA","BB"
"EV",0.274818622145048,0.276957638493294,0.27480479529551,0.275418172334512
"STD",0.00489828085865925,0.00487496115842749,0.00492076790396156,0.00486974576159503
"Q.05",0.26679254371502,0.268969186131116,0.266742016284657,0.267438547898823
"Q.95",0.282906360957345,0.285006295600406,0.282929807997837,0.283458496302821
"theta0",4952.81869157502,4952.81869157502,4952.81869157502,4952.81869157502
"theta1",1883.43965550251,1883.43965550251,1883.43965550251,1883.43965550251
