"","AA","AB","BA","BB"
"EV",0.241485990755532,0.237099143195484,0.239920509126155,0.241215074282225
"STD",0.00487122473808391,0.00491809522786505,0.00543505187239554,0.00547081298094475
"Q.05",0.233511728849275,0.229049694205046,0.231028708050304,0.232264664094475
"Q.95",0.249536423477006,0.245228552400119,0.248908137961638,0.250261739814985
"theta0",4076.45613542166,4076.45613542166,4076.45613542166,4076.45613542166
"theta1",1286.86688046186,1286.86688046186,1286.86688046186,1286.86688046186
