"","AA","AB","BA","BB"
"EV",0.274050110017078,0.275838636971381,0.274366467267546,0.27841475404491
"STD",0.00527143619987912,0.00571660411562392,0.00506045754237946,0.00527775233803398
"Q.05",0.265415320072742,0.266477439899919,0.266075812945407,0.269768615584386
"Q.95",0.282756683523276,0.285283250863981,0.282723133045446,0.287130772046676
"theta0",4024.66467894026,4024.66467894026,4024.66467894026,4024.66467894026
"theta1",1531.7697400835,1531.7697400835,1531.7697400835,1531.7697400835
