"","AA","AB","BA","BB"
"EV",0.416339281870666,0.418224791464222,0.413626916124089,0.415975402827058
"STD",0.00582684492741929,0.00585064557602149,0.0055029787001566,0.00552062869327564
"Q.05",0.406768188445321,0.408614337709533,0.404587519492419,0.406906696505015
"Q.95",0.425936962658711,0.427861412555523,0.422690841535953,0.425068084767811
"theta0",3534.7714808559,3534.7714808559,3534.7714808559,3534.7714808559
"theta1",2518.39193929458,2518.39193929458,2518.39193929458,2518.39193929458
