"","AA","AB","BA","BB"
"EV",0.240499902511816,0.238471935826558,0.240907638448545,0.239892723141328
"STD",0.004493481398391,0.00453724568351156,0.0050599921509225,0.00507907642616592
"Q.05",0.233141488343775,0.231042635611104,0.232626064742432,0.231580357789068
"Q.95",0.247923559438868,0.245968666023458,0.24927172079868,0.248288787683831
"theta0",4948.99887918342,4948.99887918342,4948.99887918342,4948.99887918342
"theta1",1562.42310549289,1562.42310549289,1562.42310549289,1562.42310549289
