"","AA","AB","BA","BB"
"EV",0.415460999610296,0.416398298061735,0.41408988586727,0.415874719996839
"STD",0.00527992769217555,0.00510535163611709,0.00548840680190884,0.0053708397205675
"Q.05",0.406787268197677,0.408010885274382,0.405074323983472,0.407051772599531
"Q.95",0.424156803307937,0.42480610538945,0.423129708012881,0.424720388162372
"theta0",4161.56673461128,4161.56673461128,4161.56673461128,4161.56673461128
"theta1",2957.83022986295,2957.83022986295,2957.83022986295,2957.83022986295
