"","AA","AB","BA","BB"
"EV",0.238693158745961,0.239652747838809,0.239438010199241,0.242930541792206
"STD",0.00524887299533253,0.00577285737728059,0.00449778964836125,0.00554257392209047
"Q.05",0.230104725208212,0.230211576657534,0.232072807586452,0.233862803330135
"Q.95",0.247371703901725,0.249202226319025,0.246869047316477,0.252095950715334
"theta0",3992.66747746235,3992.66747746235,3992.66747746235,3992.66747746235
"theta1",1262.13399469073,1262.13399469073,1262.13399469073,1262.13399469073
