"","AA","AB","BA","BB"
"EV",0.278424654832961,0.27357586402542,0.273504750881733,0.276164066812097
"STD",0.0053765620734707,0.00558337144494933,0.0053439082153119,0.00557052156900093
"Q.05",0.269617310170454,0.264432500976826,0.264751887408037,0.267040956896411
"Q.95",0.287304515831504,0.282800015726524,0.282331655580596,0.285366211084344
"theta0",3748.17214036623,3748.17214036623,3748.17214036623,3748.17214036623
"theta1",1424.75173009318,1424.75173009318,1424.75173009318,1424.75173009318
