"","AA","AB","BA","BB"
"EV",0.241216160809312,0.239768879763234,0.239439986499643,0.239156370469697
"STD",0.00482051669329108,0.00475627667625096,0.00459858105032184,0.00452324955428616
"Q.05",0.233324582035245,0.231982330202845,0.231910494296295,0.23174972867432
"Q.95",0.249182467339476,0.247628886663888,0.247038296445367,0.246629720086105
"theta0",5207.85736327897,5207.85736327897,5207.85736327897,5207.85736327897
"theta1",1643.71543444003,1643.71543444003,1643.71543444003,1643.71543444003
