"","AA","AB","BA","BB"
"EV",0.275865610785992,0.274251154349348,0.277807787518659,0.277852562414042
"STD",0.00491461674572524,0.0049259662986782,0.00567184550234948,0.00568078665420259
"Q.05",0.267812650146977,0.266180007360084,0.268519016211941,0.268549200095708
"Q.95",0.283980209719601,0.282384898369028,0.287177596220366,0.287237193443957
"theta0",4141.30737670257,4141.30737670257,4141.30737670257,4141.30737670257
"theta1",1582.30040038755,1582.30040038755,1582.30040038755,1582.30040038755
