"","AA","AB","BA","BB"
"EV",0.276355680939074,0.274792130605524,0.275327581708279,0.275044596022566
"STD",0.00473137262545138,0.00506354192295258,0.00458441236253664,0.00497275124582991
"Q.05",0.268601775066455,0.26649634849965,0.267813845050922,0.266896923186144
"Q.95",0.284166526146876,0.283153816455749,0.28289514474114,0.283255722568077
"theta0",5113.91724858163,5113.91724858163,5113.91724858163,5113.91724858163
"theta1",1943.53351254625,1943.53351254625,1943.53351254625,1943.53351254625
