"","AA","AB","BA","BB"
"EV",0.275160820277918,0.27355190774498,0.279935832128001,0.277895572263488
"STD",0.00484544450408333,0.00637289292641624,0.00652464647314816,0.00691717893256597
"Q.05",0.267220917213156,0.263122176175943,0.269256698698459,0.266578180658897
"Q.95",0.283160922227424,0.284086915671372,0.290720689083099,0.289333436697338
"theta0",2944.75031557869,2944.75031557869,2944.75031557869,2944.75031557869
"theta1",1126.20322310738,1126.20322310738,1126.20322310738,1126.20322310738
