"","AA","AB","BA","BB"
"EV",0.416748305492444,0.415952508135895,0.413093192088251,0.418072718564899
"STD",0.00610729130083562,0.00611783487341801,0.00548428798180313,0.00558925129456053
"Q.05",0.406717141794357,0.40590419934095,0.404084536574291,0.408891110892983
"Q.95",0.426808527092699,0.426030270132235,0.422126369905567,0.427278254013825
"theta0",3332.3355400781,3332.3355400781,3332.3355400781,3332.3355400781
"theta1",2373.43728298545,2373.43728298545,2373.43728298545,2373.43728298545
