"","AA","AB","BA","BB"
"EV",0.415378156485931,0.416455640565117,0.416662480327296,0.413723787295604
"STD",0.00524642088291986,0.00536233586934804,0.00552910076506493,0.00560727751768955
"Q.05",0.406759411671664,0.40764656221364,0.407579770999224,0.404513284724402
"Q.95",0.424018716895756,0.42528720236309,0.425769030991712,0.422959727123151
"theta0",3931.25073239251,3931.25073239251,3931.25073239251,3931.25073239251
"theta1",2795.26490135989,2795.26490135989,2795.26490135989,2795.26490135989
