"","AA","AB","BA","BB"
"EV",0.237026178374101,0.238119445424387,0.245333240115271,0.240041720834281
"STD",0.00537356923201889,0.00617620031778585,0.00600055037128948,0.00653773960224418
"Q.05",0.228235350735601,0.228023356286671,0.235519722582852,0.229357635493601
"Q.95",0.24591251293517,0.248340790679186,0.255259417201272,0.250864364460174
"theta0",2734.71833294967,2734.71833294967,2734.71833294967,2734.71833294967
"theta1",864.250554486518,864.250554486518,864.250554486518,864.250554486518
