"","AA","AB","BA","BB"
"EV",0.239946426875303,0.239896612986211,0.23916032410853,0.241295363581955
"STD",0.00466557766325819,0.00508568552602773,0.0043140503707477,0.00496177492886454
"Q.05",0.232307628237606,0.231573485013532,0.232094757592062,0.233173646044761
"Q.95",0.247655823510536,0.248303655975187,0.246286568188712,0.249496211539711
"theta0",5055.07566930687,5055.07566930687,5055.07566930687,5055.07566930687
"theta1",1597.06496188686,1597.06496188686,1597.06496188686,1597.06496188686
