"","AA","AB","BA","BB"
"EV",0.274929118731283,0.273802470084325,0.276488753236205,0.274103373200307
"STD",0.00477810686815686,0.00547446334487915,0.00468252753324456,0.00542145525836697
"Q.05",0.267099189262957,0.264836620655644,0.268814579239755,0.265223887828018
"Q.95",0.282817676218909,0.282845868750875,0.284218647035612,0.283058759855786
"theta0",4573.24048098186,4573.24048098186,4573.24048098186,4573.24048098186
"theta1",1733.27214132247,1733.27214132247,1733.27214132247,1733.27214132247
