"","AA","AB","BA","BB"
"EV",0.273721334469676,0.276255032956791,0.275789277562426,0.276050487075534
"STD",0.00501967164389281,0.00450497056092865,0.0055386869642778,0.00541333975313638
"Q.05",0.265497377364162,0.268870877590793,0.266718178389358,0.267183742390975
"Q.95",0.282010524301468,0.283690842859028,0.284938706770522,0.284991924784354
"theta0",4535.40542530634,4535.40542530634,4535.40542530634,4535.40542530634
"theta1",1724.309605477,1724.309605477,1724.309605477,1724.309605477
