"","AA","AB","BA","BB"
"EV",0.414739068996384,0.414464495707944,0.416860023087529,0.417061766930094
"STD",0.00537897533653649,0.00539844093290526,0.00545259576196202,0.00550952758213588
"Q.05",0.405902937205376,0.405596468834599,0.407902799320407,0.408011109021104
"Q.95",0.423598316411096,0.423355885337182,0.425840374767754,0.426135977788056
"theta0",3924.3403256716,3924.3403256716,3924.3403256716,3924.3403256716
"theta1",2792.95293910002,2792.95293910002,2792.95293910002,2792.95293910002
