"","AA","AB","BA","BB"
"EV",0.276686545620271,0.275481138128559,0.275185855134638,0.27153574709098
"STD",0.00504325349377827,0.00561634863928823,0.00540459465873299,0.0058265711078576
"Q.05",0.268423455313108,0.266283489867918,0.266333592026588,0.261996572150443
"Q.95",0.285014187296682,0.284759495557449,0.28411300294626,0.281164113060285
"theta0",3774.68222534238,3774.68222534238,3774.68222534238,3774.68222534238
"theta1",1429.83660882941,1429.83660882941,1429.83660882941,1429.83660882941
