"","AA","AB","BA","BB"
"EV",0.278089108136531,0.277495195717792,0.27286101950918,0.271520145911946
"STD",0.00631542758169978,0.0054130700853202,0.00654520095668574,0.00590977454330316
"Q.05",0.267751387713771,0.268628527892506,0.262151020928145,0.261845405152453
"Q.95",0.288527115966009,0.286435828562543,0.283682580887063,0.28128665342932
"theta0",2924.94947425146,2924.94947425146,2924.94947425146,2924.94947425146
"theta1",1109.45759315505,1109.45759315505,1109.45759315505,1109.45759315505
