"","AA","AB","BA","BB"
"EV",0.274861352137657,0.273874054050443,0.277799785863452,0.276785905527935
"STD",0.00494875896046908,0.00519262457690344,0.00530961233034428,0.00543025041264459
"Q.05",0.266752875815429,0.26536787105305,0.269101813977876,0.267891393255016
"Q.95",0.283032748458219,0.282449971973256,0.286568776470239,0.285755208413266
"theta0",4233.78532151238,4233.78532151238,4233.78532151238,4233.78532151238
"theta1",1612.67272034965,1612.67272034965,1612.67272034965,1612.67272034965
