"","AA","AB","BA","BB"
"EV",0.277511772594493,0.274229068484582,0.277735502384345,0.273951279459991
"STD",0.00532388081406126,0.00506311861439342,0.00560078398646505,0.00538785357838736
"Q.05",0.268790592340244,0.265934102539346,0.268562624585357,0.265126632160023
"Q.95",0.286304492085486,0.282590176190284,0.286987437593456,0.282850966297568
"theta0",3992.04722565717,3992.04722565717,3992.04722565717,3992.04722565717
"theta1",1520.79774512888,1520.79774512888,1520.79774512888,1520.79774512888
