"","AA","AB","BA","BB"
"EV",0.413246448892805,0.416091230108751,0.41815251266382,0.419099149473215
"STD",0.00555109962929753,0.00674094924308837,0.00579668340754635,0.00679050264070941
"Q.05",0.404128172603711,0.405021080403687,0.408630592737253,0.407947065684291
"Q.95",0.422389801663899,0.427197077661214,0.42770014330737,0.430286088325748
"theta0",2873.44157982755,2873.44157982755,2873.44157982755,2873.44157982755
"theta1",2052.32772658124,2052.32772658124,2052.32772658124,2052.32772658124
