"","AA","AB","BA","BB"
"EV",0.277842344092829,0.276927288745615,0.276653118576152,0.268682850963853
"STD",0.00679279912009346,0.00556555655605856,0.00745113678405498,0.00673997047007305
"Q.05",0.266727406216303,0.267812071913881,0.264467728277095,0.257657558025161
"Q.95",0.289073501310218,0.286120996115482,0.288979477799186,0.279829798454804
"theta0",2303.53294976191,2303.53294976191,2303.53294976191,2303.53294976191
"theta1",873.901331493533,873.901331493533,873.901331493533,873.901331493533
