"","AA","AB","BA","BB"
"EV",0.416217295076979,0.414996865820933,0.415758890604178,0.415205356782536
"STD",0.0049952623334165,0.00524954731363798,0.00518256360274592,0.00537237621835622
"Q.05",0.408010553785391,0.406373043630962,0.40724486900574,0.406379984510282
"Q.95",0.424443605410762,0.42364263387943,0.424294098491315,0.424053654386292
"theta0",4379.09552845891,4379.09552845891,4379.09552845891,4379.09552845891
"theta1",3113.56758356053,3113.56758356053,3113.56758356053,3113.56758356053
