"","AA","AB","BA","BB"
"EV",0.273630410517332,0.276041276798692,0.276157160733816,0.275635051582934
"STD",0.00513393698416863,0.00474957737782065,0.00520905630110426,0.00484606159642985
"Q.05",0.265220030314647,0.268257707742415,0.267623634865619,0.267694044969751
"Q.95",0.282109069248033,0.283882345405904,0.284759798026207,0.283636081294902
"theta0",4752.72589849171,4752.72589849171,4752.72589849171,4752.72589849171
"theta1",1806.13532063273,1806.13532063273,1806.13532063273,1806.13532063273
