"","AA","AB","BA","BB"
"EV",0.241111311691123,0.240319381196267,0.245349691792871,0.226072406824604
"STD",0.00694811081190959,0.00774796036020595,0.00800528483636433,0.00853610454506491
"Q.05",0.229760686310865,0.227672686047777,0.232282863999725,0.212162321606279
"Q.95",0.252617325904017,0.253160345802348,0.258617053652982,0.240242071693453
"theta0",1159.58145173139,1159.58145173139,1159.58145173139,1159.58145173139
"theta1",362.619120146146,362.619120146146,362.619120146146,362.619120146146
