"","AA","AB","BA","BB"
"EV",0.414639568444141,0.411817380514496,0.407921831553463,0.42304710874774
"STD",0.00863091017402541,0.00719484629629732,0.00862957760574286,0.00730875370863991
"Q.05",0.400472529206342,0.400004199257654,0.393759487814504,0.411044271507141
"Q.95",0.428866212539283,0.42367343172473,0.422148768449874,0.435088257556786
"theta0",1422.64993309726,1422.64993309726,1422.64993309726,1422.64993309726
"theta1",1006.57387348885,1006.57387348885,1006.57387348885,1006.57387348885
