"","AA","AB","BA","BB"
"EV",0.414205933359834,0.416378292918464,0.41668963094177,0.414676531068592
"STD",0.00536032579884893,0.00587872010348538,0.00500767488043795,0.0057494706507395
"Q.05",0.405400474237645,0.406722101383077,0.408462462414515,0.405232632534259
"Q.95",0.423034500289505,0.426061534084959,0.424936348677458,0.424146860449375
"theta0",3869.20881919805,3869.20881919805,3869.20881919805,3869.20881919805
"theta1",2750.38783169863,2750.38783169863,2750.38783169863,2750.38783169863
