"","AA","AB","BA","BB"
"EV",0.234318130237064,0.234518782091863,0.242317621544683,0.244709630421414
"STD",0.00727402688367659,0.00637314649949514,0.00710811619813905,0.00620282089200405
"Q.05",0.222442952205349,0.224104478355523,0.23070679147465,0.234567543022048
"Q.95",0.246371564758844,0.245069724600483,0.254089775182877,0.254972605425964
"theta0",1943.52202543348,1943.52202543348,1943.52202543348,1943.52202543348
"theta1",610.29576695735,610.29576695735,610.29576695735,610.29576695735
