"","AA","AB","BA","BB"
"EV",0.274994399742841,0.274734747628564,0.276236653301499,0.275513652836593
"STD",0.00456511298890899,0.00523464529235885,0.00460726789800259,0.00523097869883311
"Q.05",0.267512241146983,0.266159809611418,0.268685426007906,0.266944511836455
"Q.95",0.282530051729605,0.283380146593553,0.283841914709155,0.284152789716147
"theta0",4985.18596682408,4985.18596682408,4985.18596682408,4985.18596682408
"theta1",1894.51389034139,1894.51389034139,1894.51389034139,1894.51389034139
