"","AA","AB","BA","BB"
"EV",0.244163473124411,0.242786803271594,0.235931278870049,0.248233361219969
"STD",0.00678812820374629,0.00873571097415132,0.00545002419689554,0.00765804209148623
"Q.05",0.233070920901536,0.228539897360335,0.227016435615505,0.235727357820443
"Q.95",0.255401341625897,0.257276656245675,0.244945091682094,0.26091937277613
"theta0",1823.41111851144,1823.41111851144,1823.41111851144,1823.41111851144
"theta1",584.644005711986,584.644005711986,584.644005711986,584.644005711986
