"","AA","AB","BA","BB"
"EV",0.274048414263191,0.279280657203989,0.274472790516372,0.269989446100584
"STD",0.00546636055893468,0.00612465353310524,0.00701218584767839,0.00720670590075229
"Q.05",0.265095713598057,0.269253360447372,0.263002249785035,0.258204582739637
"Q.95",0.283078307473251,0.289401520023101,0.286070012848343,0.281912194319301
"theta0",2509.59974735663,2509.59974735663,2509.59974735663,2509.59974735663
"theta1",949.317659128206,949.317659128206,949.317659128206,949.317659128206
