"","AA","AB","BA","BB"
"EV",0.244004782450978,0.236634118732665,0.233412383046132,0.232514349590195
"STD",0.00589553962312784,0.00615044585566707,0.00791903509002296,0.00801444895401628
"Q.05",0.234362517759407,0.22658049675494,0.22049354928217,0.219441841898915
"Q.95",0.253756766399592,0.246813198215103,0.246543796459535,0.245805913969799
"theta0",1847.50623660249,1847.50623660249,1847.50623660249,1847.50623660249
"theta1",572.752511446227,572.752511446227,572.752511446227,572.752511446227
