"","AA","AB","BA","BB"
"EV",0.274709964027488,0.275486047684225,0.280125952288102,0.278120134953105
"STD",0.00486390644917159,0.00572673238753847,0.00623815057835324,0.00642269959042435
"Q.05",0.266740016521978,0.26610843928928,0.269913446927372,0.267607679982422
"Q.95",0.282740753660572,0.284947566960723,0.290434974262063,0.288736292603073
"theta0",3347.67385718203,3347.67385718203,3347.67385718203,3347.67385718203
"theta1",1283.33505546971,1283.33505546971,1283.33505546971,1283.33505546971
