"","AA","AB","BA","BB"
"EV",0.274663452873863,0.274876160815807,0.274052115273087,0.277355360953484
"STD",0.00521477180943275,0.00499240433834156,0.00515689219218076,0.00489375947470754
"Q.05",0.26612095295718,0.266696449784171,0.265604186051749,0.26933613983242
"Q.95",0.28327591304441,0.283119900433339,0.282568740817961,0.285435090354226
"theta0",4555.12573269823,4555.12573269823,4555.12573269823,4555.12573269823
"theta1",1729.92324456538,1729.92324456538,1729.92324456538,1729.92324456538
