"","AA","AB","BA","BB"
"EV",0.239541580176891,0.238974013787724,0.239880517457533,0.240510226786972
"STD",0.00449378047243549,0.00465370624618586,0.00454458158176346,0.00467423452147406
"Q.05",0.232182890200131,0.231354793208196,0.23243893995924,0.232857185919845
"Q.95",0.24696594174214,0.246663932590349,0.247389107666908,0.248233860900237
"theta0",5430.98736076021,5430.98736076021,5430.98736076021,5430.98736076021
"theta1",1712.55556488153,1712.55556488153,1712.55556488153,1712.55556488153
