"","AA","AB","BA","BB"
"EV",0.237463673320984,0.240248246024312,0.241387271005042,0.239257197336418
"STD",0.00521013071743269,0.00501155485282538,0.00505913916420915,0.0046709206292086
"Q.05",0.228938670333136,0.232045735664824,0.233106953005727,0.231609856647745
"Q.95",0.246078197398878,0.248532050724192,0.24974980548421,0.246975625311619
"theta0",4448.76053390376,4448.76053390376,4448.76053390376,4448.76053390376
"theta1",1401.77159980214,1401.77159980214,1401.77159980214,1401.77159980214
