"","AA","AB","BA","BB"
"EV",0.237595271409267,0.246813364928326,0.241650394896242,0.24365842204121
"STD",0.00509322305294493,0.00699343324288284,0.006254271283135,0.00731088889512688
"Q.05",0.229260530574429,0.23538623511001,0.231425975061688,0.23171798701059
"Q.95",0.246015484639133,0.258392031977278,0.252000256234712,0.255767996875724
"theta0",2440.06004598465,2440.06004598465,2440.06004598465,2440.06004598465
"theta1",780.874674992302,780.874674992302,780.874674992302,780.874674992302
