"","AA","AB","BA","BB"
"EV",0.415307226925051,0.417392419167178,0.411631129533333,0.414360932837622
"STD",0.00560385427123227,0.00562719609152272,0.00640992707287982,0.00643479473627299
"Q.05",0.406102092072434,0.408148665990348,0.401104684018943,0.403793150093639
"Q.95",0.42453727388547,0.42666063882994,0.422191675651789,0.424961954559328
"theta0",3092.58985994013,3092.58985994013,3092.58985994013,3092.58985994013
"theta1",2190.97459256022,2190.97459256022,2190.97459256022,2190.97459256022
