"","AA","AB","BA","BB"
"EV",0.246656187356219,0.234817605064279,0.24437679997431,0.239690427034659
"STD",0.00741480293849297,0.00623983630489269,0.00724106886430831,0.00611112673108168
"Q.05",0.234545519140886,0.224619598351286,0.232549188495199,0.229699404780967
"Q.95",0.258937390805302,0.24514632934504,0.256369540083833,0.249802794602619
"theta0",1965.36882809026,1965.36882809026,1965.36882809026,1965.36882809026
"theta1",625.392350232235,625.392350232235,625.392350232235,625.392350232235
