"","AA","AB","BA","BB"
"EV",0.276768996109672,0.27838421365155,0.272889182197964,0.275563849567187
"STD",0.004975476081867,0.00608585844366781,0.00532870846786213,0.00630932068325718
"Q.05",0.268616508476847,0.268420418181814,0.264161262349337,0.265236939701781
"Q.95",0.284984276662604,0.288440951625782,0.281691026576004,0.285992563665897
"theta0",3526.20755358796,3526.20755358796,3526.20755358796,3526.20755358796
"theta1",1343.63328168497,1343.63328168497,1343.63328168497,1343.63328168497
