"","AA","AB","BA","BB"
"EV",0.239291183167587,0.239547098471406,0.23817637859981,0.241716477158591
"STD",0.00506315613034073,0.00437372089996453,0.00547612007847964,0.00528840772928648
"Q.05",0.231004910688513,0.232384149733623,0.229218334308712,0.233062773969765
"Q.95",0.24766096670643,0.246772253769472,0.247232848437015,0.25045982142274
"theta0",4408.82109151722,4408.82109151722,4408.82109151722,4408.82109151722
"theta1",1389.90086780778,1389.90086780778,1389.90086780778,1389.90086780778
