"","AA","AB","BA","BB"
"EV",0.275752567175888,0.276038961197691,0.276699392209057,0.274189185036804
"STD",0.0050273794217818,0.00477744999824166,0.00507169150442983,0.00481670694151965
"Q.05",0.267515587010518,0.268209885417828,0.268389888607431,0.266296389817784
"Q.95",0.284054096035204,0.28392621439264,0.285074171732176,0.282141855614476
"theta0",4886.09681600626,4886.09681600626,4886.09681600626,4886.09681600626
"theta1",1859.65168053126,1859.65168053126,1859.65168053126,1859.65168053126
