"","AA","AB","BA","BB"
"EV",0.278547752554909,0.27695610859674,0.27331873196247,0.270526849874588
"STD",0.00598840801273097,0.00582251734542141,0.00638172582311282,0.00624946384004643
"Q.05",0.268742718461381,0.267421938250482,0.262874701286794,0.260299159211502
"Q.95",0.288442676860567,0.286576169836284,0.283868496051462,0.280857846800947
"theta0",2793.16993806886,2793.16993806886,2793.16993806886,2793.16993806886
"theta1",1058.65402205264,1058.65402205264,1058.65402205264,1058.65402205264
