"","AA","AB","BA","BB"
"EV",0.273571291508724,0.27435015241993,0.276920376385984,0.275612651468278
"STD",0.00506187818720407,0.00541916034753096,0.0047459003715039,0.00525999683868126
"Q.05",0.265278496612027,0.265474346523066,0.269142640957731,0.26699614660018
"Q.95",0.281930487614888,0.28330167008411,0.284755184753493,0.28429988415493
"theta0",4459.48499112968,4459.48499112968,4459.48499112968,4459.48499112968
"theta1",1692.55679793989,1692.55679793989,1692.55679793989,1692.55679793989
