"","AA","AB","BA","BB"
"EV",0.241546690855528,0.239453342712729,0.237607768139687,0.240411660241385
"STD",0.00502272183669667,0.00495787780349118,0.00491594445147176,0.00488455316571842
"Q.05",0.233325638121582,0.231338467573146,0.229561684426846,0.232415963394097
"Q.95",0.249848694050193,0.247648204492658,0.245733469951518,0.248484498118468
"theta0",4521.07169335235,4521.07169335235,4521.07169335235,4521.07169335235
"theta1",1425.85211956406,1425.85211956406,1425.85211956406,1425.85211956406
