"","AA","AB","BA","BB"
"EV",0.235538359314326,0.24641734277567,0.236263253305954,0.233856031122033
"STD",0.00716217410045134,0.00616540259566122,0.00759131338238353,0.00667006000472477
"Q.05",0.223843707933526,0.236335387791215,0.223872910619345,0.222960242641038
"Q.95",0.24740441304624,0.256617376592939,0.248845228064998,0.244902159947917
"theta0",1813.62243284223,1813.62243284223,1813.62243284223,1813.62243284223
"theta1",566.543089754937,566.543089754937,566.543089754937,566.543089754937
