"","AA","AB","BA","BB"
"EV",0.4233582474766,0.415366933015904,0.425830313216204,0.407315291721001
"STD",0.00944515086051808,0.00812607801149764,0.00908466340185462,0.00778963739627509
"Q.05",0.407853867785203,0.402026686323828,0.410915536801988,0.39452879519759
"Q.95",0.438926352816495,0.428759536065582,0.440802052768115,0.420154785935733
"theta0",1065.40663565994,1065.40663565994,1065.40663565994,1065.40663565994
"theta1",765.098777808936,765.098777808936,765.098777808936,765.098777808936
