"","AA","AB","BA","BB"
"EV",0.274040154695317,0.275083113044003,0.277041647032244,0.275775238625395
"STD",0.0047976420348796,0.00534572358200411,0.00481581224202049,0.00519791862999083
"Q.05",0.26617851122379,0.266326896234247,0.269149741600409,0.267259973492491
"Q.95",0.281961259723155,0.283912642159369,0.284992271751578,0.284359496387814
"theta0",4639.84046069222,4639.84046069222,4639.84046069222,4639.84046069222
"theta1",1764.29105838527,1764.29105838527,1764.29105838527,1764.29105838527
