"","AA","AB","BA","BB"
"EV",0.276161632575445,0.277448965603925,0.273128106079819,0.278833326807203
"STD",0.00508255339863553,0.00598840812561934,0.0053748163029159,0.00612204362971436
"Q.05",0.267834522336924,0.267644267006457,0.264324929259485,0.268810424942629
"Q.95",0.284554535620189,0.287344220317704,0.282006372361946,0.288949996559732
"theta0",3533.49627858806,3533.49627858806,3533.49627858806,3533.49627858806
"theta1",1349.72314860926,1349.72314860926,1349.72314860926,1349.72314860926
