"","AA","AB","BA","BB"
"EV",0.417320809702818,0.416203802644387,0.417604450239411,0.413340371247684
"STD",0.00594346441961776,0.0058101534775382,0.00567317624516479,0.00543216049935361
"Q.05",0.407558255087003,0.406660111522383,0.408285231648078,0.404417191230459
"Q.95",0.427110683917167,0.425773974273333,0.426948469467809,0.422287536862906
"theta0",3477.39017863996,3477.39017863996,3477.39017863996,3477.39017863996
"theta1",2478.28256035825,2478.28256035825,2478.28256035825,2478.28256035825
