"","AA","AB","BA","BB"
"EV",0.276329589598497,0.275058894078516,0.275249757561876,0.275147353355132
"STD",0.00469005325666278,0.00447641547883006,0.00524479033959933,0.00520168095610921
"Q.05",0.268643156767035,0.267721587180911,0.266658146722032,0.266626096610674
"Q.95",0.284071981229859,0.282447613335227,0.283911859065117,0.28373799410982
"theta0",5005.1791970371,5005.1791970371,5005.1791970371,5005.1791970371
"theta1",1902.84176069065,1902.84176069065,1902.84176069065,1902.84176069065
