"","AA","AB","BA","BB"
"EV",0.238831365320931,0.240467730629211,0.240152468961315,0.240234705629968
"STD",0.00438628858776564,0.00444720514971085,0.00498613324873756,0.00499182038045511
"Q.05",0.231648075872132,0.233184769946291,0.231991386288487,0.23206433835138
"Q.95",0.246077520181042,0.247814610737343,0.248394074785315,0.248485735454906
"theta0",5190.38865410503,5190.38865410503,5190.38865410503,5190.38865410503
"theta1",1638.43713175006,1638.43713175006,1638.43713175006,1638.43713175006
