"","AA","AB","BA","BB"
"EV",0.238888634383317,0.239099482868209,0.240517200466007,0.239107230860718
"STD",0.00450721613705809,0.00495732088504877,0.00434044185054976,0.00507493253726084
"Q.05",0.231508188166669,0.230985610520478,0.233408317605697,0.230801835495367
"Q.95",0.246335435221094,0.247293513722181,0.247686949964481,0.247496629779887
"theta0",5149.24663678315,5149.24663678315,5149.24663678315,5149.24663678315
"theta1",1620.83354317764,1620.83354317764,1620.83354317764,1620.83354317764
