"","AA","AB","BA","BB"
"EV",0.412903458663993,0.419019348467173,0.419297568340231,0.416619006036537
"STD",0.0055939087679389,0.00614120384798839,0.00688340641961955,0.00705444454159939
"Q.05",0.403715013799729,0.40893214020043,0.407993099968868,0.405034753298923
"Q.95",0.422117475317377,0.42913509301058,0.430637759772107,0.428242095203872
"theta0",2651.58412961816,2651.58412961816,2651.58412961816,2651.58412961816
"theta1",1896.30399854148,1896.30399854148,1896.30399854148,1896.30399854148
