"","AA","AB","BA","BB"
"EV",0.415751310291541,0.415851243013905,0.415659131887912,0.415598381937225
"STD",0.00520963361453894,0.00565586433637695,0.0047471746002074,0.00538650637484696
"Q.05",0.407192873592914,0.406560703088042,0.407859580288585,0.406749770844012
"Q.95",0.424331157257987,0.425166987171275,0.423476481365062,0.424469926035901
"theta0",4332.36899594205,4332.36899594205,4332.36899594205,4332.36899594205
"theta1",3082.50686469704,3082.50686469704,3082.50686469704,3082.50686469704
