"","AA","AB","BA","BB"
"EV",0.413418329929602,0.414239646780264,0.416496805352176,0.418699405096569
"STD",0.00600412971859987,0.00566497094838023,0.00613071808741648,0.00584385934994073
"Q.05",0.403556966947284,0.404934425353932,0.406427265534739,0.409100003561997
"Q.95",0.423308968687212,0.423570667030893,0.426595720004119,0.42832475351117
"theta0",3191.31792219229,3191.31792219229,3191.31792219229,3191.31792219229
"theta1",2270.63026796988,2270.63026796988,2270.63026796988,2270.63026796988
