"","AA","AB","BA","BB"
"EV",0.416258351602117,0.41285767765403,0.417012265994262,0.413028703674476
"STD",0.00580701484810876,0.00622043593890965,0.00539014425134175,0.00602718262098388
"Q.05",0.406719799762251,0.40264169527566,0.40815748271307,0.403129604382825
"Q.95",0.425823337127309,0.423105299914012,0.425889606599577,0.42295744505881
"theta0",3288.69885743589,3288.69885743589,3288.69885743589,3288.69885743589
"theta1",2331.02752962028,2331.02752962028,2331.02752962028,2331.02752962028
