"","AA","AB","BA","BB"
"EV",0.237379269991365,0.253255181772522,0.240732718137439,0.239353384681566
"STD",0.00567191826969164,0.00921688790672099,0.00791829317199805,0.0099656971745089
"Q.05",0.228103053018248,0.238221405197753,0.227809915122659,0.223124001931988
"Q.95",0.246761644680553,0.268541175429841,0.253857869742614,0.255906355294441
"theta0",1243.6480251426,1243.6480251426,1243.6480251426,1243.6480251426
"theta1",398.540532692723,398.540532692723,398.540532692723,398.540532692723
