"","AA","AB","BA","BB"
"EV",0.41439045344207,0.414736818180806,0.417208367783332,0.415964054690381
"STD",0.00511476448557453,0.00590206408942088,0.00519075582245084,0.00592460407935461
"Q.05",0.405987856272197,0.405042620037815,0.408680710784796,0.406232672955754
"Q.95",0.422814041408402,0.424458848213686,0.425756891621623,0.425723054038838
"theta0",3821.60193814293,3821.60193814293,3821.60193814293,3821.60193814293
"theta1",2717.52339078752,2717.52339078752,2717.52339078752,2717.52339078752
