"","AA","AB","BA","BB"
"EV",0.415590381271729,0.41614501987565,0.414508535735313,0.416530860870957
"STD",0.00548049559351973,0.00549174519894922,0.005155697808388,0.00506720174585776
"Q.05",0.406587573234924,0.407123673209836,0.406038761003231,0.408206031536515
"Q.95",0.424616932148591,0.425190041222923,0.422999607450908,0.42487574735256
"theta0",4193.05448356125,4193.05448356125,4193.05448356125,4193.05448356125
"theta1",2983.1212769668,2983.1212769668,2983.1212769668,2983.1212769668
