"","AA","AB","BA","BB"
"EV",0.275534218208246,0.275771556979424,0.275224232266685,0.276526072441556
"STD",0.00474662886364236,0.00536269778701088,0.00445099157414638,0.00502125271592925
"Q.05",0.267755561702507,0.266987482734918,0.267928423839907,0.268298923238613
"Q.95",0.28337049847809,0.284629070220476,0.282570814332818,0.284817279872173
"theta0",5028.88192916328,5028.88192916328,5028.88192916328,5028.88192916328
"theta1",1914.89662251728,1914.89662251728,1914.89662251728,1914.89662251728
