"","AA","AB","BA","BB"
"EV",0.40434986588975,0.428887048241662,0.420356862453641,0.410950406591408
"STD",0.00936767080452731,0.0106008365254477,0.00804930844434635,0.00940850451620846
"Q.05",0.388980755310774,0.41148683816865,0.407140803148067,0.395511513040434
"Q.95",0.419798271180693,0.446361504062396,0.433621101605292,0.426463393090698
"theta0",786.249224888792,786.249224888792,786.249224888792,786.249224888792
"theta1",560.390256247134,560.390256247134,560.390256247134,560.390256247134
