"","AA","AB","BA","BB"
"EV",0.243174267697172,0.241237038845533,0.23739031199865,0.244688088597758
"STD",0.00593441970414637,0.00665906217830488,0.00489746123113174,0.00640657348053535
"Q.05",0.233469093255025,0.230355426715988,0.229374388523295,0.2342149253974
"Q.95",0.252991232567919,0.252261255524579,0.245485371247208,0.255290232949895
"theta0",2914.30138924686,2914.30138924686,2914.30138924686,2914.30138924686
"theta1",928.549220965514,928.549220965514,928.549220965514,928.549220965514
