"","AA","AB","BA","BB"
"EV",0.267276359721798,0.25784747893095,0.282245421552589,0.28006117422929
"STD",0.00923659473046866,0.0100397505643181,0.00755577711554959,0.00862799664184034
"Q.05",0.25219925035184,0.241479332773525,0.269887211378567,0.265961978910617
"Q.95",0.282584167782718,0.274505905329067,0.294743238511142,0.29434513190917
"theta0",804.233140686515,804.233140686515,804.233140686515,804.233140686515
"theta1",300.265150713201,300.265150713201,300.265150713201,300.265150713201
