"","AA","AB","BA","BB"
"EV",0.4171407738416,0.415580219532664,0.41506387705953,0.415021210620707
"STD",0.00529203166440422,0.00537436520450176,0.00520090755149753,0.00530038337967907
"Q.05",0.408446950061378,0.406751530276828,0.406519850312966,0.406313979023794
"Q.95",0.425856305515709,0.424431743710836,0.423629426818591,0.423750808474058
"theta0",4188.58734486615,4188.58734486615,4188.58734486615,4188.58734486615
"theta1",2980.04619029065,2980.04619029065,2980.04619029065,2980.04619029065
