"","AA","AB","BA","BB"
"EV",0.237644146051706,0.241631719426496,0.240738788287642,0.23898667363585
"STD",0.00500560686573371,0.00546544674192025,0.00463381597353653,0.00527120458850824
"Q.05",0.229452042812748,0.232689906056244,0.233151566224766,0.230361803797451
"Q.95",0.245918778649353,0.250669331891502,0.24839528173531,0.247702245046887
"theta0",4255.49041388222,4255.49041388222,4255.49041388222,4255.49041388222
"theta1",1342.06043869906,1342.06043869906,1342.06043869906,1342.06043869906
