"","AA","AB","BA","BB"
"EV",0.23932657376572,0.235954710815712,0.240221572833336,0.241561365777966
"STD",0.00515062468723525,0.00579125571974261,0.00493628280412255,0.00572065935718726
"Q.05",0.230897879912951,0.226485007868392,0.232141663819851,0.232204390592676
"Q.95",0.247841669119889,0.245536150337958,0.248380366109668,0.251023347558222
"theta0",3669.20446416098,3669.20446416098,3669.20446416098,3669.20446416098
"theta1",1154.09012581661,1154.09012581661,1154.09012581661,1154.09012581661
