"","AA","AB","BA","BB"
"EV",0.417758096101539,0.415832116308898,0.413072956193952,0.416687051108557
"STD",0.006049556670711,0.0058962045564996,0.00568053845661144,0.00540520165740908
"Q.05",0.407821443522073,0.406147339517014,0.403742386726247,0.407807610260602
"Q.95",0.42772289448735,0.425544291970652,0.422429841256966,0.425589269468955
"theta0",3422.18365565914,3422.18365565914,3422.18365565914,3422.18365565914
"theta1",2436.13614999659,2436.13614999659,2436.13614999659,2436.13614999659
