"","AA","AB","BA","BB"
"EV",0.277185245374406,0.27405949066451,0.273101429046892,0.275946897496257
"STD",0.00492901453224944,0.00498417878675004,0.00579243810151249,0.00584131819131072
"Q.05",0.269108508638997,0.265893380075806,0.263617412228402,0.2663823771018
"Q.95",0.285323435640243,0.282289769102896,0.282672676139118,0.285598451797695
"theta0",3986.06867063173,3986.06867063173,3986.06867063173,3986.06867063173
"theta1",1512.56913973497,1512.56913973497,1512.56913973497,1512.56913973497
