"","AA","AB","BA","BB"
"EV",0.278634557481411,0.272483306016808,0.273847548881866,0.275186487875108
"STD",0.00540612399280191,0.00592004500686599,0.00537450251393038,0.00590289824906876
"Q.05",0.269778936545738,0.262791533780664,0.265044702041502,0.265521831344834
"Q.95",0.287563391209475,0.282266572937775,0.282725115634027,0.28494047779961
"theta0",3463.32905148885,3463.32905148885,3463.32905148885,3463.32905148885
"theta1",1313.97629822441,1313.97629822441,1313.97629822441,1313.97629822441
