"","AA","AB","BA","BB"
"EV",0.418692080749163,0.416573167742115,0.41278234027968,0.41728051118899
"STD",0.00607641937019979,0.00632725119986542,0.00561109929165036,0.00603384111991991
"Q.05",0.408711196577328,0.40618129230293,0.403565716654521,0.407369722120883
"Q.95",0.428701021192293,0.426996301778257,0.422024731159239,0.427219471708295
"theta0",3065.29733666118,3065.29733666118,3065.29733666118,3065.29733666118
"theta1",2186.52520296426,2186.52520296426,2186.52520296426,2186.52520296426
