"","AA","AB","BA","BB"
"EV",0.275116051297593,0.274385155435176,0.275707585180914,0.276305575657975
"STD",0.00489272381157554,0.00505851729106573,0.00460355115842365,0.00488433708470595
"Q.05",0.267098981641035,0.266097663015045,0.268162524200163,0.268301950834133
"Q.95",0.283194518979609,0.282738600434381,0.283306784869074,0.284369902071383
"theta0",5051.08689823515,5051.08689823515,5051.08689823515,5051.08689823515
"theta1",1919.64216949182,1919.64216949182,1919.64216949182,1919.64216949182
