"","AA","AB","BA","BB"
"EV",0.413602123536602,0.413003196400931,0.41597051906572,0.418810810303103
"STD",0.00623270100334587,0.00597423502388618,0.00609833960934894,0.00584265368384247
"Q.05",0.403365884367914,0.40319093566553,0.405954180952367,0.409213367833178
"Q.95",0.423869839369795,0.422844589674545,0.426016116286587,0.428434151478887
"theta0",3020.54192388203,3020.54192388203,3020.54192388203,3020.54192388203
"theta1",2145.8782328194,2145.8782328194,2145.8782328194,2145.8782328194
