"","AA","AB","BA","BB"
"EV",0.23851606899721,0.233002289684584,0.244402895519924,0.237383968004586
"STD",0.00636243991974617,0.00687434364880576,0.00596808203139461,0.00653213871871919
"Q.05",0.228117320926151,0.221775657184456,0.234642523588578,0.226710233882921
"Q.95",0.249047390570455,0.244389536497319,0.254275405498748,0.248198509519557
"theta0",2220.81966870235,2220.81966870235,2220.81966870235,2220.81966870235
"theta1",694.921303144675,694.921303144675,694.921303144675,694.921303144675
