"","AA","AB","BA","BB"
"EV",0.428599140099844,0.413160041235296,0.426223443391315,0.393292183609225
"STD",0.0102229556757995,0.00784822644813105,0.0147154531607028,0.0126405224771698
"Q.05",0.41181808604631,0.400275758847998,0.402091713363619,0.372580999967049
"Q.95",0.445449528809919,0.426094511102071,0.450503930483424,0.414166026167
"theta0",419.427187020416,419.427187020416,419.427187020416,419.427187020416
"theta1",297.933983479551,297.933983479551,297.933983479551,297.933983479551
