"","AA","AB","BA","BB"
"EV",0.242643115748942,0.236549685667484,0.239508259530098,0.237045035621303
"STD",0.00513506251381698,0.00543348618590736,0.00571431411457827,0.0059013487750258
"Q.05",0.234238806152151,0.227661537714629,0.230162336846698,0.227395974342548
"Q.95",0.251131419943196,0.245535795626472,0.248960406138058,0.24680927703464
"theta0",3391.3431860253,3391.3431860253,3391.3431860253,3391.3431860253
"theta1",1064.762994516,1064.762994516,1064.762994516,1064.762994516
