"","AA","AB","BA","BB"
"EV",0.270528072554544,0.274467243756035,0.277866136327935,0.272922974273586
"STD",0.00603205348846591,0.00686642244519321,0.00507798254975359,0.00659481073144161
"Q.05",0.260654446319153,0.263233849439119,0.26954610904031,0.262132202952691
"Q.95",0.280497939593631,0.285822110394654,0.286251091067368,0.28382695959269
"theta0",2896.66090880528,2896.66090880528,2896.66090880528,2896.66090880528
"theta1",1092.9753297922,1092.9753297922,1092.9753297922,1092.9753297922
