"","AA","AB","BA","BB"
"EV",0.239460996437097,0.239086751237446,0.24031648136331,0.240001368617682
"STD",0.00466638472144369,0.00452660052486272,0.00463210209962569,0.004467093314131
"Q.05",0.231820998546401,0.231674662941831,0.232732151457262,0.232686084112744
"Q.95",0.247171846776977,0.246565677420749,0.247970227404755,0.247381347341762
"theta0",5485.11188266908,5485.11188266908,5485.11188266908,5485.11188266908
"theta1",1729.5254743551,1729.5254743551,1729.5254743551,1729.5254743551
