"","AA","AB","BA","BB"
"EV",0.271167811193413,0.273249541449299,0.282372315934948,0.285064532318028
"STD",0.00769418795151719,0.0061920163629958,0.00913104715614655,0.00818457081331431
"Q.05",0.258590171508902,0.263114471707703,0.267455191396907,0.271682631266528
"Q.95",0.28390139587545,0.2834841961114,0.297493192400275,0.29860716607826
"theta0",1436.41422247841,1436.41422247841,1436.41422247841,1436.41422247841
"theta1",552.999052944185,552.999052944185,552.999052944185,552.999052944185
