"","AA","AB","BA","BB"
"EV",0.27422334227217,0.276258912002528,0.276001719200542,0.278270809008182
"STD",0.00492071821728765,0.00483476555265862,0.00575536104497013,0.00573531084734458
"Q.05",0.266160766647475,0.268336220093949,0.266577295137948,0.26887843112744
"Q.95",0.28234839323141,0.28424109802937,0.285510602859697,0.287745791099439
"theta0",4139.86447559796,4139.86447559796,4139.86447559796,4139.86447559796
"theta1",1579.73061434611,1579.73061434611,1579.73061434611,1579.73061434611
