"","AA","AB","BA","BB"
"EV",0.413915756078608,0.416889143334122,0.415945045457081,0.422562774085569
"STD",0.0058979428361518,0.00685191992593368,0.00674878443157068,0.0073810149180284
"Q.05",0.404228459841796,0.40563686366771,0.404862082181638,0.410441582985415
"Q.95",0.423631129257881,0.428177935435845,0.427063855597774,0.434723296304408
"theta0",2320.66137760536,2320.66137760536,2320.66137760536,2320.66137760536
"theta1",1662.16107921789,1662.16107921789,1662.16107921789,1662.16107921789
