"","AA","AB","BA","BB"
"EV",0.414951536633921,0.414762990531132,0.420706736545371,0.407873824179698
"STD",0.00652959815288212,0.0077977883795381,0.00731388006190898,0.00816463520976306
"Q.05",0.40422817939362,0.401960866956804,0.408696108513181,0.39447290895913
"Q.95",0.425708869594256,0.427613688533992,0.432756956066058,0.421332589187522
"theta0",1731.67206733188,1731.67206733188,1731.67206733188,1731.67206733188
"theta1",1226.31283201961,1226.31283201961,1226.31283201961,1226.31283201961
