"","AA","AB","BA","BB"
"EV",0.417159824779627,0.413790861542442,0.414469564365199,0.418587501308152
"STD",0.0058038723461687,0.00652978931993842,0.00532892832724731,0.00640523575049693
"Q.05",0.407626277175392,0.403067437479757,0.4057155782961,0.408067327496989
"Q.95",0.426719477076529,0.424548755246237,0.423246313868738,0.429138893082047
"theta0",3117.35149272587,3117.35149272587,3117.35149272587,3117.35149272587
"theta1",2220.63812391379,2220.63812391379,2220.63812391379,2220.63812391379
