"","AA","AB","BA","BB"
"EV",0.243033824414954,0.236813432936865,0.238697910398271,0.240356606029495
"STD",0.00559457785771613,0.00559245984032992,0.00521739735955366,0.00530993296845485
"Q.05",0.233881437580835,0.22766662721502,0.230160706901006,0.23166828135693
"Q.95",0.252285654885687,0.246063834771364,0.247324144947576,0.249136129472999
"theta0",3568.47475042261,3568.47475042261,3568.47475042261,3568.47475042261
"theta1",1125.24060873391,1125.24060873391,1125.24060873391,1125.24060873391
