"","AA","AB","BA","BB"
"EV",0.415451079753322,0.416795932047568,0.415467323741764,0.417107807813446
"STD",0.00488805239609059,0.00566433692586072,0.00522014707359411,0.00576275326827143
"Q.05",0.407420361625559,0.407491343039752,0.406891675296168,0.407641720977109
"Q.95",0.423500717225286,0.42612550080969,0.424064545691881,0.42659964775768
"theta0",4077.83077759964,4077.83077759964,4077.83077759964,4077.83077759964
"theta1",2907.27203865844,2907.27203865844,2907.27203865844,2907.27203865844
