"","AA","AB","BA","BB"
"EV",0.412953336920654,0.414933375707724,0.416671253783553,0.417119377090595
"STD",0.00565681170358582,0.0062190163870858,0.00535819747637288,0.00571277135164301
"Q.05",0.403661704812761,0.404719320701493,0.407868934587028,0.407735280884987
"Q.95",0.422271103360323,0.425178257379728,0.425495960479072,0.426528777790549
"theta0",3468.77803415607,3468.77803415607,3468.77803415607,3468.77803415607
"theta1",2465.05087438512,2465.05087438512,2465.05087438512,2465.05087438512
