"","AA","AB","BA","BB"
"EV",0.276080446730925,0.274427017417607,0.276794039723083,0.274887130754572
"STD",0.00504111140575476,0.00496433004403094,0.0048731233976767,0.00479382084545344
"Q.05",0.267820984673183,0.266293220624805,0.268808620729245,0.267031556041328
"Q.95",0.284404668101595,0.282624315383573,0.284839684156108,0.282801736420289
"theta0",4892.57089033019,4892.57089033019,4892.57089033019,4892.57089033019
"theta1",1860.96983684549,1860.96983684549,1860.96983684549,1860.96983684549
