"","AA","AB","BA","BB"
"EV",0.414947436519365,0.411661309616416,0.416394692497685,0.417058635543194
"STD",0.00607154307105535,0.00629674159249539,0.00553940205214711,0.00596295890638642
"Q.05",0.404975235160913,0.401320440085044,0.407295123892738,0.407264150456436
"Q.95",0.424949014392404,0.422035073835708,0.42551827268888,0.426880711905688
"theta0",3132.28799044452,3132.28799044452,3132.28799044452,3132.28799044452
"theta1",2222.22805291101,2222.22805291101,2222.22805291101,2222.22805291101
