"","AA","AB","BA","BB"
"EV",0.242261555837537,0.23933513376141,0.232791140487374,0.237147397672882
"STD",0.00549395396571673,0.00592446562848838,0.0066705387083079,0.00688369454362089
"Q.05",0.233273150192056,0.229647609161747,0.221895123178976,0.225903363279348
"Q.95",0.251346355776897,0.249136973770343,0.243838601569921,0.248548058043343
"theta0",2489.67351857266,2489.67351857266,2489.67351857266,2489.67351857266
"theta1",777.14969169163,777.14969169163,777.14969169163,777.14969169163
