"","AA","AB","BA","BB"
"EV",0.412551504210425,0.419505506749661,0.41685328285273,0.419701455235303
"STD",0.00575489207140792,0.0062744266669187,0.00713598178653983,0.0073157301277258
"Q.05",0.403099064123563,0.409199691630217,0.405135300738911,0.407688059072476
"Q.95",0.42203112566259,0.429840921599411,0.428610886620564,0.431754991552722
"theta0",2447.17454752979,2447.17454752979,2447.17454752979,2447.17454752979
"theta1",1751.50866527293,1751.50866527293,1751.50866527293,1751.50866527293
