"","AA","AB","BA","BB"
"EV",0.411182562974651,0.41615503137614,0.417697123350485,0.418377976068152
"STD",0.00623493737899986,0.00695909409741216,0.00583898744953147,0.00679513377557209
"Q.05",0.400943127162116,0.40472721184337,0.408105882858334,0.407218462751286
"Q.95",0.421454436894942,0.427620866700949,0.427314604493233,0.429572720118668
"theta0",2572.58776282126,2572.58776282126,2572.58776282126,2572.58776282126
"theta1",1831.44889109395,1831.44889109395,1831.44889109395,1831.44889109395
