"","AA","AB","BA","BB"
"EV",0.231682281777304,0.25371082323271,0.226001653199595,0.259846717939928
"STD",0.00683619692159039,0.00871498898556521,0.0126395016379369,0.0149202725842445
"Q.05",0.220518218872943,0.239488797428251,0.205498929340819,0.235623647751601
"Q.95",0.243006599820971,0.268157646103481,0.247074189259412,0.284702996015012
"theta0",421.710535145205,421.710535145205,421.710535145205,421.710535145205
"theta1",135.233061304816,135.233061304816,135.233061304816,135.233061304816
