"","AA","AB","BA","BB"
"EV",0.244099533169708,0.234625299360373,0.244004550838125,0.25384646883463
"STD",0.00734532366462834,0.00607997082197025,0.0100595978701692,0.00964549600120655
"Q.05",0.23210300713323,0.224687003192912,0.227618665218041,0.238119233134828
"Q.95",0.25626629416598,0.244687859489532,0.260710051001206,0.269848855595186
"theta0",1153.32596650249,1153.32596650249,1153.32596650249,1153.32596650249
"theta1",372.544744530818,372.544744530818,372.544744530818,372.544744530818
