"","AA","AB","BA","BB"
"EV",0.412396190990421,0.422789581449646,0.416650677796935,0.412228502237078
"STD",0.00746235653762639,0.00741492995925691,0.00701038151817445,0.0068501123428551
"Q.05",0.400144440177868,0.410612722810915,0.405138655312335,0.400980275918152
"Q.95",0.424693738092302,0.435006011658896,0.428201037519938,0.42351539487668
"theta0",1878.41906134344,1878.41906134344,1878.41906134344,1878.41906134344
"theta1",1338.16380103172,1338.16380103172,1338.16380103172,1338.16380103172
