"","AA","AB","BA","BB"
"EV",0.414076220271778,0.416303622556894,0.417930843589154,0.417163596366806
"STD",0.00510559034187055,0.00634466559267942,0.00569655694479162,0.00575919784276467
"Q.05",0.405688716695325,0.40588324215108,0.408573216293726,0.407703332776027
"Q.95",0.422484720834959,0.426755541302955,0.427313371853841,0.426649563002299
"theta0",3521.85494162903,3521.85494162903,3521.85494162903,3521.85494162903
"theta1",2512.56874398808,2512.56874398808,2512.56874398808,2512.56874398808
