"","AA","AB","BA","BB"
"EV",0.239409080159162,0.240099129308058,0.239149873999082,0.240271195380434
"STD",0.00458545246024561,0.00463133560411076,0.00451215664719782,0.00453847189154148
"Q.05",0.231900992703608,0.232516099598627,0.231761315803095,0.232839489003034
"Q.95",0.246985607083625,0.247751653253268,0.246604816062651,0.247769559745455
"theta0",5499.10043164465,5499.10043164465,5499.10043164465,5499.10043164465
"theta1",1734.08844353002,1734.08844353002,1734.08844353002,1734.08844353002
