"","AA","AB","BA","BB"
"EV",0.273793251014048,0.273172769653562,0.281299608652264,0.272961056071761
"STD",0.00691937157372855,0.00669783315818032,0.00621983203191795,0.00570385430532322
"Q.05",0.26247398860188,0.26221423177978,0.271116570055705,0.263621458915101
"Q.95",0.285236425211748,0.284247892453184,0.291577842466632,0.282385314740665
"theta0",2513.12557615401,2513.12557615401,2513.12557615401,2513.12557615401
"theta1",954.757589851016,954.757589851016,954.757589851016,954.757589851016
