"","AA","AB","BA","BB"
"EV",0.414867672331444,0.414100601887961,0.417892672321025,0.415340459986809
"STD",0.00601404341307872,0.00576360085451648,0.00564911430904126,0.00512932907528863
"Q.05",0.404989789430054,0.404633621030255,0.408612882548034,0.406913841258007
"Q.95",0.424774406487706,0.423594333850239,0.427196961962625,0.423787941076122
"theta0",3628.62973205812,3628.62973205812,3628.62973205812,3628.62973205812
"theta1",2580.03988297353,2580.03988297353,2580.03988297353,2580.03988297353
