"","AA","AB","BA","BB"
"EV",0.239190572936849,0.240544239895059,0.23968988533515,0.240461598959065
"STD",0.0046200288201301,0.00499781115642295,0.00424215022004798,0.00487986998674748
"Q.05",0.231626183922898,0.232364031512412,0.23274147260614,0.232473518024655
"Q.95",0.246824539410908,0.248805137179844,0.246696761829338,0.248526647304604
"theta0",5244.68001058427,5244.68001058427,5244.68001058427,5244.68001058427
"theta1",1656.03035692531,1656.03035692531,1656.03035692531,1656.03035692531
