"","AA","AB","BA","BB"
"EV",0.234521232323862,0.242980837655382,0.25034111631611,0.232599860575082
"STD",0.00777800511881552,0.00673973922194887,0.00876213855358978,0.00769636938956142
"Q.05",0.221829817119313,0.231967415121435,0.236045381915344,0.220041898565204
"Q.95",0.247416194866616,0.254138648210448,0.264869249462196,0.245359711797471
"theta0",1223.73073057579,1223.73073057579,1223.73073057579,1223.73073057579
"theta1",386.688230291457,386.688230291457,386.688230291457,386.688230291457
