"","AA","AB","BA","BB"
"EV",0.236457848935852,0.241360454625037,0.239264204589506,0.241171478782326
"STD",0.00522035200908637,0.00477223959352466,0.00568491149988841,0.00583450975141025
"Q.05",0.227916517372,0.233547501163147,0.229966183812031,0.231629501981019
"Q.95",0.245089662031503,0.249246575595154,0.248667530744761,0.250822969882274
"theta0",3733.7182565158,3733.7182565158,3733.7182565158,3733.7182565158
"theta1",1176.30145145561,1176.30145145561,1176.30145145561,1176.30145145561
