"","AA","AB","BA","BB"
"EV",0.414859222029931,0.412568701400244,0.418592159103371,0.412630783008066
"STD",0.00594002261053336,0.0065212293882336,0.00580589350607538,0.00648337563759424
"Q.05",0.405102744189281,0.40185957211476,0.409055057201117,0.401983704418503
"Q.95",0.424643848097205,0.423312727911336,0.428154907393776,0.423312328720168
"theta0",2858.15077248605,2858.15077248605,2858.15077248605,2858.15077248605
"theta1",2024.79344748412,2024.79344748412,2024.79344748412,2024.79344748412
