"","AA","AB","BA","BB"
"EV",0.414604439867125,0.41335995904391,0.417273585493554,0.413193196218318
"STD",0.00561590350587786,0.00621070859441686,0.00523617997860647,0.00605715209768707
"Q.05",0.405379649237789,0.403159830921735,0.408671385484518,0.403244917861411
"Q.95",0.423854469910623,0.423591435055758,0.425897001545465,0.423171352107293
"theta0",3428.40140645437,3428.40140645437,3428.40140645437,3428.40140645437
"theta1",2428.22717158259,2428.22717158259,2428.22717158259,2428.22717158259
