"","AA","AB","BA","BB"
"EV",0.239576033062626,0.239866679232372,0.239441442434007,0.240751963840933
"STD",0.00451820468753198,0.00487400667253192,0.00433064704128093,0.00481137026471927
"Q.05",0.232177520464961,0.231888304360207,0.232348753641739,0.232875404167998
"Q.95",0.247040917849943,0.247922143148848,0.246595161560033,0.248703199571
"theta0",5353.38494773399,5353.38494773399,5353.38494773399,5353.38494773399
"theta1",1689.77534541444,1689.77534541444,1689.77534541444,1689.77534541444
