"","AA","AB","BA","BB"
"EV",0.27485295429623,0.27483560824852,0.28124173764458,0.275580526910402
"STD",0.00526747007675653,0.00570602777640402,0.00653714675757961,0.00662006332795677
"Q.05",0.266224440250545,0.265491935662296,0.270541777868353,0.264747638778734
"Q.95",0.283552759428113,0.284262949896076,0.292046897615165,0.286525485035135
"theta0",2994.20362702397,2994.20362702397,2994.20362702397,2994.20362702397
"theta1",1145.06879328122,1145.06879328122,1145.06879328122,1145.06879328122
