"","AA","AB","BA","BB"
"EV",0.412965771548572,0.413750506823515,0.414521044800694,0.419623083614024
"STD",0.00646819521173379,0.00654209971621275,0.00590317869567209,0.00609282026107391
"Q.05",0.402343512587703,0.403006907012842,0.404825055945089,0.409615126958368
"Q.95",0.423622196600713,0.424528723591634,0.424244950759743,0.429658908005013
"theta0",2770.94581153976,2770.94581153976,2770.94581153976,2770.94581153976
"theta1",1967.49117510975,1967.49117510975,1967.49117510975,1967.49117510975
