"","AA","AB","BA","BB"
"EV",0.412742241663839,0.414164921116261,0.41507702764519,0.418135520917891
"STD",0.00611998426115778,0.00599389149682255,0.00579867948055373,0.00558873844098194
"Q.05",0.40269100682914,0.404320215259408,0.405552346031331,0.408954744942512
"Q.95",0.422824145625279,0.424038536036831,0.424628460861071,0.427340200928905
"theta0",3246.86983793459,3246.86983793459,3246.86983793459,3246.86983793459
"theta1",2303.66168590686,2303.66168590686,2303.66168590686,2303.66168590686
