"","AA","AB","BA","BB"
"EV",0.416634480013211,0.417543134139741,0.413806560799255,0.416569631041171
"STD",0.00555309569075288,0.00580269350854432,0.00529377461287703,0.00559357131166703
"Q.05",0.407512409639638,0.408011456394328,0.405110341525749,0.407381168751119
"Q.95",0.425780607685627,0.427100778464524,0.422525428875426,0.425782522752324
"theta0",3721.38953081715,3721.38953081715,3721.38953081715,3721.38953081715
"theta1",2652.41482478011,2652.41482478011,2652.41482478011,2652.41482478011
