"","AA","AB","BA","BB"
"EV",0.415821320795251,0.415771553272411,0.413131588776114,0.418051342411136
"STD",0.00590096479183447,0.00615971948836278,0.00551793065261191,0.00550769636185084
"Q.05",0.406128737913604,0.405654584993191,0.404067739858014,0.409003540286831
"Q.95",0.425541350539992,0.425918447558418,0.422220250185768,0.427122385392271
"theta0",3407.64569855736,3407.64569855736,3407.64569855736,3407.64569855736
"theta1",2424.35329336791,2424.35329336791,2424.35329336791,2424.35329336791
