"","AA","AB","BA","BB"
"EV",0.273594923209511,0.275751197470369,0.275040962294286,0.277496044342575
"STD",0.00529122102385419,0.00465344932178373,0.00568954830394273,0.00543687261089804
"Q.05",0.264927971997592,0.268124644496068,0.265724096384171,0.268590551424883
"Q.95",0.282334418739284,0.2834330531534,0.28444090015772,0.286476153910354
"theta0",4207.76109862701,4207.76109862701,4207.76109862701,4207.76109862701
"theta1",1599.87803325648,1599.87803325648,1599.87803325648,1599.87803325648
