"","AA","AB","BA","BB"
"EV",0.273491358476697,0.268185888356187,0.286586149757386,0.282621563433133
"STD",0.00633977557748886,0.00863440077328998,0.00879773969995687,0.0103585896792525
"Q.05",0.263115573939576,0.254084052217537,0.272207250442141,0.265714452573346
"Q.95",0.283971369974996,0.282488085599463,0.301148878448607,0.299790497451707
"theta0",1096.78620617737,1096.78620617737,1096.78620617737,1096.78620617737
"theta1",421.737531253215,421.737531253215,421.737531253215,421.737531253215
