"","AA","AB","BA","BB"
"EV",0.27346599608027,0.276922684129018,0.27382130786136,0.274663567081188
"STD",0.0052668560241218,0.00469487866461263,0.0055673012519302,0.00524553846553589
"Q.05",0.264838818806313,0.269228259867242,0.264704078594258,0.266070875555695
"Q.95",0.282165113041088,0.28467295971463,0.283018729380796,0.283327046929077
"theta0",4327.97440842549,4327.97440842549,4327.97440842549,4327.97440842549
"theta1",1639.38951997273,1639.38951997273,1639.38951997273,1639.38951997273
