"","AA","AB","BA","BB"
"EV",0.274912163644977,0.272651140138551,0.27773803615569,0.273709856261396
"STD",0.00523285844465537,0.00572406561201166,0.00513704042730861,0.00566538272245729
"Q.05",0.266340098482155,0.26327868900053,0.269321657418457,0.264432757930179
"Q.95",0.283554557987926,0.282109031012774,0.28622091884956,0.283070059979078
"theta0",3824.61321574638,3824.61321574638,3824.61321574638,3824.61321574638
"theta1",1448.97146204473,1448.97146204473,1448.97146204473,1448.97146204473
