"","AA","AB","BA","BB"
"EV",0.281439777100348,0.270086209198256,0.279863267911993,0.281880664392296
"STD",0.00695971676018607,0.00594596327468359,0.00840176957216272,0.00790532362085551
"Q.05",0.270051712444545,0.260352959950718,0.266131501067121,0.26895432193782
"Q.95",0.292946928117599,0.279913247563947,0.293770463632612,0.294960211791572
"theta0",1770.3328156952,1770.3328156952,1770.3328156952,1770.3328156952
"theta1",682.754087684726,682.754087684726,682.754087684726,682.754087684726
