"","AA","AB","BA","BB"
"EV",0.278182901124267,0.275811718687313,0.275467854699211,0.273223220188867
"STD",0.00556401663450724,0.00584721698205502,0.00483656935299845,0.00547145033100423
"Q.05",0.269069863646847,0.266237623701801,0.267542377458661,0.264262435606089
"Q.95",0.287373727096053,0.285473102587689,0.28345318714445,0.282261769660534
"theta0",3886.02500065954,3886.02500065954,3886.02500065954,3886.02500065954
"theta1",1479.03195899198,1479.03195899198,1479.03195899198,1479.03195899198
