"","AA","AB","BA","BB"
"EV",0.239392092614097,0.239051712696831,0.239512559518255,0.240553146000605
"STD",0.00472385877460493,0.00486750641437409,0.00433698974882499,0.00460717419166596
"Q.05",0.231658457000425,0.231084138920135,0.232409513009691,0.23300938993941
"Q.95",0.247198370591332,0.247096590938056,0.24667678613287,0.248165464217643
"theta0",5340.60938479353,5340.60938479353,5340.60938479353,5340.60938479353
"theta1",1683.14011614355,1683.14011614355,1683.14011614355,1683.14011614355
