"","AA","AB","BA","BB"
"EV",0.275922029466058,0.276440145053646,0.273928166284656,0.275177111990713
"STD",0.00446326287975348,0.00527616075027841,0.00508953509451167,0.00555088481524066
"Q.05",0.268606057132534,0.267797072794007,0.265590163873412,0.266086285334384
"Q.95",0.283288817539144,0.28515398673257,0.282333137400707,0.284346937707291
"theta0",4589.20680571017,4589.20680571017,4589.20680571017,4589.20680571017
"theta1",1744.00438314244,1744.00438314244,1744.00438314244,1744.00438314244
