"","AA","AB","BA","BB"
"EV",0.240179708091389,0.237906943925665,0.239583684700024,0.240578636715772
"STD",0.00431823079737357,0.005002624233295,0.00496089198881133,0.00527509148364666
"Q.05",0.23310711596802,0.229719624039131,0.2314638652665,0.231946954417985
"Q.95",0.247312681713299,0.246176549650164,0.247783518178099,0.249300190927104
"theta0",4746.36013962878,4746.36013962878,4746.36013962878,4746.36013962878
"theta1",1495.32236820701,1495.32236820701,1495.32236820701,1495.32236820701
