"","AA","AB","BA","BB"
"EV",0.279948179314461,0.272194822780918,0.276506957179408,0.276763664046279
"STD",0.00576538271629787,0.00529442539041411,0.00669332442655102,0.00658983053928911
"Q.05",0.270506301330186,0.263522989391702,0.26555445840768,0.265979549178155
"Q.95",0.289472594160444,0.280939972200287,0.287573311291366,0.28765794949462
"theta0",2925.93483562586,2925.93483562586,2925.93483562586,2925.93483562586
"theta1",1117.42714777859,1117.42714777859,1117.42714777859,1117.42714777859
