"","AA","AB","BA","BB"
"EV",0.27275375321403,0.278385101012691,0.280296103255537,0.27778922049305
"STD",0.00521239830337421,0.00595812102821198,0.00647817135743554,0.00696641165624523
"Q.05",0.26421557853452,0.268629478886127,0.269692534702285,0.266391755719841
"Q.95",0.28136272401678,0.288229803462365,0.291003641728683,0.289308967052374
"theta0",2866.83263416603,2866.83263416603,2866.83263416603,2866.83263416603
"theta1",1100.0780324454,1100.0780324454,1100.0780324454,1100.0780324454
