"","AA","AB","BA","BB"
"EV",0.41817212084277,0.415405225596754,0.418306044904248,0.412173646558485
"STD",0.00640902240120876,0.00635485837964724,0.00602174505331918,0.00591742243628584
"Q.05",0.407645821145947,0.404968310004819,0.408414912224685,0.402454706095145
"Q.95",0.428729843658369,0.425874140505536,0.428224869103067,0.421921457800019
"theta0",2851.77745666561,2851.77745666561,2851.77745666561,2851.77745666561
"theta1",2031.55383769721,2031.55383769721,2031.55383769721,2031.55383769721
