"","AA","AB","BA","BB"
"EV",0.239168884279357,0.238711096643649,0.239759393591937,0.240950754749305
"STD",0.00455999809010023,0.00470217082365691,0.00524763030382849,0.00454749067570267
"Q.05",0.231702340063249,0.231012966381633,0.231172659015807,0.233504193802359
"Q.95",0.246703219133676,0.246481532895452,0.248435555883254,0.248463935136535
"theta0",5018.36329406509,5018.36329406509,5018.36329406509,5018.36329406509
"theta1",1581.75635339357,1581.75635339357,1581.75635339357,1581.75635339357
