"","AA","AB","BA","BB"
"EV",0.416218794015866,0.416958372609505,0.411960922100622,0.414888822901085
"STD",0.00530223875438915,0.00588651542843794,0.00615149792327523,0.00658415055863492
"Q.05",0.407508351115857,0.407289294815122,0.401858156813719,0.404076030764928
"Q.95",0.424951285056771,0.426654372982272,0.42209496838416,0.42573618798823
"theta0",3162.90617440463,3162.90617440463,3162.90617440463,3162.90617440463
"theta1",2243.8694132489,2243.8694132489,2243.8694132489,2243.8694132489
