"","AA","AB","BA","BB"
"EV",0.238809605362614,0.241295076347595,0.237353289454768,0.239523091951623
"STD",0.00487178729291783,0.00464994201046361,0.00513089831678751,0.00534873966201778
"Q.05",0.23083512192167,0.233681441110384,0.228957287073453,0.23077186961867
"Q.95",0.246861655090566,0.248978206795049,0.245836174618774,0.248367369305671
"theta0",4438.14750305742,4438.14750305742,4438.14750305742,4438.14750305742
"theta1",1395.78872961706,1395.78872961706,1395.78872961706,1395.78872961706
