"","AA","AB","BA","BB"
"EV",0.276845089806162,0.274527497010377,0.273972511396467,0.276955632339602
"STD",0.00524130599887051,0.00478742054355864,0.00541060226191015,0.00513592537740649
"Q.05",0.26825878592832,0.266682442405317,0.265110758800043,0.268541249508223
"Q.95",0.285501041486073,0.282431567059261,0.282909927913489,0.28543684034225
"theta0",4406.39646626538,4406.39646626538,4406.39646626538,4406.39646626538
"theta1",1676.28083065423,1676.28083065423,1676.28083065423,1676.28083065423
