"","AA","AB","BA","BB"
"EV",0.415950893072037,0.416801162883041,0.414746521054749,0.416792978580556
"STD",0.00489084041901479,0.00577164214843012,0.0052717616679681,0.0058470326694505
"Q.05",0.407915540400303,0.407320545157944,0.406086286457899,0.407188693812187
"Q.95",0.424005068177678,0.426307714237686,0.423428956761065,0.426423881819917
"theta0",3980.04255186292,3980.04255186292,3980.04255186292,3980.04255186292
"theta1",2835.99831971649,2835.99831971649,2835.99831971649,2835.99831971649
