"","AA","AB","BA","BB"
"EV",0.410727793681691,0.41581861335384,0.416338154768284,0.419744468499083
"STD",0.00689818968469284,0.00584251018225764,0.00741697081066747,0.00688751564038458
"Q.05",0.399401115061292,0.406221912048919,0.404159700809378,0.408433157597811
"Q.95",0.422094397668653,0.425442221240371,0.428559693658557,0.431091336573337
"theta0",2296.61085823545,2296.61085823545,2296.61085823545,2296.61085823545
"theta1",1633.66352956889,1633.66352956889,1633.66352956889,1633.66352956889
