"","AA","AB","BA","BB"
"EV",0.41373838527156,0.41037340761712,0.42187463680973,0.41291221523634
"STD",0.00661033782544735,0.00768879213395862,0.00695576764063566,0.00787596915292879
"Q.05",0.402882905928861,0.397751199350243,0.410450904478452,0.399982552790519
"Q.95",0.424629212962611,0.423045430988392,0.433333623311014,0.425892574000508
"theta0",1837.74250345918,1837.74250345918,1837.74250345918,1837.74250345918
"theta1",1302.24136332755,1302.24136332755,1302.24136332755,1302.24136332755
