"","AA","AB","BA","BB"
"EV",0.41507157074523,0.414723179587753,0.419114894868965,0.414995641373024
"STD",0.00525707950807113,0.00589030987516111,0.0060579730431308,0.00633891157430056
"Q.05",0.406435380195407,0.405048262869058,0.409164191381332,0.404584958368029
"Q.95",0.423729749704379,0.424425822125601,0.429093331676833,0.425438326569373
"theta0",3273.95052849206,3273.95052849206,3273.95052849206,3273.95052849206
"theta1",2331.94553728487,2331.94553728487,2331.94553728487,2331.94553728487
