"","AA","AB","BA","BB"
"EV",0.417170773381849,0.415888662156554,0.414894308662515,0.41684634098441
"STD",0.00548661215886516,0.00589986035631695,0.00483160514482175,0.00574936073991576
"Q.05",0.408157694804644,0.406197879176605,0.406956286973318,0.407402266468452
"Q.95",0.426207176921095,0.425606858496356,0.422850944160693,0.426316134472222
"theta0",3907.89187482743,3907.89187482743,3907.89187482743,3907.89187482743
"theta1",2786.04471150169,2786.04471150169,2786.04471150169,2786.04471150169
