"","AA","AB","BA","BB"
"EV",0.238240789885317,0.241020055163126,0.243358954435688,0.23783392147129
"STD",0.00476611987318539,0.00577859620626254,0.00567712514230503,0.00611653326608664
"Q.05",0.230438585448458,0.231569053086684,0.234072162489663,0.22783488379956
"Q.95",0.246117515355451,0.250578590963052,0.252747924651135,0.247956041553245
"theta0",3418.09358951537,3418.09358951537,3418.09358951537,3418.09358951537
"theta1",1080.11778845964,1080.11778845964,1080.11778845964,1080.11778845964
