"","AA","AB","BA","BB"
"EV",0.27580117016031,0.274901547781852,0.276756797147997,0.277882666604611
"STD",0.00501719533945137,0.00455986449721465,0.00557646314936539,0.0054556824415244
"Q.05",0.26758079982656,0.267427977298524,0.267623840395544,0.268946395393464
"Q.95",0.284085806939935,0.282428521925656,0.285968642649542,0.286893876955855
"theta0",4462.59466804535,4462.59466804535,4462.59466804535,4462.59466804535
"theta1",1704.13075556132,1704.13075556132,1704.13075556132,1704.13075556132
