"","AA","AB","BA","BB"
"EV",0.41321136889243,0.417429258095334,0.413825796626161,0.414355840219541
"STD",0.0056241098947049,0.00517156096981136,0.0063538265433219,0.00623977440153281
"Q.05",0.403973336271764,0.408933068171195,0.403390890688226,0.404107855420338
"Q.95",0.422475153152703,0.425946102426424,0.424293324978137,0.424635081252089
"theta0",3360.50224454483,3360.50224454483,3360.50224454483,3360.50224454483
"theta1",2381.1013386155,2381.1013386155,2381.1013386155,2381.1013386155
