"","AA","AB","BA","BB"
"EV",0.418111318126458,0.413381060647404,0.416577354880472,0.419025218116702
"STD",0.00581283932407955,0.00548124896632969,0.00648483576739553,0.00669243113512166
"Q.05",0.40856290206956,0.404377347207449,0.405927055585301,0.408033969525718
"Q.95",0.427685602177082,0.422409183048788,0.427260487872116,0.430050354579155
"theta0",2982.23561458511,2982.23561458511,2982.23561458511,2982.23561458511
"theta1",2131.14073536687,2131.14073536687,2131.14073536687,2131.14073536687
