"","AA","AB","BA","BB"
"EV",0.416023461444751,0.41497509197152,0.415619694361611,0.415458584416384
"STD",0.00475143055299047,0.0052754312405111,0.00563599216738512,0.00548393591653773
"Q.05",0.40821688444565,0.40630880515452,0.406361790127438,0.406450152033782
"Q.95",0.423847786751478,0.423663547660794,0.424902698889926,0.424490828764718
"theta0",4262.75858077812,4262.75858077812,4262.75858077812,4262.75858077812
"theta1",3030.53428359631,3030.53428359631,3030.53428359631,3030.53428359631
