"","AA","AB","BA","BB"
"EV",0.240172424936408,0.23732738865689,0.24196968875851,0.237075401742427
"STD",0.00479040925362872,0.00545248966419296,0.00550235045660165,0.00582461660850998
"Q.05",0.232330162181707,0.228408068391883,0.232967715654687,0.227551045950586
"Q.95",0.248089002189026,0.246344843935811,0.25106854004602,0.246711938208804
"theta0",3689.61982167529,3689.61982167529,3689.61982167529,3689.61982167529
"theta1",1159.68389505236,1159.68389505236,1159.68389505236,1159.68389505236
