"","AA","AB","BA","BB"
"EV",0.24293177388181,0.233574944811557,0.238635760471806,0.242406520870036
"STD",0.00648883456761476,0.00652163960604834,0.00588446645033435,0.00612884682199896
"Q.05",0.232325769195808,0.222920094141228,0.229013523045179,0.232385594598308
"Q.95",0.253671656622018,0.244373789448642,0.248371304344973,0.252547298584779
"theta0",2411.14212492538,2411.14212492538,2411.14212492538,2411.14212492538
"theta1",758.891136894858,758.891136894858,758.891136894858,758.891136894858
