"","AA","AB","BA","BB"
"EV",0.239400923393586,0.239831307786922,0.239734280974446,0.240325967801055
"STD",0.00445155744072918,0.00509583523446999,0.00429576166765596,0.00476947394675006
"Q.05",0.232111098120684,0.231491672040175,0.232698422660161,0.232517776931902
"Q.95",0.246755252529729,0.248255230759962,0.246830072491833,0.248207749219635
"theta0",5336.2137334363,5336.2137334363,5336.2137334363,5336.2137334363
"theta1",1683.5619927923,1683.5619927923,1683.5619927923,1683.5619927923
