"","AA","AB","BA","BB"
"EV",0.237689862168823,0.23879813836992,0.242041414776407,0.237570844431331
"STD",0.00517069184455007,0.00592888694062585,0.00479802441046084,0.00520252919602364
"Q.05",0.229228984522251,0.229103635755458,0.234186277613575,0.22905818130032
"Q.95",0.246238776766023,0.248607539887304,0.249970176194822,0.246172703409789
"theta0",3914.50338248034,3914.50338248034,3914.50338248034,3914.50338248034
"theta1",1229.61453348565,1229.61453348565,1229.61453348565,1229.61453348565
