"","AA","AB","BA","BB"
"EV",0.273723152745489,0.274264425664828,0.277519556823038,0.275360879991142
"STD",0.00527879008993398,0.00531454165787213,0.00504546998806766,0.00503331129634259
"Q.05",0.265076446690417,0.265559271805989,0.269252667781742,0.267114304816948
"Q.95",0.282442000615255,0.283042437444472,0.285850693760647,0.283672326433534
"theta0",4330.6740413067,4330.6740413067,4330.6740413067,4330.6740413067
"theta1",1644.520498614,1644.520498614,1644.520498614,1644.520498614
