"","AA","AB","BA","BB"
"EV",0.241810317759947,0.228616715051593,0.237237497726407,0.235901421440511
"STD",0.00525537792644527,0.00798605833435503,0.0081383585916351,0.00914756492300259
"Q.05",0.233210355001498,0.215593068593066,0.223961034057453,0.220995289488655
"Q.95",0.250498749541807,0.241863666834721,0.250732786723222,0.251086545728818
"theta0",1577.19235221846,1577.19235221846,1577.19235221846,1577.19235221846
"theta1",486.922963504344,486.922963504344,486.922963504344,486.922963504344
