"","AA","AB","BA","BB"
"EV",0.240085837535415,0.240222821109369,0.238395175984909,0.240028773276314
"STD",0.00430144806162855,0.00485332828403349,0.00472788636041494,0.00504339887778959
"Q.05",0.233040634420073,0.232278039522925,0.230655223809459,0.231774465792401
"Q.95",0.247190991323601,0.248243856794258,0.246208382299886,0.248365532799803
"theta0",5107.42159057699,5107.42159057699,5107.42159057699,5107.42159057699
"theta1",1610.14145043445,1610.14145043445,1610.14145043445,1610.14145043445
