"","AA","AB","BA","BB"
"EV",0.239169625270856,0.238095619026122,0.237888381866993,0.241109299968366
"STD",0.00478812749128354,0.005109666594281,0.00521584642837579,0.00460509649021356
"Q.05",0.231331332504545,0.229733963232436,0.229353947276082,0.23356880206599
"Q.95",0.247082662165789,0.246543011901075,0.246512278869683,0.248718043648227
"theta0",4593.03431329174,4593.03431329174,4593.03431329174,4593.03431329174
"theta1",1443.07669626316,1443.07669626316,1443.07669626316,1443.07669626316
