"","AA","AB","BA","BB"
"EV",0.27824986568299,0.275449377758916,0.270620718785022,0.274171246803796
"STD",0.00595952362825146,0.00531586836724198,0.00652046418940127,0.00619126136384775
"Q.05",0.268491998353103,0.266741769483191,0.259951829840344,0.264037097768856
"Q.95",0.288096936307716,0.284229303807569,0.281402000133202,0.284404343872095
"theta0",2995.45701324018,2995.45701324018,2995.45701324018,2995.45701324018
"theta1",1134.10204996873,1134.10204996873,1134.10204996873,1134.10204996873
