"","AA","AB","BA","BB"
"EV",0.415496571715799,0.41419275570618,0.417779889194463,0.415418037375111
"STD",0.00484726277672762,0.00605995668635686,0.00597899885372004,0.00631880026936585
"Q.05",0.407532785157645,0.404239694775908,0.407958966728584,0.405040250203957
"Q.95",0.423478952534858,0.424175356473118,0.42762829691171,0.4258274565935
"theta0",3475.96644402573,3475.96644402573,3475.96644402573,3475.96644402573
"theta1",2473.24486817971,2473.24486817971,2473.24486817971,2473.24486817971
