"","AA","AB","BA","BB"
"EV",0.274086789663709,0.27601324195791,0.276142112260923,0.277201809192704
"STD",0.00484222724712584,0.00538676332373232,0.00474189472692593,0.00530864918469295
"Q.05",0.26615235702898,0.267189854153202,0.268371067393205,0.268505552473337
"Q.95",0.282081775438463,0.284910609506047,0.283970432034422,0.285969344474033
"theta0",4587.08200178249,4587.08200178249,4587.08200178249,4587.08200178249
"theta1",1747.51631394344,1747.51631394344,1747.51631394344,1747.51631394344
