"","AA","AB","BA","BB"
"EV",0.240555652129558,0.243402350732228,0.230154195992942,0.23798869795165
"STD",0.00535309639123767,0.00795335849216026,0.0080161978096484,0.00934121952341893
"Q.05",0.231797015557202,0.230420942818458,0.217080645166623,0.222767997285294
"Q.95",0.249406853068598,0.256584290687116,0.243450415932358,0.253496288799716
"theta0",1540.93465253496,1540.93465253496,1540.93465253496,1540.93465253496
"theta1",481.376600303283,481.376600303283,481.376600303283,481.376600303283
