"","AA","AB","BA","BB"
"EV",0.414951685109654,0.415441057091031,0.417702081346007,0.416455418706096
"STD",0.00495894376377906,0.00552134832798447,0.00558555562730491,0.00582627704286854
"Q.05",0.40680469644939,0.406371251089235,0.408526594011553,0.406885237242068
"Q.95",0.423118267801851,0.4245350064278,0.42690157893287,0.426052143326977
"theta0",3906.08841368158,3906.08841368158,3906.08841368158,3906.08841368158
"theta1",2784.04234030408,2784.04234030408,2784.04234030408,2784.04234030408
