"","AA","AB","BA","BB"
"EV",0.274122390179212,0.279473533577146,0.276158941878739,0.276713838714496
"STD",0.00482817614892297,0.00578803264060838,0.00557229500833828,0.00620410696049157
"Q.05",0.266210886432987,0.269994859569488,0.267032941518706,0.266557919796344
"Q.95",0.282094081736848,0.289035660415098,0.285364029656559,0.286967437483734
"theta0",3644.18408868962,3644.18408868962,3644.18408868962,3644.18408868962
"theta1",1393.56612935216,1393.56612935216,1393.56612935216,1393.56612935216
