"","AA","AB","BA","BB"
"EV",0.414873426718309,0.417073430063205,0.41640132717109,0.414999094204115
"STD",0.00506709855922598,0.0057758858734682,0.00512704711950814,0.00577928527260374
"Q.05",0.406548978045107,0.407585805929673,0.407978314270893,0.405506237614358
"Q.95",0.423218353525981,0.426586936175675,0.424844907556186,0.424518549548073
"theta0",3975.59814001213,3975.59814001213,3975.59814001213,3975.59814001213
"theta1",2830.07973516636,2830.07973516636,2830.07973516636,2830.07973516636
