"","AA","AB","BA","BB"
"EV",0.237397000038765,0.240192327081545,0.238720205751899,0.240616320204391
"STD",0.00510304422394221,0.00476402549064256,0.00503483076760191,0.00467758532834035
"Q.05",0.229046328211809,0.23239304689533,0.230480216058924,0.232957793278107
"Q.95",0.245833588489353,0.248065095484357,0.247043091144323,0.248345491446309
"theta0",4655.91825517111,4655.91825517111,4655.91825517111,4655.91825517111
"theta1",1464.16672015756,1464.16672015756,1464.16672015756,1464.16672015756
