"","AA","AB","BA","BB"
"EV",0.239341974858618,0.240176960210582,0.241535449548739,0.236763066439074
"STD",0.00506775349058956,0.00464588321462531,0.00585066290435929,0.00570257922388078
"Q.05",0.231048202243881,0.232570202983442,0.231967073037662,0.227437219848051
"Q.95",0.247719381821686,0.24785361257479,0.251213679857586,0.24619666657227
"theta0",3882.44950171404,3882.44950171404,3882.44950171404,3882.44950171404
"theta1",1222.42615793201,1222.42615793201,1222.42615793201,1222.42615793201
