"","AA","AB","BA","BB"
"EV",0.241914640732646,0.236146915540327,0.23970800407341,0.239083095593579
"STD",0.00487968520620445,0.00525384560719285,0.00560173712597738,0.00581293458472883
"Q.05",0.233926485181304,0.227551173896987,0.230545102322338,0.229576973962898
"Q.95",0.24997901307506,0.24483449530807,0.248972848021272,0.248699453927972
"theta0",3688.92306519978,3688.92306519978,3688.92306519978,3688.92306519978
"theta1",1159.95519848519,1159.95519848519,1159.95519848519,1159.95519848519
