"","AA","AB","BA","BB"
"EV",0.277767025997326,0.272273506575088,0.276737207422592,0.281542232415137
"STD",0.00600696767476773,0.00557255471695222,0.00701903102469217,0.00692281544666161
"Q.05",0.267931983552479,0.263148133705143,0.265254565893722,0.270214192323461
"Q.95",0.287692992490275,0.281480059842493,0.288344865472547,0.292988017638483
"theta0",2564.63994779148,2564.63994779148,2564.63994779148,2564.63994779148
"theta1",983.00953554908,983.00953554908,983.00953554908,983.00953554908
