"","AA","AB","BA","BB"
"EV",0.27420100666602,0.275956525782984,0.275371662543869,0.276535750873636
"STD",0.00496582880173147,0.00447857331008067,0.00541644143605555,0.00527807755017591
"Q.05",0.266064812329589,0.268615539068242,0.266500030825691,0.267889528667388
"Q.95",0.282400836801852,0.283348665680899,0.284318414068821,0.28525274852773
"theta0",4705.85491685735,4705.85491685735,4705.85491685735,4705.85491685735
"theta1",1789.67255651886,1789.67255651886,1789.67255651886,1789.67255651886
