"","AA","AB","BA","BB"
"EV",0.272977998485504,0.275517511833874,0.275524114532485,0.277797658777382
"STD",0.00548142456628315,0.0048333911390265,0.00578903052431251,0.00544608446389068
"Q.05",0.264001014647442,0.267597212862282,0.266044944210779,0.268877064258869
"Q.95",0.282033159274966,0.283497567461264,0.28508900988831,0.286792971580973
"theta0",3955.42461076355,3955.42461076355,3955.42461076355,3955.42461076355
"theta1",1503.81102551907,1503.81102551907,1503.81102551907,1503.81102551907
