"","AA","AB","BA","BB"
"EV",0.240218681563544,0.239337229802112,0.241443633234178,0.239511860261606
"STD",0.00484427438721092,0.00430846812215949,0.00507591068698045,0.00482452686984988
"Q.05",0.232288650635659,0.232280730369131,0.233135987022815,0.231614181047269
"Q.95",0.248224684403386,0.246454178149387,0.249834010843327,0.247485250735574
"theta0",5031.41087065026,5031.41087065026,5031.41087065026,5031.41087065026
"theta1",1590.05154989082,1590.05154989082,1590.05154989082,1590.05154989082
