"","AA","AB","BA","BB"
"EV",0.232142873148624,0.23739662680874,0.243634044146724,0.241103569113702
"STD",0.00641544404616708,0.00812267725892567,0.00564398021332482,0.00738720374909357
"Q.05",0.221661041430393,0.2241454140489,0.234401079355211,0.229040901112204
"Q.95",0.242765396447666,0.250865589325037,0.252967811768911,0.253341904372222
"theta0",1937.77654803543,1937.77654803543,1937.77654803543,1937.77654803543
"theta1",607.165093150854,607.165093150854,607.165093150854,607.165093150854
