"","AA","AB","BA","BB"
"EV",0.413947656261549,0.416037590206682,0.418223369628012,0.419524773764875
"STD",0.00577359057411683,0.00546398890201134,0.00668863653209346,0.00661951092491769
"Q.05",0.40446431521172,0.40706179613883,0.407238520829908,0.408652996885354
"Q.95",0.423457891960171,0.425036851969554,0.429242421400699,0.430429488410785
"theta0",2970.48505065183,2970.48505065183,2970.48505065183,2970.48505065183
"theta1",2124.14321679696,2124.14321679696,2124.14321679696,2124.14321679696
