"","AA","AB","BA","BB"
"EV",0.273378691485674,0.277838940939036,0.284313329774158,0.269210433042445
"STD",0.00817375444824098,0.00778075553661208,0.00727915600573223,0.00650715879454385
"Q.05",0.260020995624304,0.265117158438752,0.272404180573988,0.258563734485265
"Q.95",0.286909803462863,0.290713227242456,0.296350250865555,0.279970125440509
"theta0",1581.69117561424,1581.69117561424,1581.69117561424,1581.69117561424
"theta1",603.546426431886,603.546426431886,603.546426431886,603.546426431886
