"","AA","AB","BA","BB"
"EV",0.413569739561143,0.417169013853127,0.413573596339298,0.415778915617104
"STD",0.00562345882900301,0.0052085470221942,0.00608626218823759,0.00587426887924414
"Q.05",0.404332718320774,0.408612169290364,0.40357750847436,0.406130128077151
"Q.95",0.422832393604497,0.42574687911704,0.42359970931945,0.42545491669089
"theta0",3536.94761129547,3536.94761129547,3536.94761129547,3536.94761129547
"theta1",2509.39407340914,2509.39407340914,2509.39407340914,2509.39407340914
