"","AA","AB","BA","BB"
"EV",0.239676910429657,0.23986623005881,0.240635776145045,0.238851698873252
"STD",0.00467128310124932,0.00462950670452019,0.00461159820041622,0.00451982752797277
"Q.05",0.232028878405179,0.23228623571931,0.233084790223952,0.231450703780769
"Q.95",0.247395841130052,0.247515772148333,0.248255417989286,0.246319437014367
"theta0",5381.8954188512,5381.8954188512,5381.8954188512,5381.8954188512
"theta1",1697.36449820452,1697.36449820452,1697.36449820452,1697.36449820452
