"","AA","AB","BA","BB"
"EV",0.273192800483984,0.277816580893119,0.285838196539362,0.277727767600012
"STD",0.00555267733104004,0.00734796286334452,0.00821618038276514,0.00866290131889582
"Q.05",0.26409958397161,0.265798412333749,0.272404499118336,0.263573400983013
"Q.95",0.282366124804765,0.289970773341073,0.299433025593844,0.292071340188648
"theta0",1770.8870831173,1770.8870831173,1770.8870831173,1770.8870831173
"theta1",684.079242799191,684.079242799191,684.079242799191,684.079242799191
