"","AA","AB","BA","BB"
"EV",0.413713917238159,0.417651815765932,0.416038091090473,0.414394171118212
"STD",0.00535592141615817,0.00529786327968418,0.00620624359311441,0.00615649286994183
"Q.05",0.404915754208698,0.408948352577585,0.405844771263806,0.404282754364517
"Q.95",0.422535290512442,0.426376893038221,0.426261689076131,0.424536000687305
"theta0",3477.77885083277,3477.77885083277,3477.77885083277,3477.77885083277
"theta1",2471.76065909842,2471.76065909842,2471.76065909842,2471.76065909842
