"","AA","AB","BA","BB"
"EV",0.273297317431684,0.27525132526656,0.277656485626923,0.270939799668554
"STD",0.00558040060477833,0.00655221237841871,0.00518799176571475,0.00646117230127007
"Q.05",0.264158873796025,0.264529017870692,0.269156982594022,0.260367297498082
"Q.95",0.282516614390411,0.286083658980334,0.28622385580842,0.28162242374039
"theta0",3115.93609000338,3115.93609000338,3115.93609000338,3115.93609000338
"theta1",1177.72413316533,1177.72413316533,1177.72413316533,1177.72413316533
