"","AA","AB","BA","BB"
"EV",0.277315911333077,0.273695124208659,0.277337612244531,0.28007289278189
"STD",0.00585524504473453,0.00493156630391344,0.00641407271544069,0.00611928791085145
"Q.05",0.267728288605785,0.265614955257802,0.266839482467791,0.270054089259818
"Q.95",0.286990183953073,0.281838266690028,0.287939711161777,0.290184602032683
"theta0",3296.83869064821,3296.83869064821,3296.83869064821,3296.83869064821
"theta1",1263.81564294807,1263.81564294807,1263.81564294807,1263.81564294807
