"","AA","AB","BA","BB"
"EV",0.420341873748634,0.388006103332907,0.431199796365793,0.468396180748481
"STD",0.00757773760497417,0.0124693021453986,0.0181905503993071,0.0251322794256144
"Q.05",0.407898778336138,0.367578744184501,0.401382185196823,0.427141362943327
"Q.95",0.432827675586297,0.408600390530498,0.461228924356363,0.509834019313274
"theta0",125.036783204783,125.036783204783,125.036783204783,125.036783204783
"theta1",93.1823315470633,93.1823315470633,93.1823315470633,93.1823315470633
