"","AA","AB","BA","BB"
"EV",0.416043094288548,0.41454368046445,0.4155821012176,0.414984330898197
"STD",0.00499230460688923,0.005675313235383,0.00497039161216586,0.0056792070950662
"Q.05",0.407841228069906,0.4052214454628,0.407416250063227,0.405655637883619
"Q.95",0.424264549374457,0.423891711264949,0.423767482482185,0.424338713978242
"theta0",4181.84688316393,4181.84688316393,4181.84688316393,4181.84688316393
"theta1",2970.18552195744,2970.18552195744,2970.18552195744,2970.18552195744
