"","AA","AB","BA","BB"
"EV",0.416034034155731,0.420562397752176,0.41284318954878,0.413835004536383
"STD",0.00644326864474667,0.00648809177537139,0.00636570640441515,0.00638077598635288
"Q.05",0.405452010915951,0.409905930318213,0.402389002325576,0.403355906225655
"Q.95",0.426648694733738,0.431250078482293,0.423330517966863,0.424346998921476
"theta0",2562.78172676288,2562.78172676288,2562.78172676288,2562.78172676288
"theta1",1824.2128972527,1824.2128972527,1824.2128972527,1824.2128972527
