"","AA","AB","BA","BB"
"EV",0.27741123102039,0.270105347968935,0.275737586482946,0.275281272299234
"STD",0.00519669552569674,0.00612349873803866,0.00622920181392446,0.00671175283828365
"Q.05",0.26889758232278,0.260082924249454,0.265541113584992,0.264299253297193
"Q.95",0.285993087049092,0.280227234040521,0.286033178234515,0.286378719579703
"theta0",2941.82217205689,2941.82217205689,2941.82217205689,2941.82217205689
"theta1",1113.85721500292,1113.85721500292,1113.85721500292,1113.85721500292
