"","AA","AB","BA","BB"
"EV",0.277612899213088,0.274328302682996,0.273562772598517,0.276576466448896
"STD",0.00505429889465851,0.00559851882485267,0.00500716075632305,0.00561313984427166
"Q.05",0.269331580364887,0.26516003875937,0.265359265992744,0.267383752631289
"Q.95",0.285958650651431,0.283577386009085,0.281831256055887,0.285849207158344
"theta0",4065.25302561282,4065.25302561282,4065.25302561282,4065.25302561282
"theta1",1546.07459864306,1546.07459864306,1546.07459864306,1546.07459864306
