"","AA","AB","BA","BB"
"EV",0.275436797175986,0.275565357435277,0.275926040733321,0.27475366196448
"STD",0.00432059841762019,0.00518699289918076,0.00494366568518725,0.00532519542011764
"Q.05",0.268353963357848,0.267067967020525,0.267825652399548,0.266031010240131
"Q.95",0.282567404821412,0.284131547439934,0.284088773031864,0.283549224699171
"theta0",4941.43973285652,4941.43973285652,4941.43973285652,4941.43973285652
"theta1",1878.36579779748,1878.36579779748,1878.36579779748,1878.36579779748
