"","AA","AB","BA","BB"
"EV",0.241816469066798,0.238213844142942,0.239184253970993,0.237234843493718
"STD",0.00482846518776665,0.00494803910038335,0.00538560772023826,0.00543807750523396
"Q.05",0.233911788465271,0.230115328241434,0.230373144110191,0.228338999366492
"Q.95",0.249795823555812,0.24639269412542,0.248089920835573,0.2462283650498
"theta0",4115.57662056332,4115.57662056332,4115.57662056332,4115.57662056332
"theta1",1293.39636333357,1293.39636333357,1293.39636333357,1293.39636333357
