"","AA","AB","BA","BB"
"EV",0.242053942164591,0.238222757753,0.241142526089272,0.235621123126769
"STD",0.00564371668121833,0.00594247926866361,0.00520751478983767,0.00561033438829494
"Q.05",0.232821946699999,0.228506388376608,0.232620681735087,0.226445673213927
"Q.95",0.251387801594788,0.248054999735985,0.249751624024729,0.244901670784659
"theta0",3296.98689633638,3296.98689633638,3296.98689633638,3296.98689633638
"theta1",1036.98084445798,1036.98084445798,1036.98084445798,1036.98084445798
