"","AA","AB","BA","BB"
"EV",0.275608434140215,0.276005097818373,0.271606204425768,0.275873844330262
"STD",0.00530221124260217,0.00567051120192127,0.00590456720584188,0.00495986930077759
"Q.05",0.266923065170386,0.266718998939386,0.261939921315352,0.267747019650678
"Q.95",0.284365673015034,0.28537318186904,0.281364039898132,0.28406344437261
"theta0",3821.56298270052,3821.56298270052,3821.56298270052,3821.56298270052
"theta1",1447.96555064262,1447.96555064262,1447.96555064262,1447.96555064262
