"","AA","AB","BA","BB"
"EV",0.237209309699734,0.238235609281912,0.242034286084869,0.240250584628686
"STD",0.00538253473375715,0.00519422614568517,0.00522007567644395,0.00496703443364686
"Q.05",0.228403835983863,0.229736260881698,0.233491729399863,0.232120581011912
"Q.95",0.246110491676932,0.246823473446266,0.250663996293135,0.248460443101685
"theta0",4006.20498848606,4006.20498848606,4006.20498848606,4006.20498848606
"theta1",1261.24063605488,1261.24063605488,1261.24063605488,1261.24063605488
