"","AA","AB","BA","BB"
"EV",0.409808559929418,0.413423310729798,0.42120200309069,0.411188573868871
"STD",0.00681154296886237,0.00858811351903493,0.00646827326339592,0.00856425632188876
"Q.05",0.398624123254149,0.399326822435692,0.41057790840744,0.397131984362976
"Q.95",0.421032352665779,0.427579706476998,0.431856858059154,0.425306375031684
"theta0",1699.0438221209,1699.0438221209,1699.0438221209,1699.0438221209
"theta1",1199.89863125157,1199.89863125157,1199.89863125157,1199.89863125157
