"","AA","AB","BA","BB"
"EV",0.275038681218903,0.278901049466369,0.273192515927755,0.276012250401384
"STD",0.00474808219559191,0.00597229980811416,0.00615132713855096,0.00646267854100945
"Q.05",0.267257748438558,0.269122161983068,0.263123738570659,0.265435440138798
"Q.95",0.282877464903443,0.288769132045412,0.283359610868543,0.286695554923668
"theta0",3346.17871609347,3346.17871609347,3346.17871609347,3346.17871609347
"theta1",1274.29823916369,1274.29823916369,1274.29823916369,1274.29823916369
