"","AA","AB","BA","BB"
"EV",0.274874736597835,0.277039177577447,0.274939404470586,0.276946578761256
"STD",0.00502390222356907,0.00530490517259997,0.0046273183258311,0.00511256365307278
"Q.05",0.266643622719531,0.268349067986046,0.267355672943071,0.268570320557738
"Q.95",0.28317069031536,0.285800542947091,0.282578117643548,0.285389059490941
"theta0",4697.63348147821,4697.63348147821,4697.63348147821,4697.63348147821
"theta1",1790.42775160379,1790.42775160379,1790.42775160379,1790.42775160379
