"","AA","AB","BA","BB"
"EV",0.414323135598356,0.420129477730467,0.418233461290474,0.411992589240481
"STD",0.0071635736450837,0.00652067851595184,0.00686510414881381,0.0060517704216429
"Q.05",0.402560566374454,0.409419656002499,0.406959251378052,0.402053356562366
"Q.95",0.426126921041663,0.430871007962695,0.429543698605368,0.421962085068136
"theta0",2364.87920330863,2364.87920330863,2364.87920330863,2364.87920330863
"theta1",1685.77758425708,1685.77758425708,1685.77758425708,1685.77758425708
