"","AA","AB","BA","BB"
"EV",0.415748924718758,0.415453615062421,0.414591231599589,0.418398622951344
"STD",0.00510375350886358,0.00567673748807402,0.00576760754677799,0.00604643622384964
"Q.05",0.407364218223975,0.406128897914019,0.405117597456026,0.4084669728866
"Q.95",0.424154180518719,0.424803849883477,0.424091491829978,0.428358158770726
"theta0",3617.5875287363,3617.5875287363,3617.5875287363,3617.5875287363
"theta1",2577.46467966397,2577.46467966397,2577.46467966397,2577.46467966397
