"","AA","AB","BA","BB"
"EV",0.237641714095614,0.2423196922157,0.240408599670476,0.244159940496487
"STD",0.00512673553683129,0.00615851108162563,0.00517384433822222,0.00618456891242472
"Q.05",0.22925240344973,0.232250592760117,0.231941787405664,0.234047741319512
"Q.95",0.24611759888418,0.252509876757794,0.248961964805101,0.25439275884696
"theta0",3291.07279186044,3291.07279186044,3291.07279186044,3291.07279186044
"theta1",1045.7953612187,1045.7953612187,1045.7953612187,1045.7953612187
