"","AA","AB","BA","BB"
"EV",0.277602413514973,0.271380894176273,0.274435724190631,0.276449384956593
"STD",0.00532428277388145,0.00602384184946945,0.00544255180916484,0.00615251488539308
"Q.05",0.268880555584927,0.261520368321163,0.265521749126199,0.266377602137143
"Q.95",0.286395777953772,0.281336853242696,0.283426022422404,0.286617399958732
"theta0",3352.66218805693,3352.66218805693,3352.66218805693,3352.66218805693
"theta1",1271.53722961974,1271.53722961974,1271.53722961974,1271.53722961974
