"","AA","AB","BA","BB"
"EV",0.268024145887475,0.276264066441884,0.276836140644934,0.276326423412044
"STD",0.00708810989707761,0.00641414320452557,0.00684572215289603,0.00574257387397424
"Q.05",0.256432986366737,0.265766201073696,0.265635467909829,0.266922752206611
"Q.95",0.279750450168609,0.286866654991728,0.288155651434802,0.285813996303484
"theta0",2370.55971033696,2370.55971033696,2370.55971033696,2370.55971033696
"theta1",896.339160482452,896.339160482452,896.339160482452,896.339160482452
