"","AA","AB","BA","BB"
"EV",0.276599263656033,0.274758155269737,0.27476931934207,0.276017289711661
"STD",0.00477360724569691,0.00459348353705219,0.00522474634982802,0.0051659910536021
"Q.05",0.268776352084875,0.267229708685371,0.266210521979602,0.267554061558873
"Q.95",0.284480041170106,0.282340848111229,0.283398295101613,0.284548554842866
"theta0",4886.35053587915,4886.35053587915,4886.35053587915,4886.35053587915
"theta1",1858.50026711917,1858.50026711917,1858.50026711917,1858.50026711917
