"","AA","AB","BA","BB"
"EV",0.413068597689147,0.413813701454303,0.417313538695675,0.417586942387925
"STD",0.00575766752171177,0.00656375809099383,0.005418737711619,0.00646363984495226
"Q.05",0.403611519717764,0.403034576912589,0.408411798533642,0.406971192173641
"Q.95",0.422552712312586,0.424627645505678,0.426237988758732,0.428234895006078
"theta0",3070.84786367697,3070.84786367697,3070.84786367697,3070.84786367697
"theta1",2182.50217719528,2182.50217719528,2182.50217719528,2182.50217719528
