"","AA","AB","BA","BB"
"EV",0.414674527617477,0.415050361783093,0.414408128484617,0.417964414377949
"STD",0.00567936300229463,0.00570098407757486,0.00541995632055901,0.00543715030026534
"Q.05",0.405345628588707,0.405685936011434,0.405504812751896,0.409032369657457
"Q.95",0.424029217351319,0.424440653753621,0.423335010058324,0.426919133644885
"theta0",3718.97894285086,3718.97894285086,3718.97894285086,3718.97894285086
"theta1",2644.00412408247,2644.00412408247,2644.00412408247,2644.00412408247
