"","AA","AB","BA","BB"
"EV",0.276109365788183,0.270505113227473,0.270578060493834,0.280466200821013
"STD",0.00739785682477978,0.00664639571806062,0.00692878142930874,0.0060207623904241
"Q.05",0.264010861634645,0.259631330610303,0.259244853657582,0.270607849664674
"Q.95",0.288347337083755,0.28149576322843,0.282038218118795,0.290414251531452
"theta0",2133.99460885756,2133.99460885756,2133.99460885756,2133.99460885756
"theta1",807.101957318205,807.101957318205,807.101957318205,807.101957318205
