"","AA","AB","BA","BB"
"EV",0.417469782128667,0.415338632510565,0.414179782609556,0.415944168114461
"STD",0.00540383567145987,0.00556930502135648,0.00529993739345443,0.0054948450992874
"Q.05",0.40859246921006,0.406190169430188,0.405473400387761,0.406917765924527
"Q.95",0.426369635118478,0.424511691743051,0.42290876212708,0.424994331794618
"theta0",3915.71258908653,3915.71258908653,3915.71258908653,3915.71258908653
"theta1",2786.25902590004,2786.25902590004,2786.25902590004,2786.25902590004
