"","AA","AB","BA","BB"
"EV",0.415173748178397,0.422689300069259,0.412796293009191,0.413154578011214
"STD",0.00697539577558701,0.00714258791820643,0.00682865663677976,0.00705287062740513
"Q.05",0.403719440349485,0.410959020150939,0.40158310592956,0.40157376369688
"Q.95",0.426666723521418,0.434456347210063,0.424047640281563,0.424775922701694
"theta0",2016.82242070783,2016.82242070783,2016.82242070783,2016.82242070783
"theta1",1436.39003618764,1436.39003618764,1436.39003618764,1436.39003618764
