"","AA","AB","BA","BB"
"EV",0.238948931808949,0.237815470034743,0.240600818047761,0.240931151456486
"STD",0.00501867165987719,0.00483331743597076,0.00489960188421491,0.00471710733846387
"Q.05",0.230735190973278,0.229903908628283,0.232580557784588,0.233208142270845
"Q.95",0.247244910814885,0.245803887942161,0.248698597250927,0.248725852741698
"theta0",4710.07989975755,4710.07989975755,4710.07989975755,4710.07989975755
"theta1",1483.98874016497,1483.98874016497,1483.98874016497,1483.98874016497
