"","AA","AB","BA","BB"
"EV",0.241323132832815,0.239024909555748,0.23863197781826,0.238764049260807
"STD",0.00477976634239384,0.00439098330395489,0.00532689563168112,0.00523432315982727
"Q.05",0.233497924193409,0.231833924419108,0.229916583692938,0.230199275938484
"Q.95",0.249221758337159,0.246278813100075,0.247440221114039,0.247418392633163
"theta0",4649.18149173161,4649.18149173161,4649.18149173161,4649.18149173161
"theta1",1463.69164941292,1463.69164941292,1463.69164941292,1463.69164941292
