"","AA","AB","BA","BB"
"EV",0.239842602307744,0.23962031240608,0.238956103514868,0.241051945922628
"STD",0.00425574671639107,0.00484699185843862,0.00483957576452915,0.00510769605325703
"Q.05",0.232871983422911,0.231686008494689,0.231034052000245,0.232692650402931
"Q.95",0.246872000217603,0.247630978935396,0.246954623681022,0.249495232306197
"theta0",5048.36095007852,5048.36095007852,5048.36095007852,5048.36095007852
"theta1",1593.13466083983,1593.13466083983,1593.13466083983,1593.13466083983
