"","AA","AB","BA","BB"
"EV",0.239782510942866,0.239942433553443,0.239196347725678,0.239276670966984
"STD",0.00404857442435311,0.00500811329315931,0.00494563053444634,0.00518402448634511
"Q.05",0.233149868804462,0.231745611961998,0.231101488517094,0.230793618852908
"Q.95",0.246468369287206,0.248220604284156,0.247370935982673,0.247847278289804
"theta0",5051.75990507498,5051.75990507498,5051.75990507498,5051.75990507498
"theta1",1591.42612952918,1591.42612952918,1591.42612952918,1591.42612952918
