"","AA","AB","BA","BB"
"EV",0.238740911655421,0.240783896303027,0.2413972451473,0.238821217604867
"STD",0.00448401235459316,0.00473894044752138,0.00524481834817749,0.00530263563111077
"Q.05",0.231398322936928,0.233025344821403,0.232814596014759,0.230145244789633
"Q.95",0.246149238495435,0.248614876550559,0.250068251932934,0.247589078973461
"theta0",4611.34442343313,4611.34442343313,4611.34442343313,4611.34442343313
"theta1",1455.76694860318,1455.76694860318,1455.76694860318,1455.76694860318
