"","AA","AB","BA","BB"
"EV",0.415315934877999,0.416166765612041,0.415710698840259,0.41451121403895
"STD",0.00512089972159572,0.00496688110616624,0.00541328075749016,0.00558700968004302
"Q.05",0.40690315040425,0.408006603438246,0.406818144808961,0.405333835556349
"Q.95",0.423749519567941,0.424346287400401,0.424626381842619,0.423713601751832
"theta0",4258.54391502382,4258.54391502382,4258.54391502382,4258.54391502382
"theta1",3026.37767692041,3026.37767692041,3026.37767692041,3026.37767692041
