"","AA","AB","BA","BB"
"EV",0.276895342515237,0.275659146958065,0.274195164594944,0.26892523329492
"STD",0.00536638129396574,0.00629004521156507,0.00638817221735918,0.00680971432875326
"Q.05",0.268104981825925,0.265363598299355,0.263740324973493,0.257786390840873
"Q.95",0.285758690832982,0.286055813946158,0.284755331423833,0.280188061060253
"theta0",2737.80971437474,2737.80971437474,2737.80971437474,2737.80971437474
"theta1",1032.89452697246,1032.89452697246,1032.89452697246,1032.89452697246
