"","AA","AB","BA","BB"
"EV",0.237751785449981,0.236538338913452,0.241924725967714,0.23927626975787
"STD",0.0051897595866141,0.00568704452895001,0.00491086119923222,0.00557018317948083
"Q.05",0.229259852389,0.227237831649025,0.233885778444504,0.230164841559897
"Q.95",0.246332369268596,0.245946175097708,0.250040862261258,0.248488786625629
"theta0",3758.11303906669,3758.11303906669,3758.11303906669,3758.11303906669
"theta1",1179.50263936949,1179.50263936949,1179.50263936949,1179.50263936949
