"","AA","AB","BA","BB"
"EV",0.41469960559065,0.415901100704492,0.41588311960691,0.4168815756575
"STD",0.0051629798749281,0.0050670418380305,0.00548495818678586,0.00545217926836391
"Q.05",0.406217857445515,0.407576613980595,0.406872946696943,0.407925032034903
"Q.95",0.423202660335134,0.424245803406828,0.424916986756443,0.425861237324028
"theta0",4203.96286508887,4203.96286508887,4203.96286508887,4203.96286508887
"theta1",2992.70016946544,2992.70016946544,2992.70016946544,2992.70016946544
