"","AA","AB","BA","BB"
"EV",0.239314456545245,0.24040891507526,0.241008749734685,0.239272111195298
"STD",0.00415699832792494,0.00497317496653341,0.00502770936066611,0.00524184028209745
"Q.05",0.232505011294058,0.232268867613856,0.232779721604965,0.230694948537683
"Q.95",0.246180183112011,0.248628930170272,0.24931918173168,0.247938796071256
"theta0",4891.68984338528,4891.68984338528,4891.68984338528,4891.68984338528
"theta1",1544.82155607498,1544.82155607498,1544.82155607498,1544.82155607498
