"","AA","AB","BA","BB"
"EV",0.423893605401725,0.415792322215767,0.404973584538316,0.409652492413168
"STD",0.00755938363465489,0.00859712105254344,0.00857710367853096,0.00945792892876675
"Q.05",0.411479601228558,0.40168020684725,0.390898266741869,0.394133272878386
"Q.95",0.436348122340234,0.429962730835075,0.419114905899815,0.42524775030348
"theta0",1100.43203349815,1100.43203349815,1100.43203349815,1100.43203349815
"theta1",776.098277876937,776.098277876937,776.098277876937,776.098277876937
