"","AA","AB","BA","BB"
"EV",0.239094023119532,0.241410909474673,0.240373181395733,0.237799695070664
"STD",0.00485184621928441,0.0049370270764999,0.00486449490435096,0.00494896817802508
"Q.05",0.231151947675894,0.2333294725695,0.232410169887879,0.22969977889475
"Q.95",0.247112884536426,0.2495706287051,0.248412721274948,0.245980199027741
"theta0",4623.77161463755,4623.77161463755,4623.77161463755,4623.77161463755
"theta1",1457.55842782473,1457.55842782473,1457.55842782473,1457.55842782473
