"","AA","AB","BA","BB"
"EV",0.411033503860767,0.41636750025505,0.414449537889564,0.416483745347512
"STD",0.00664759735880386,0.00626145298866748,0.00621282514483143,0.00540648625804246
"Q.05",0.400117534204475,0.406083572959392,0.40424572917277,0.407602226352319
"Q.95",0.421986414730217,0.426682119045656,0.42468429742205,0.425388111483339
"theta0",2962.89113138398,2962.89113138398,2962.89113138398,2962.89113138398
"theta1",2098.31538635548,2098.31538635548,2098.31538635548,2098.31538635548
