"","AA","AB","BA","BB"
"EV",0.238827495551602,0.238599592965627,0.240470127373849,0.237972479064415
"STD",0.00477981799309931,0.00526732236293926,0.00430547069092283,0.00514487015520665
"Q.05",0.231002826757399,0.229981160486514,0.233418286154601,0.229553550355908
"Q.95",0.246726820207803,0.247308828724029,0.247581877104774,0.246478402377974
"theta0",4789.82344224906,4789.82344224906,4789.82344224906,4789.82344224906
"theta1",1504.09115905088,1504.09115905088,1504.09115905088,1504.09115905088
