"","AA","AB","BA","BB"
"EV",0.276212082241004,0.277524911974785,0.274534117994616,0.277222496602943
"STD",0.00490147649437253,0.00556236019161285,0.00466408322166907,0.00548772555738089
"Q.05",0.268180498783123,0.268414749360205,0.2668904296242,0.268234131418728
"Q.95",0.284304832470738,0.286713161081954,0.282233817201959,0.286287020845152
"theta0",4446.25705121614,4446.25705121614,4446.25705121614,4446.25705121614
"theta1",1698.21487633738,1698.21487633738,1698.21487633738,1698.21487633738
