"","AA","AB","BA","BB"
"EV",0.414599734005496,0.415560005909063,0.417511060528874,0.416006074182959
"STD",0.00495837114311288,0.00583146661858478,0.0053473845274604,0.00592604072528862
"Q.05",0.406453728029266,0.40598146297453,0.408726363352506,0.406272328687137
"Q.95",0.422765415416934,0.425165440955322,0.426317817564917,0.425767436072315
"theta0",3855.4690609222,3855.4690609222,3855.4690609222,3855.4690609222
"theta1",2745.50195940263,2745.50195940263,2745.50195940263,2745.50195940263
