"","AA","AB","BA","BB"
"EV",0.27469783630964,0.275696374010149,0.27629711726405,0.275332017394603
"STD",0.00501031621481909,0.00478326172568612,0.00489979403773508,0.00458411612425694
"Q.05",0.266488932395402,0.267857877281399,0.268268262613003,0.267818763714737
"Q.95",0.282971306272604,0.283593323943025,0.28438706183934,0.282899088892505
"theta0",5153.83306218095,5153.83306218095,5153.83306218095,5153.83306218095
"theta1",1959.9395720755,1959.9395720755,1959.9395720755,1959.9395720755
