"","AA","AB","BA","BB"
"EV",0.241635110954349,0.242021632315451,0.236074449416873,0.238898989496285
"STD",0.0050089982009332,0.00602318968499802,0.00536199604808991,0.0061225301297718
"Q.05",0.233436385714608,0.232172588034731,0.227302759259173,0.228889765630711
"Q.95",0.249914297191085,0.251986728545008,0.244941845046536,0.249030659745439
"theta0",3317.02939813609,3317.02939813609,3317.02939813609,3317.02939813609
"theta1",1045.56263655754,1045.56263655754,1045.56263655754,1045.56263655754
