"","AA","AB","BA","BB"
"EV",0.272510830820551,0.271131139707853,0.280405426923827,0.278293994951801
"STD",0.00596309077580693,0.00692801264514881,0.00631153495335652,0.00714676184763483
"Q.05",0.262748915780641,0.259798946717635,0.270073266699415,0.266602878170233
"Q.95",0.282365559192912,0.282589786878348,0.290836202933851,0.290113373643694
"theta0",2292.23556572123,2292.23556572123,2292.23556572123,2292.23556572123
"theta1",872.054385970035,872.054385970035,872.054385970035,872.054385970035
