"","AA","AB","BA","BB"
"EV",0.278290435668828,0.273354426903308,0.27562538295354,0.275763935051201
"STD",0.00529961394648437,0.00505832870840818,0.00555073740501139,0.00540234937058789
"Q.05",0.269608658478405,0.265067472230048,0.266534677227988,0.266915188128953
"Q.95",0.287042731511262,0.281707786021498,0.284794846509979,0.284687215041122
"theta0",4020.28868251204,4020.28868251204,4020.28868251204,4020.28868251204
"theta1",1530.80179369527,1530.80179369527,1530.80179369527,1530.80179369527
