"","AA","AB","BA","BB"
"EV",0.273915153259417,0.278068527143339,0.272950479168532,0.27259631657589
"STD",0.00524975355605348,0.00523522576883392,0.00629778323080562,0.0060831259264969
"Q.05",0.26531576507295,0.269491857138701,0.262643263745052,0.262638826594979
"Q.95",0.28258579995374,0.286714114981127,0.283360918069223,0.282650339914042
"theta0",3423.05294101472,3423.05294101472,3423.05294101472,3423.05294101472
"theta1",1294.43015924964,1294.43015924964,1294.43015924964,1294.43015924964
