"","AA","AB","BA","BB"
"EV",0.413356408395859,0.416059474519169,0.418136662253742,0.415082103656508
"STD",0.00559421484865559,0.00579223399461433,0.00561219671052006,0.00583107293411396
"Q.05",0.404167390664755,0.406545201527884,0.408917400345678,0.405504287266903
"Q.95",0.422570859455373,0.425600112849811,0.42738002897439,0.424686969722008
"theta0",3480.05351788082,3480.05351788082,3480.05351788082,3480.05351788082
"theta1",2475.5015273429,2475.5015273429,2475.5015273429,2475.5015273429
