"","AA","AB","BA","BB"
"EV",0.424328544627853,0.411067163739672,0.426798476319315,0.410867299357195
"STD",0.00852490832933115,0.00695677075792447,0.0110620171122441,0.0102249409282834
"Q.05",0.410331668030362,0.399644382631475,0.408644168683656,0.394092151463508
"Q.95",0.438376640622299,0.422530386939239,0.445036112477675,0.427730053099535
"theta0",966.385273270587,966.385273270587,966.385273270587,966.385273270587
"theta1",694.839131151357,694.839131151357,694.839131151357,694.839131151357
