"","AA","AB","BA","BB"
"EV",0.413157363703175,0.417731658381742,0.41615336805301,0.419018329294536
"STD",0.00570878220763089,0.00632257350966005,0.00575046585551511,0.00634252571659407
"Q.05",0.403780453759647,0.407347224737416,0.406707594335561,0.408600917636406
"Q.95",0.422560824215784,0.428146846689496,0.42562509740666,0.429466179743321
"theta0",3047.29388359408,3047.29388359408,3047.29388359408,3047.29388359408
"theta1",2175.31676531949,2175.31676531949,2175.31676531949,2175.31676531949
