"","AA","AB","BA","BB"
"EV",0.274844307332129,0.278793449361481,0.275567388669076,0.275889911003755
"STD",0.00489833052928245,0.00571712988668888,0.00493150072463645,0.00576038263323709
"Q.05",0.266818142485517,0.269430569352655,0.267486931523952,0.266457333082387
"Q.95",0.282932123199614,0.288238122799587,0.283710032652301,0.285407159470606
"theta0",4098.83280031727,4098.83280031727,4098.83280031727,4098.83280031727
"theta1",1564.73917714191,1564.73917714191,1564.73917714191,1564.73917714191
