"","AA","AB","BA","BB"
"EV",0.413859810639838,0.416680142932068,0.415727111821802,0.416138773026104
"STD",0.0054440726243659,0.00539209326428693,0.00537875240309689,0.00530669849634013
"Q.05",0.404917012357563,0.407822209750431,0.40689120365434,0.407421024088497
"Q.95",0.422826546587156,0.425560745249262,0.424585850086979,0.424878629531201
"theta0",4022.84152349724,4022.84152349724,4022.84152349724,4022.84152349724
"theta1",2860.93705127261,2860.93705127261,2860.93705127261,2860.93705127261
