"","AA","AB","BA","BB"
"EV",0.270066570825543,0.286265965894174,0.2760923426897,0.273467737217532
"STD",0.00737794069202074,0.00830475397014742,0.00684118613230235,0.00773537433950092
"Q.05",0.258003342626324,0.272688089546678,0.264899351739672,0.260821975805357
"Q.95",0.282274242398037,0.300007992408343,0.287404607936914,0.286268711380572
"theta0",1472.6952179953,1472.6952179953,1472.6952179953,1472.6952179953
"theta1",562.76537795815,562.76537795815,562.76537795815,562.76537795815
