"","AA","AB","BA","BB"
"EV",0.284773961571309,0.274441477998148,0.271869903447984,0.269076907880111
"STD",0.00751402949785104,0.0067700946776343,0.00814977579626569,0.00761634701362915
"Q.05",0.272482468299378,0.263364840933545,0.258552023652984,0.256626815675585
"Q.95",0.297201185526043,0.285636222295143,0.285361932433006,0.281681954515673
"theta0",1502.41198776098,1502.41198776098,1502.41198776098,1502.41198776098
"theta1",570.017097829633,570.017097829633,570.017097829633,570.017097829633
