"","AA","AB","BA","BB"
"EV",0.274621301805121,0.274639477714117,0.277106592477255,0.275510595387945
"STD",0.00495858987971039,0.00498242494192907,0.00491276737009726,0.00490696089794159
"Q.05",0.26649683168437,0.266476104115142,0.269056393473439,0.267470205045983
"Q.95",0.282809043895551,0.282866725352684,0.285217872716077,0.283612578544491
"theta0",4833.16293921251,4833.16293921251,4833.16293921251,4833.16293921251
"theta1",1837.65798899432,1837.65798899432,1837.65798899432,1837.65798899432
