"","AA","AB","BA","BB"
"EV",0.413642926873489,0.42077483339338,0.420844949835004,0.417448866183073
"STD",0.00545175606916546,0.00721227391153361,0.00716594241962177,0.00775613753227099
"Q.05",0.404687556140196,0.408930775438488,0.409076839275037,0.404714193509134
"Q.95",0.422622367053878,0.432657355324482,0.432650996281138,0.430229994989741
"theta0",2269.36037822418,2269.36037822418,2269.36037822418,2269.36037822418
"theta1",1631.1052400782,1631.1052400782,1631.1052400782,1631.1052400782
