"","AA","AB","BA","BB"
"EV",0.240270269415588,0.237325562948701,0.241389209288589,0.237104290273862
"STD",0.00480685968686601,0.00537625098780891,0.0051977131065512,0.0055724747010851
"Q.05",0.232401180128899,0.228530275247725,0.232883250078762,0.227989884354734
"Q.95",0.248214135557205,0.246216261065794,0.249981950473017,0.246321352423549
"theta0",3944.23195021535,3944.23195021535,3944.23195021535,3944.23195021535
"theta1",1238.93496220623,1238.93496220623,1238.93496220623,1238.93496220623
