"","AA","AB","BA","BB"
"EV",0.416013012253039,0.414478459743058,0.416706705477317,0.417086822267587
"STD",0.00495908059834046,0.00532773220598214,0.00576008388387196,0.00587418365679465
"Q.05",0.407865669382845,0.405726434792116,0.407245063514997,0.407437950637434
"Q.95",0.424179691415952,0.423253235399827,0.42619420828091,0.426762459951278
"theta0",3907.55393992904,3907.55393992904,3907.55393992904,3907.55393992904
"theta1",2784.32700770011,2784.32700770011,2784.32700770011,2784.32700770011
