"","AA","AB","BA","BB"
"EV",0.240079191961581,0.240438366671276,0.235578827985127,0.235934501507259
"STD",0.00525120657310273,0.00493719713071533,0.0061397476549443,0.00607777901175003
"Q.05",0.231486539495706,0.232356910659878,0.225543033340008,0.225999215451364
"Q.95",0.248761202493817,0.248598621703756,0.245740533206507,0.245992874104551
"theta0",3377.98212547679,3377.98212547679,3377.98212547679,3377.98212547679
"theta1",1055.15733682182,1055.15733682182,1055.15733682182,1055.15733682182
