"","AA","AB","BA","BB"
"EV",0.413011395614346,0.419710294550081,0.415038602535005,0.417428123845363
"STD",0.00559075717446714,0.00606450349381143,0.00688056780535094,0.0070395936108167
"Q.05",0.403828103515617,0.409748771066703,0.403739787913396,0.40586801913672
"Q.95",0.422220197057937,0.42969939573303,0.426375103666757,0.429026505158769
"theta0",2682.22918321435,2682.22918321435,2682.22918321435,2682.22918321435
"theta1",1912.99664093728,1912.99664093728,1912.99664093728,1912.99664093728
