"","AA","AB","BA","BB"
"EV",0.414902778868024,0.415620938796983,0.415760232501068,0.418252844527098
"STD",0.00535573685242345,0.00601896367467472,0.00511140561592602,0.00594812312725046
"Q.05",0.406104748754099,0.405734850474357,0.407362968539463,0.408482485111145
"Q.95",0.423723678640967,0.425535654852442,0.424178104515789,0.428050240898826
"theta0",3694.22468980227,3694.22468980227,3694.22468980227,3694.22468980227
"theta1",2633.00092156405,2633.00092156405,2633.00092156405,2633.00092156405
