"","AA","AB","BA","BB"
"EV",0.414266475929013,0.416152579138021,0.415949753345118,0.418701841190199
"STD",0.00536764156755887,0.00544539291575949,0.0059744927994912,0.00601152416974698
"Q.05",0.405449006059597,0.407207276745491,0.406136545952537,0.408827403187994
"Q.95",0.423107099393272,0.425121155958844,0.425791050586324,0.428603735779403
"theta0",3520.43496344365,3520.43496344365,3520.43496344365,3520.43496344365
"theta1",2510.51886751015,2510.51886751015,2510.51886751015,2510.51886751015
