"","AA","AB","BA","BB"
"EV",0.274889941917927,0.275057321912596,0.275897900995565,0.274801218378036
"STD",0.00494376665969208,0.00532830182988207,0.00432190266749291,0.00518650471260154
"Q.05",0.266789607545713,0.26632952850712,0.268812862106705,0.266304802354824
"Q.95",0.283053057352972,0.283857963041978,0.283030595001611,0.283366774254878
"theta0",4937.85901655031,4937.85901655031,4937.85901655031,4937.85901655031
"theta1",1874.57071538571,1874.57071538571,1874.57071538571,1874.57071538571
