"","AA","AB","BA","BB"
"EV",0.2422430741938,0.239096828799753,0.238554062101264,0.240348848564842
"STD",0.0051307097318633,0.00537759428768826,0.0045293985530306,0.0050685258397622
"Q.05",0.233845966133568,0.230298786472496,0.231137533618083,0.232053534635176
"Q.95",0.250724259121398,0.247989202134839,0.246037750502765,0.248727260020611
"theta0",4406.163142958,4406.163142958,4406.163142958,4406.163142958
"theta1",1391.94488144189,1391.94488144189,1391.94488144189,1391.94488144189
