"","AA","AB","BA","BB"
"EV",0.414926337883479,0.41446225738145,0.414734123911526,0.418678084461261
"STD",0.00566675094198911,0.00571018588271353,0.00570613405407042,0.00572615445051486
"Q.05",0.405618086870853,0.405082832867001,0.405361301599445,0.409271781089308
"Q.95",0.424260184858452,0.423867822126252,0.424132961419471,0.428109306688382
"theta0",3483.48529093806,3483.48529093806,3483.48529093806,3483.48529093806
"theta1",2478.36682853625,2478.36682853625,2478.36682853625,2478.36682853625
