"","AA","AB","BA","BB"
"EV",0.275657235383339,0.273571271447325,0.277444832229985,0.274538484960058
"STD",0.00530250500021808,0.00529298708009581,0.00500132470899418,0.00502949432545533
"Q.05",0.266971375373229,0.264901445406003,0.269250010665069,0.266298319092655
"Q.95",0.284414949748919,0.282313701747992,0.285702813809783,0.282843781698815
"theta0",4357.2106972768,4357.2106972768,4357.2106972768,4357.2106972768
"theta1",1655.30986911377,1655.30986911377,1655.30986911377,1655.30986911377
