"","AA","AB","BA","BB"
"EV",0.431705039790065,0.403412319860911,0.43494960446705,0.436891608898154
"STD",0.00989231449975962,0.0075366666007623,0.0161604674281781,0.014512755657917
"Q.05",0.415464205432429,0.391041374482458,0.408444891374676,0.413080423547643
"Q.95",0.448007859803405,0.41583512320107,0.461611767472975,0.46082581947184
"theta0",404.182466203896,404.182466203896,404.182466203896,404.182466203896
"theta1",300.879642243776,300.879642243776,300.879642243776,300.879642243776
