"","AA","AB","BA","BB"
"EV",0.416771479792236,0.412782063059225,0.415597909076438,0.414502288588507
"STD",0.00521642939864633,0.00587996450631942,0.00547858779744501,0.00618465334838705
"Q.05",0.408201755039317,0.403124449517305,0.406598229766473,0.404344669541991
"Q.95",0.425362395874508,0.422467973028251,0.424621312456024,0.424690558277559
"theta0",3561.31008998989,3561.31008998989,3561.31008998989,3561.31008998989
"theta1",2525.540650324,2525.540650324,2525.540650324,2525.540650324
