"","AA","AB","BA","BB"
"EV",0.418771219819532,0.413048393981865,0.418336792756269,0.418201983927454
"STD",0.00619489484282242,0.00549283946588986,0.00674568488727269,0.00640794867085583
"Q.05",0.408595992859673,0.404025717245792,0.407258372145465,0.407677439085755
"Q.95",0.428975578119197,0.422095683040122,0.429449951542905,0.428757929262399
"theta0",2858.82482878926,2858.82482878926,2858.82482878926,2858.82482878926
"theta1",2045.61068588851,2045.61068588851,2045.61068588851,2045.61068588851
