"","AA","AB","BA","BB"
"EV",0.414076184787149,0.415039753430555,0.41805979737575,0.413589322070694
"STD",0.00575400049458361,0.00602011988151411,0.00542384578504847,0.00578307253535359
"Q.05",0.404624954996858,0.405151873500602,0.409149567817452,0.404090488195621
"Q.95",0.423554084659627,0.424956481044641,0.426992562944063,0.423115258290649
"theta0",3438.02576346393,3438.02576346393,3438.02576346393,3438.02576346393
"theta1",2440.90932946173,2440.90932946173,2440.90932946173,2440.90932946173
