"","AA","AB","BA","BB"
"EV",0.2767337266272,0.276073289296099,0.274385993188343,0.276721217893683
"STD",0.00483630392631836,0.00538024327770612,0.00459437709688114,0.00533339957140546
"Q.05",0.268808427992865,0.267260521318949,0.266856155583152,0.267984701418534
"Q.95",0.284718367912813,0.284959828283173,0.281970233641244,0.285529911692646
"theta0",4687.43158753458,4687.43158753458,4687.43158753458,4687.43158753458
"theta1",1786.79703166555,1786.79703166555,1786.79703166555,1786.79703166555
