"","AA","AB","BA","BB"
"EV",0.417110120274567,0.413416386359644,0.417929745207354,0.416063050056043
"STD",0.00598394892921738,0.00555140113701754,0.00592185205878936,0.00546697959193977
"Q.05",0.407281196943052,0.404297589340958,0.408202535829101,0.407082345706615
"Q.95",0.426966811290975,0.422560210417639,0.427683864962297,0.425067240265067
"theta0",3458.16385748555,3458.16385748555,3458.16385748555,3458.16385748555
"theta1",2464.70655376529,2464.70655376529,2464.70655376529,2464.70655376529
