"","AA","AB","BA","BB"
"EV",0.415620610867512,0.414547596460046,0.415784307058281,0.416228691932183
"STD",0.00516872555714336,0.00551196391251491,0.00497017247102,0.005380486321426
"Q.05",0.407129313121217,0.405493320819497,0.4076187906983,0.407389866942545
"Q.95",0.42413301851275,0.423626202874609,0.4239693022947,0.425090217896072
"theta0",4277.17210824648,4277.17210824648,4277.17210824648,4277.17210824648
"theta1",3041.10760906594,3041.10760906594,3041.10760906594,3041.10760906594
