"","AA","AB","BA","BB"
"EV",0.415669898393262,0.413293689665332,0.415279285428302,0.418642882761893
"STD",0.00609286264648442,0.00552700070527646,0.00616791732292888,0.00566611852214922
"Q.05",0.405662598492832,0.404214937608303,0.405148965486179,0.409335077731384
"Q.95",0.425706515454122,0.422397286529936,0.425439796811058,0.427975097893541
"theta0",3273.57430471908,3273.57430471908,3273.57430471908,3273.57430471908
"theta1",2329.23193495283,2329.23193495283,2329.23193495283,2329.23193495283
