"","AA","AB","BA","BB"
"EV",0.239231878548282,0.240503804293345,0.24181295150895,0.238098500470363
"STD",0.00510675764340655,0.00486966870783267,0.00504834151833526,0.00472637623652826
"Q.05",0.230874630605876,0.232532330614962,0.233550100524427,0.230361082246247
"Q.95",0.247674116128202,0.248551902204627,0.250157435491121,0.245909271814961
"theta0",4553.4891303134,4553.4891303134,4553.4891303134,4553.4891303134
"theta1",1437.31262113696,1437.31262113696,1437.31262113696,1437.31262113696
