"","AA","AB","BA","BB"
"EV",0.270171501155534,0.289656572530719,0.275041958231943,0.261738448857303
"STD",0.00674611871406748,0.00871566242701084,0.0118346696564856,0.0115894583178525
"Q.05",0.259135597771776,0.275409084404513,0.25575616976723,0.242864876742774
"Q.95",0.28132807517086,0.304080753522519,0.294687460101895,0.280989028274583
"theta0",702.35279122371,702.35279122371,702.35279122371,702.35279122371
"theta1",265.285115803854,265.285115803854,265.285115803854,265.285115803854
