"","AA","AB","BA","BB"
"EV",0.272958003426996,0.276907973812746,0.277649646805072,0.278782975474812
"STD",0.00511602749660427,0.00578352318398997,0.00560803666714452,0.00602213552985683
"Q.05",0.26457699736779,0.267437382057112,0.268464965151278,0.268922901284063
"Q.95",0.281407118271077,0.286463336965279,0.286913636510472,0.288733811951974
"theta0",3518.77913190371,3518.77913190371,3518.77913190371,3518.77913190371
"theta1",1345.32231462085,1345.32231462085,1345.32231462085,1345.32231462085
