"","AA","AB","BA","BB"
"EV",0.423902166288368,0.424350923200459,0.408361604834248,0.414492780262427
"STD",0.00894619395193609,0.00901865857528185,0.00771765677812997,0.00783311969123008
"Q.05",0.409215058103898,0.409544897086301,0.395692707967089,0.401632842564523
"Q.95",0.438646016788735,0.439214259007949,0.421081895742992,0.427401898468806
"theta0",1169.27264030311,1169.27264030311,1169.27264030311,1169.27264030311
"theta1",839.029821314405,839.029821314405,839.029821314405,839.029821314405
