"","AA","AB","BA","BB"
"EV",0.229286107099152,0.236899649294038,0.256244530905843,0.246535194014227
"STD",0.00694580832245144,0.00930280606070221,0.00858326204517104,0.0107150646749826
"Q.05",0.21794572477314,0.22174200646289,0.242233931992831,0.229089771711914
"Q.95",0.240794624646468,0.252343912987309,0.270469528991717,0.264337198985693
"theta0",743.27900886343,743.27900886343,743.27900886343,743.27900886343
"theta1",237.623332407218,237.623332407218,237.623332407218,237.623332407218
