"","AA","AB","BA","BB"
"EV",0.239815473735521,0.239398207985853,0.239792052886869,0.239031130977237
"STD",0.00436377947562006,0.00491992053766175,0.00434641551718846,0.0049176601858708
"Q.05",0.23266867934526,0.231345168906164,0.23267357808264,0.230981871289745
"Q.95",0.247024080948627,0.247530042511837,0.246971859119142,0.247159307589813
"theta0",5367.8646147319,5367.8646147319,5367.8646147319,5367.8646147319
"theta1",1690.63306618008,1690.63306618008,1690.63306618008,1690.63306618008
