"","AA","AB","BA","BB"
"EV",0.238888462563097,0.239951348147137,0.241677234058557,0.239494918788913
"STD",0.00469435446291486,0.0044408388569473,0.00517637621576867,0.00510469028485904
"Q.05",0.231203025284643,0.232678878552272,0.233205930141908,0.231140961333193
"Q.95",0.246645879977841,0.247287775044075,0.250234443051815,0.247933647532639
"theta0",4805.9552372636,4805.9552372636,4805.9552372636,4805.9552372636
"theta1",1517.76235131537,1517.76235131537,1517.76235131537,1517.76235131537
