"","AA","AB","BA","BB"
"EV",0.272123433801736,0.272857559680486,0.278373587280744,0.272838563741535
"STD",0.00595663690110979,0.0064062838638134,0.00519115145422921,0.00592083377103904
"Q.05",0.262372154922065,0.262373709865216,0.269868764052755,0.263145396761404
"Q.95",0.281967565517972,0.283448287907695,0.286946033852857,0.282623032481187
"theta0",3175.57468994605,3175.57468994605,3175.57468994605,3175.57468994605
"theta1",1198.83138713798,1198.83138713798,1198.83138713798,1198.83138713798
