"","AA","AB","BA","BB"
"EV",0.24004196156605,0.239776104072305,0.238867566816785,0.240467344798449
"STD",0.00482632466277822,0.00482696093888933,0.00441708973979991,0.00446107588761829
"Q.05",0.232141218141726,0.231874391944479,0.231634050964694,0.23316176933345
"Q.95",0.248018204134402,0.247753469850514,0.246164818752004,0.247837239266816
"theta0",5343.83444794236,5343.83444794236,5343.83444794236,5343.83444794236
"theta1",1685.64321922632,1685.64321922632,1685.64321922632,1685.64321922632
