"","AA","AB","BA","BB"
"EV",0.275827980587458,0.275562768223665,0.275519272452312,0.27408080206054
"STD",0.00473577952978841,0.00451995981130681,0.00529357321972075,0.00524318632953188
"Q.05",0.268066980975875,0.268154252001711,0.266848016046029,0.265492086978212
"Q.95",0.283646227928907,0.283023525303732,0.284262207569684,0.282740518629102
"theta0",4892.96594486389,4892.96594486389,4892.96594486389,4892.96594486389
"theta1",1858.32971968744,1858.32971968744,1858.32971968744,1858.32971968744
