"","AA","AB","BA","BB"
"EV",0.239976762261773,0.23246767805365,0.24689847787242,0.240439409729111
"STD",0.00627096394520785,0.00684605197582356,0.00716595067333682,0.00753695502315563
"Q.05",0.229725940957026,0.221287208058337,0.235191343159739,0.228134457349054
"Q.95",0.250355116674327,0.243808017217158,0.258764631124107,0.252928041876534
"theta0",1757.20103945203,1757.20103945203,1757.20103945203,1757.20103945203
"theta1",554.763811701455,554.763811701455,554.763811701455,554.763811701455
