"","AA","AB","BA","BB"
"EV",0.237821439567494,0.240170691577439,0.238747786493075,0.241267001806597
"STD",0.00497374268855715,0.0048587125963365,0.00491999376609414,0.00479666287316261
"Q.05",0.22968117325579,0.23221715205619,0.230694801778771,0.233414275944183
"Q.95",0.246043090813963,0.248200681199919,0.246879913216959,0.249193692384273
"theta0",4655.91189708667,4655.91189708667,4655.91189708667,4655.91189708667
"theta1",1466.33970190612,1466.33970190612,1466.33970190612,1466.33970190612
