"","AA","AB","BA","BB"
"EV",0.272541915698037,0.280904971125696,0.275813751133356,0.274011916252876
"STD",0.00537045569546039,0.00608289532603421,0.00695930499000028,0.00714915459198209
"Q.05",0.263745998837762,0.270945217204802,0.264428672809103,0.262318795448765
"Q.95",0.281413094884623,0.290956015940756,0.28732249038621,0.285837124994564
"theta0",2591.92850865551,2591.92850865551,2591.92850865551,2591.92850865551
"theta1",987.221459088985,987.221459088985,987.221459088985,987.221459088985
