"","AA","AB","BA","BB"
"EV",0.414979398941013,0.416304695096366,0.418047675752725,0.412497293295631
"STD",0.00558857854019368,0.00599500649822066,0.00587892124752831,0.00615157035432206
"Q.05",0.405799374097979,0.406457778092682,0.408390868524708,0.402394307637066
"Q.95",0.424184301838224,0.426179768878346,0.427730964294232,0.422631358024086
"theta0",3206.84620094864,3206.84620094864,3206.84620094864,3206.84620094864
"theta1",2279.26676860845,2279.26676860845,2279.26676860845,2279.26676860845
