"","AA","AB","BA","BB"
"EV",0.238525097171944,0.238231015864293,0.238963647909431,0.240844602396256
"STD",0.00523526728612953,0.00487027926694662,0.00480191874281207,0.00443017461622778
"Q.05",0.229958859637928,0.230259140757482,0.231102939461576,0.233589328621329
"Q.95",0.247181080721444,0.246280710507982,0.246899635598771,0.248163147064454
"theta0",4840.47444750692,4840.47444750692,4840.47444750692,4840.47444750692
"theta1",1521.44904487403,1521.44904487403,1521.44904487403,1521.44904487403
