"","AA","AB","BA","BB"
"EV",0.240222188522701,0.237937542846664,0.243511319373004,0.235629577401471
"STD",0.00541425711185336,0.00578388622473805,0.00591836298058457,0.00610766091389739
"Q.05",0.231364127142754,0.228479074208667,0.233832125858138,0.225645879085858
"Q.95",0.249175153670631,0.247505990320371,0.253301448795192,0.245737830822393
"theta0",2985.75692746087,2985.75692746087,2985.75692746087,2985.75692746087
"theta1",939.427404079968,939.427404079968,939.427404079968,939.427404079968
