"","AA","AB","BA","BB"
"EV",0.416096118929017,0.417359835371117,0.418196985914016,0.413762426693656
"STD",0.00617023624678977,0.00588906194134859,0.00578883749843144,0.00524132587313983
"Q.05",0.405961841418157,0.407686511514517,0.408687929531716,0.40515226238711
"Q.95",0.426260302315569,0.427059967504175,0.427731668746634,0.422394805222116
"theta0",3421.67308400233,3421.67308400233,3421.67308400233,3421.67308400233
"theta1",2440.95428427066,2440.95428427066,2440.95428427066,2440.95428427066
