"","AA","AB","BA","BB"
"EV",0.414774651448683,0.415019783806277,0.420344505160009,0.421505727821874
"STD",0.00670306807067729,0.00560624590451675,0.00769918476443145,0.00746008874673179
"Q.05",0.403766906878885,0.405810770540955,0.407702327612996,0.409255178982033
"Q.95",0.425818280405362,0.424253820101672,0.433030767982472,0.43379703130205
"theta0",2268.0459513664,2268.0459513664,2268.0459513664,2268.0459513664
"theta1",1628.37071520715,1628.37071520715,1628.37071520715,1628.37071520715
