"","AA","AB","BA","BB"
"EV",0.273372631421748,0.274373479112937,0.276988215197327,0.272007399002131
"STD",0.00550812126682468,0.00614451933815447,0.00477013675686527,0.00593363768329525
"Q.05",0.264352013254706,0.264315400760911,0.269170894117225,0.262293627583039
"Q.95",0.282471981815696,0.284528884728973,0.284863167479594,0.281813378970166
"theta0",3667.69398869333,3667.69398869333,3667.69398869333,3667.69398869333
"theta1",1385.56919156709,1385.56919156709,1385.56919156709,1385.56919156709
