"","AA","AB","BA","BB"
"EV",0.239104161161484,0.239867799888222,0.240767258911835,0.239881634359288
"STD",0.00471186991602422,0.00417896368524313,0.0051438979082015,0.00500892734244894
"Q.05",0.231390130930565,0.233022418119712,0.232349098767525,0.231683503781228
"Q.95",0.246890605011621,0.246769848951159,0.249270767483117,0.248161173674963
"theta0",5088.44742828067,5088.44742828067,5088.44742828067,5088.44742828067
"theta1",1606.1148309076,1606.1148309076,1606.1148309076,1606.1148309076
