"","AA","AB","BA","BB"
"EV",0.232226306273262,0.236284469099338,0.252265482294781,0.251944235376095
"STD",0.00732971033886989,0.0075015786950479,0.00945113887125527,0.00953101447408722
"Q.05",0.220262218133829,0.224039445006052,0.236853827230153,0.236403774977459
"Q.95",0.244373958862877,0.248716592882288,0.267944101760267,0.267756776842167
"theta0",885.260516883278,885.260516883278,885.260516883278,885.260516883278
"theta1",284.462580034765,284.462580034765,284.462580034765,284.462580034765
