"","AA","AB","BA","BB"
"EV",0.276524805049293,0.27470143866861,0.276080507053117,0.276849705750219
"STD",0.00505422016756889,0.00446395385763452,0.00533361783094241,0.00509920860564135
"Q.05",0.268243852473319,0.267384547765406,0.267343791148802,0.268495263036241
"Q.95",0.284870660485545,0.282069578653939,0.284889717122593,0.285270068244589
"theta0",4800.23090060197,4800.23090060197,4800.23090060197,4800.23090060197
"theta1",1830.34980228994,1830.34980228994,1830.34980228994,1830.34980228994
