"","AA","AB","BA","BB"
"EV",0.239643493626291,0.238148800268453,0.246699151922756,0.242373292043639
"STD",0.00544756674773809,0.00555854761147099,0.00698206723094413,0.0069688165789519
"Q.05",0.230731419688447,0.229056684551821,0.235290528290558,0.230988410108855
"Q.95",0.248652016050381,0.247342346366936,0.258258935617038,0.253913176355306
"theta0",2572.92982690644,2572.92982690644,2572.92982690644,2572.92982690644
"theta1",820.2033136367,820.2033136367,820.2033136367,820.2033136367
