"","AA","AB","BA","BB"
"EV",0.413523048247645,0.416646021120399,0.424100838934883,0.420198605111483
"STD",0.00615680525498557,0.00676813061195756,0.00822884002396181,0.00838894726925793
"Q.05",0.403411283872415,0.405531178675553,0.410589304197942,0.406425992943222
"Q.95",0.423665557032519,0.427796598375567,0.437660246049912,0.434023660045498
"theta0",1851.65505010171,1851.65505010171,1851.65505010171,1851.65505010171
"theta1",1333.28013872713,1333.28013872713,1333.28013872713,1333.28013872713
