"","AA","AB","BA","BB"
"EV",0.271914458975318,0.272259922580899,0.279079994948241,0.282577023678092
"STD",0.00614476205630451,0.00754847167148958,0.0065550853666066,0.0077869699565947
"Q.05",0.261856800003262,0.259918474900537,0.268351600580844,0.269842719483544
"Q.95",0.282071068352031,0.284750369595087,0.289915717918998,0.295459281409305
"theta0",1937.84160580764,1937.84160580764,1937.84160580764,1937.84160580764
"theta1",740.456710453321,740.456710453321,740.456710453321,740.456710453321
