"","AA","AB","BA","BB"
"EV",0.275064497677891,0.274117185955266,0.276789503131633,0.276167660209879
"STD",0.00505255221838558,0.00489797668541968,0.00499968198281365,0.00484831893554055
"Q.05",0.266786588533248,0.266091750206345,0.26859750290462,0.26822286081312
"Q.95",0.283407905091973,0.282204564828143,0.285044900134294,0.284172324443651
"theta0",4814.81993868389,4814.81993868389,4814.81993868389,4814.81993868389
"theta1",1831.28167800889,1831.28167800889,1831.28167800889,1831.28167800889
