"","AA","AB","BA","BB"
"EV",0.274463135802928,0.277557512798772,0.275254741118695,0.268625963305916
"STD",0.00593383624655198,0.00559763401569695,0.00716624291603428,0.00701575986285873
"Q.05",0.264748282770468,0.268389819255986,0.26353327395472,0.257152162657056
"Q.95",0.28426869999131,0.286804269270754,0.287107828012418,0.280231631893999
"theta0",2522.56127137874,2522.56127137874,2522.56127137874,2522.56127137874
"theta1",951.956746694551,951.956746694551,951.956746694551,951.956746694551
