"","AA","AB","BA","BB"
"EV",0.276666600211279,0.276699121262204,0.274238808722234,0.273126697796065
"STD",0.00517837434928749,0.00500267403833879,0.00540300794975273,0.00527493486262821
"Q.05",0.268183017416049,0.268502256970133,0.265389373497147,0.264486425407034
"Q.95",0.285218249491853,0.284959496753512,0.283163561109787,0.281839294875408
"theta0",4236.45075047467,4236.45075047467,4236.45075047467,4236.45075047467
"theta1",1608.46204388989,1608.46204388989,1608.46204388989,1608.46204388989
