"","AA","AB","BA","BB"
"EV",0.276108188775712,0.275442605172733,0.277487397844589,0.272822175515153
"STD",0.00524315731353035,0.00524863405454602,0.00528808518730532,0.00530605717244347
"Q.05",0.267519038389378,0.266844677863076,0.268824621392512,0.264131215852643
"Q.95",0.284767381610518,0.284111035323226,0.286220766118751,0.281586465310763
"theta0",4111.36661179495,4111.36661179495,4111.36661179495,4111.36661179495
"theta1",1563.18186243759,1563.18186243759,1563.18186243759,1563.18186243759
