"","AA","AB","BA","BB"
"EV",0.238854619590969,0.240327989106342,0.24039972694713,0.239207293281957
"STD",0.00454676182674147,0.00437480828282079,0.00492541143034978,0.00484234413790575
"Q.05",0.231409721420325,0.233163103706882,0.232337478214273,0.23128066720255
"Q.95",0.246367057453316,0.247554787345103,0.248540419163424,0.247210346776198
"theta0",5243.91145950549,5243.91145950549,5243.91145950549,5243.91145950549
"theta1",1653.29892023667,1653.29892023667,1653.29892023667,1653.29892023667
