"","AA","AB","BA","BB"
"EV",0.275414546289342,0.275747470986604,0.276556629729775,0.274484299005666
"STD",0.00478039376739586,0.00460302881973418,0.00517122949080086,0.00506332262972399
"Q.05",0.267580787390588,0.268203255737089,0.268084730329151,0.266188943255249
"Q.95",0.283306798725058,0.283345798182858,0.285096457982513,0.282845688848173
"theta0",4957.87157105237,4957.87157105237,4957.87157105237,4957.87157105237
"theta1",1885.84052536355,1885.84052536355,1885.84052536355,1885.84052536355
