"","AA","AB","BA","BB"
"EV",0.276669372619535,0.272119753083117,0.276475849931272,0.279374224104229
"STD",0.00576029205605738,0.00545294866278871,0.00611573084089507,0.0059444896696566
"Q.05",0.267236719812775,0.263189426228402,0.266463987623446,0.26964052324676
"Q.95",0.286186251760525,0.281127892145867,0.286582779974705,0.28919601042041
"theta0",3203.8806104795,3203.8806104795,3203.8806104795,3203.8806104795
"theta1",1222.39164036657,1222.39164036657,1222.39164036657,1222.39164036657
