"","AA","AB","BA","BB"
"EV",0.239747427153754,0.23964158393399,0.239732101898258,0.238461195492781
"STD",0.0040772081789184,0.00500278383891739,0.00508366606100851,0.00526245055306318
"Q.05",0.233068072151964,0.23145352421228,0.231412308827341,0.229850734542221
"Q.95",0.246480766557811,0.247910983466288,0.248135835788866,0.247162375926573
"theta0",4909.97626928078,4909.97626928078,4909.97626928078,4909.97626928078
"theta1",1545.45426285955,1545.45426285955,1545.45426285955,1545.45426285955
