"","AA","AB","BA","BB"
"EV",0.278339236050579,0.274075597747771,0.272166423187476,0.27259103762812
"STD",0.00527669497111229,0.00562407770421549,0.00601940954068403,0.00620251351493669
"Q.05",0.269694840625034,0.264865733704309,0.262312865580065,0.262439093752277
"Q.95",0.287053518466655,0.283367159153328,0.282114774227463,0.282843345823219
"theta0",3282.42788432898,3282.42788432898,3282.42788432898,3282.42788432898
"theta1",1240.69515680924,1240.69515680924,1240.69515680924,1240.69515680924
