"","AA","AB","BA","BB"
"EV",0.237812992201537,0.238438157402846,0.24271622303057,0.238555510645006
"STD",0.00511521331212687,0.00539342976150138,0.00506582001215731,0.00536689931643759
"Q.05",0.229442388702602,0.229614559580922,0.234424657097835,0.229775044057336
"Q.95",0.24626968208811,0.247357062601438,0.251089493212592,0.247430274839329
"theta0",3918.20425223971,3918.20425223971,3918.20425223971,3918.20425223971
"theta1",1233.18546343966,1233.18546343966,1233.18546343966,1233.18546343966
