"","AA","AB","BA","BB"
"EV",0.275463176776903,0.274659235417613,0.275553470989794,0.276312628578912
"STD",0.00498564337245808,0.00471262532300924,0.00491742539181763,0.00464412450325308
"Q.05",0.267294373429965,0.266936265626937,0.267495990945752,0.268701198436238
"Q.95",0.283695584625411,0.282439340272264,0.283672789101219,0.283978932969467
"theta0",5160.85135128141,5160.85135128141,5160.85135128141,5160.85135128141
"theta1",1962.52093407075,1962.52093407075,1962.52093407075,1962.52093407075
