"","AA","AB","BA","BB"
"EV",0.241922907826535,0.241919149464915,0.233969944639097,0.245497749416851
"STD",0.00673515509110285,0.00767553921902944,0.00583399168190902,0.0063546763525999
"Q.05",0.230917444760545,0.229388727110104,0.224431549313352,0.235108557157152
"Q.95",0.253073586341448,0.254638194205911,0.243623255285811,0.256013156577944
"theta0",2083.08708689177,2083.08708689177,2083.08708689177,2083.08708689177
"theta1",660.833079969885,660.833079969885,660.833079969885,660.833079969885
