"","AA","AB","BA","BB"
"EV",0.413941748580953,0.418276354694728,0.415911732227874,0.419299308477619
"STD",0.00584671685926031,0.0066905626142408,0.00538008593879079,0.00657359882291066
"Q.05",0.404338466412205,0.407288335794468,0.407073609668203,0.408502873081523
"Q.95",0.423572613146628,0.429298572884719,0.424772643252757,0.430128322063594
"theta0",2992.48820029392,2992.48820029392,2992.48820029392,2992.48820029392
"theta1",2139.20269770948,2139.20269770948,2139.20269770948,2139.20269770948
