"","AA","AB","BA","BB"
"EV",0.411429507964391,0.420556893816117,0.417888413254295,0.41390439794279
"STD",0.00618721716356399,0.00643678853448894,0.00755165477818968,0.00761934667655249
"Q.05",0.401268272299565,0.409984570577669,0.405488766190852,0.401394946925394
"Q.95",0.421622592397688,0.431159940787563,0.430331850813005,0.426460720460004
"theta0",2134.48559191716,2134.48559191716,2134.48559191716,2134.48559191716
"theta1",1520.13591440862,1520.13591440862,1520.13591440862,1520.13591440862
