"","AA","AB","BA","BB"
"EV",0.27462504807342,0.274316666429157,0.276132657425199,0.274589221868181
"STD",0.00494399989708277,0.00540512413311047,0.00440914377342784,0.00528376512279563
"Q.05",0.266524389187697,0.26546376017828,0.268905054147009,0.26593419022989
"Q.95",0.282788605491563,0.283244909564068,0.283409781406055,0.28331611332432
"theta0",4775.9196670569,4775.9196670569,4775.9196670569,4775.9196670569
"theta1",1810.85863216287,1810.85863216287,1810.85863216287,1810.85863216287
