"","AA","AB","BA","BB"
"EV",0.415362962639118,0.416690807806774,0.414926414808548,0.416469607961534
"STD",0.00484908773017581,0.00536278272067287,0.00551677631181717,0.00572163132931872
"Q.05",0.407396196859941,0.407880962776373,0.405864187171253,0.407071082754503
"Q.95",0.423348367841434,0.42552307311236,0.424012901225142,0.425893726612768
"theta0",4110.23777692871,4110.23777692871,4110.23777692871,4110.23777692871
"theta1",2926.23384755387,2926.23384755387,2926.23384755387,2926.23384755387
