"","AA","AB","BA","BB"
"EV",0.275665599140488,0.274586092873308,0.277286863409762,0.2769595546642
"STD",0.00458152640050127,0.00494655445650604,0.00544928251993269,0.0055243743591797
"Q.05",0.268156514287348,0.266481272974569,0.268361182023566,0.267911487904076
"Q.95",0.283228320925791,0.282753892768027,0.286287607885124,0.286084937675623
"theta0",4511.61180917187,4511.61180917187,4511.61180917187,4511.61180917187
"theta1",1721.03336603518,1721.03336603518,1721.03336603518,1721.03336603518
