"","AA","AB","BA","BB"
"EV",0.417428173929201,0.414413311907581,0.416906419588182,0.414774851033161
"STD",0.00557510110076346,0.0054180117811589,0.00557660542806345,0.00539202529451991
"Q.05",0.408269880380529,0.405513185513512,0.407745738421419,0.405917304497428
"Q.95",0.426610471987041,0.423336985720681,0.426091278579298,0.423655615179309
"theta0",3829.42685097938,3829.42685097938,3829.42685097938,3829.42685097938
"theta1",2726.51728574158,2726.51728574158,2726.51728574158,2726.51728574158
