"","AA","AB","BA","BB"
"EV",0.238779191021522,0.239793104024398,0.237013064488272,0.243028175004852
"STD",0.00600098079782657,0.0052645234585588,0.00514018643866814,0.00533094160004931
"Q.05",0.228967525522738,0.231178862148961,0.22860204327638,0.234304835549721
"Q.95",0.248708582462393,0.248497330119034,0.245511482701715,0.251841807996259
"theta0",3594.37984283602,3594.37984283602,3594.37984283602,3594.37984283602
"theta1",1132.96124181059,1132.96124181059,1132.96124181059,1132.96124181059
