"","AA","AB","BA","BB"
"EV",0.238431433580282,0.240661382695335,0.241477601204317,0.239393155945059
"STD",0.00460904310381076,0.00455138922185026,0.00533320992691065,0.00530468033062713
"Q.05",0.230885126616561,0.233208531799708,0.232751044779959,0.230713677930623
"Q.95",0.246047340699099,0.248181096717029,0.250295470151431,0.248164241615947
"theta0",4606.92369410672,4606.92369410672,4606.92369410672,4606.92369410672
"theta1",1454.80995681907,1454.80995681907,1454.80995681907,1454.80995681907
