"","AA","AB","BA","BB"
"EV",0.239862771473656,0.239509140314165,0.24053377221194,0.240410814390992
"STD",0.00471597489268884,0.00412856321107903,0.00509538538719117,0.00497131579465449
"Q.05",0.232141867108407,0.232746045116965,0.232194669366629,0.232273794459734
"Q.95",0.24765584796329,0.246327677030128,0.248956751895776,0.248627741148807
"theta0",5181.90179719741,5181.90179719741,5181.90179719741,5181.90179719741
"theta1",1637.17310370842,1637.17310370842,1637.17310370842,1637.17310370842
