"","AA","AB","BA","BB"
"EV",0.414838025188005,0.414824594499982,0.416405426013866,0.416319093788828
"STD",0.00527819589510985,0.00532544199406655,0.0051990769618465,0.00522074461132037
"Q.05",0.406167221446246,0.406076278047494,0.40786422271646,0.407742349673179
"Q.95",0.42353105895971,0.423595544587585,0.424967777763199,0.424917186322851
"theta0",4258.11816396802,4258.11816396802,4258.11816396802,4258.11816396802
"theta1",3028.2014730111,3028.2014730111,3028.2014730111,3028.2014730111
