"","AA","AB","BA","BB"
"EV",0.416184986603378,0.414402344009977,0.415106771857824,0.416114958057174
"STD",0.00487516632244435,0.00569773354816611,0.00521510310875374,0.00578334766450782
"Q.05",0.408175328137573,0.405043354984216,0.406539448067407,0.406615252500398
"Q.95",0.424213291929288,0.423787378688108,0.423695724754628,0.425640929719382
"theta0",4070.8180050949,4070.8180050949,4070.8180050949,4070.8180050949
"theta1",2893.28637412322,2893.28637412322,2893.28637412322,2893.28637412322
