"","AA","AB","BA","BB"
"EV",0.239529502768265,0.24041953947001,0.238295118182969,0.238612282914662
"STD",0.0047530585129419,0.00435087194502673,0.00505404666277217,0.00485080022917267
"Q.05",0.231748256084522,0.233293667793767,0.230023959893462,0.230672036548557
"Q.95",0.247384225133015,0.247606610709615,0.246650044656393,0.246629530370792
"theta0",5040.89058332341,5040.89058332341,5040.89058332341,5040.89058332341
"theta1",1585.07974378472,1585.07974378472,1585.07974378472,1585.07974378472
