"","AA","AB","BA","BB"
"EV",0.274734947226757,0.276251941390178,0.276256293224304,0.277722155364093
"STD",0.00455579230543302,0.00524266464072028,0.00506089222880305,0.0054500538863841
"Q.05",0.267268057087318,0.267663560789467,0.267964511101032,0.268795105462272
"Q.95",0.282255205215765,0.284910283782897,0.284613267035267,0.286724070484055
"theta0",4596.00507597933,4596.00507597933,4596.00507597933,4596.00507597933
"theta1",1754.25115366839,1754.25115366839,1754.25115366839,1754.25115366839
