"","AA","AB","BA","BB"
"EV",0.275641023795501,0.275326213895242,0.275481335004276,0.275316156449283
"STD",0.00435363179865911,0.00493062760518004,0.00485403518425184,0.00520620204890727
"Q.05",0.268504188942464,0.267247232509029,0.267527343339463,0.266787484071911
"Q.95",0.282826299516514,0.283467460687703,0.283495609580646,0.28391425492666
"theta0",5169.69055210685,5169.69055210685,5169.69055210685,5169.69055210685
"theta1",1965.33354608953,1965.33354608953,1965.33354608953,1965.33354608953
