"","AA","AB","BA","BB"
"EV",0.276888249793996,0.279452810280702,0.273152800514256,0.277400461782317
"STD",0.00589891690078244,0.00616149529984982,0.00512941329330215,0.00561890631822917
"Q.05",0.267229571214998,0.269365425084396,0.264749910760526,0.268198122592148
"Q.95",0.28663512881658,0.289634781337573,0.281624066784118,0.286682550148385
"theta0",3421.01908177609,3421.01908177609,3421.01908177609,3421.01908177609
"theta1",1308.92170585592,1308.92170585592,1308.92170585592,1308.92170585592
