"","AA","AB","BA","BB"
"EV",0.238153062939957,0.243126832635983,0.239849381177945,0.240513285106187
"STD",0.00490870260762842,0.00552377727521471,0.00489602025084727,0.0055039412932593
"Q.05",0.230118627064181,0.234089615413713,0.231835152238596,0.231509202817922
"Q.95",0.246266592659795,0.252260931592759,0.247941406230685,0.249615251047921
"theta0",4018.88586392522,4018.88586392522,4018.88586392522,4018.88586392522
"theta1",1272.03574080017,1272.03574080017,1272.03574080017,1272.03574080017
