"","AA","AB","BA","BB"
"EV",0.415461513860156,0.413720134810967,0.415733266288655,0.418046281346391
"STD",0.0054592321572588,0.00570114316098255,0.00553393055740796,0.00574132055214202
"Q.05",0.406493608960138,0.404355663464796,0.406642774526773,0.40861520034474
"Q.95",0.424453015769104,0.423110903537434,0.424847922847244,0.427502618736358
"theta0",3635.56145954418,3635.56145954418,3635.56145954418,3635.56145954418
"theta1",2586.99695187031,2586.99695187031,2586.99695187031,2586.99695187031
