"","AA","AB","BA","BB"
"EV",0.416527516468669,0.41359068485671,0.416131164380402,0.413217663937893
"STD",0.00571142241369842,0.00617901538645421,0.00508232766709715,0.0059498210982202
"Q.05",0.407145728835935,0.403442485300545,0.407781565822993,0.4034454048103
"Q.95",0.425934787583262,0.42376982537948,0.424501042227845,0.4230187422707
"theta0",3514.47911456938,3514.47911456938,3514.47911456938,3514.47911456938
"theta1",2491.85095197177,2491.85095197177,2491.85095197177,2491.85095197177
