"","AA","AB","BA","BB"
"EV",0.239012856192466,0.238418877349164,0.242322102859889,0.240312303490268
"STD",0.00508739240749131,0.00476245615675263,0.00518376462793772,0.0049318781688075
"Q.05",0.230687200569689,0.230622596895012,0.233838582233383,0.232239544663504
"Q.95",0.24742298185637,0.246289475497303,0.250891403184984,0.248463758011661
"theta0",4434.16546985952,4434.16546985952,4434.16546985952,4434.16546985952
"theta1",1400.45188284034,1400.45188284034,1400.45188284034,1400.45188284034
