"","AA","AB","BA","BB"
"EV",0.416204101900025,0.417159502724905,0.411349749017364,0.413443497447501
"STD",0.00583525844507216,0.00569072276038985,0.00649110192188008,0.0064473978270454
"Q.05",0.406619230389039,0.40781157016704,0.40069027290742,0.4028552392581
"Q.95",0.425815683198851,0.426532531944515,0.422044313695338,0.424065504434421
"theta0",2955.31046876898,2955.31046876898,2955.31046876898,2955.31046876898
"theta1",2092.56403501808,2092.56403501808,2092.56403501808,2092.56403501808
