"","AA","AB","BA","BB"
"EV",0.413132488883771,0.416303011987234,0.416519748420636,0.416331033211627
"STD",0.00559830343044617,0.00558078749460761,0.00552345328667226,0.00544206041896531
"Q.05",0.403936799521391,0.407135563097232,0.407446325824212,0.407391171944087
"Q.95",0.422353718690065,0.425494860926743,0.425617006750332,0.425294088094775
"theta0",3751.42112464778,3751.42112464778,3751.42112464778,3751.42112464778
"theta1",2667.58045350015,2667.58045350015,2667.58045350015,2667.58045350015
