"","AA","AB","BA","BB"
"EV",0.421855772039268,0.405261188918444,0.418128885689338,0.410818353751902
"STD",0.00735906922780414,0.00834441158311604,0.00833920812165409,0.00904351203899183
"Q.05",0.409770750965477,0.391566765383,0.404438492197468,0.395977090210251
"Q.95",0.433980265375965,0.419017878577368,0.431872518849768,0.425728178300379
"theta0",1229.11984159501,1229.11984159501,1229.11984159501,1229.11984159501
"theta1",868.424187559972,868.424187559972,868.424187559972,868.424187559972
