"","AA","AB","BA","BB"
"EV",0.414003292648072,0.398510458040315,0.416323548565104,0.422345530267924
"STD",0.0102459953964271,0.0104740126157105,0.00794979982393178,0.00851614832282832
"Q.05",0.397192040540618,0.381334674467979,0.40327184295162,0.408363715417723
"Q.95",0.430899224769214,0.415791944174657,0.429424763535636,0.436379864128904
"theta0",832.623433983666,832.623433983666,832.623433983666,832.623433983666
"theta1",585.327145944643,585.327145944643,585.327145944643,585.327145944643
