"","AA","AB","BA","BB"
"EV",0.277528526966786,0.273279490054254,0.276115305609359,0.276777135879881
"STD",0.00508585659733017,0.00494404090441336,0.00561359302052104,0.00558004493704851
"Q.05",0.269195723446213,0.265179050911517,0.266921977825519,0.267638333002497
"Q.95",0.285926607314849,0.281443398148434,0.285388921209156,0.285994918123444
"theta0",4093.7003503428,4093.7003503428,4093.7003503428,4093.7003503428
"theta1",1560.05599001912,1560.05599001912,1560.05599001912,1560.05599001912
