"","AA","AB","BA","BB"
"EV",0.275776423791982,0.272737539989178,0.280523483384639,0.277621992690802
"STD",0.0051391662987832,0.00608203836100051,0.00676959348420174,0.0070272508132248
"Q.05",0.267357019994432,0.262781775610212,0.26944527715357,0.266125603185812
"Q.95",0.284263268538608,0.282789712047676,0.291715053757511,0.28924294973562
"theta0",2776.95254959601,2776.95254959601,2776.95254959601,2776.95254959601
"theta1",1062.18289184833,1062.18289184833,1062.18289184833,1062.18289184833
