"","AA","AB","BA","BB"
"EV",0.238448244437993,0.240936209407296,0.240504804776601,0.23925023403127
"STD",0.00453429185254951,0.00458719705825403,0.00502175672092407,0.00501554740224727
"Q.05",0.231023764168173,0.233424927194646,0.232285609560773,0.231041497138233
"Q.95",0.245940077604153,0.248515286310032,0.248805485609792,0.247540941036304
"theta0",4935.50441357479,4935.50441357479,4935.50441357479,4935.50441357479
"theta1",1556.81186198356,1556.81186198356,1556.81186198356,1556.81186198356
