"","AA","AB","BA","BB"
"EV",0.412533337731798,0.416427092987914,0.419879171787731,0.414401314990356
"STD",0.00683378471981882,0.00617055185120165,0.00667589061043064,0.00584078292929149
"Q.05",0.401311805529635,0.406292235324153,0.408914859453854,0.404807687386053
"Q.95",0.423793209987559,0.42659173480976,0.430876830181351,0.424022313122135
"theta0",2646.02987809715,2646.02987809715,2646.02987809715,2646.02987809715
"theta1",1883.40050249457,1883.40050249457,1883.40050249457,1883.40050249457
