"","AA","AB","BA","BB"
"EV",0.412759756788388,0.415245001102763,0.416608199302847,0.417407624297857
"STD",0.00572355454196759,0.00631533952095324,0.00540024613982209,0.00580510364265064
"Q.05",0.403358681829212,0.404872923519199,0.407736900254577,0.407872015529347
"Q.95",0.422187649778648,0.425648744548141,0.425502256859269,0.426969266328687
"theta0",3361.48814954331,3361.48814954331,3361.48814954331,3361.48814954331
"theta1",2389.65630626466,2389.65630626466,2389.65630626466,2389.65630626466
