"","AA","AB","BA","BB"
"EV",0.274348054055262,0.275060032873644,0.273876902805476,0.280295653747435
"STD",0.00566029693876892,0.00607179971565814,0.00551193454440497,0.00594711134810224
"Q.05",0.265079067980964,0.265120199079864,0.264849933122033,0.270557404973057
"Q.95",0.28369964251121,0.285094467019821,0.282982448031938,0.290121520888971
"theta0",3229.27380359826,3229.27380359826,3229.27380359826,3229.27380359826
"theta1",1230.4481890767,1230.4481890767,1230.4481890767,1230.4481890767
