"","AA","AB","BA","BB"
"EV",0.413091507500035,0.417870770719859,0.415591404833788,0.416260738069035
"STD",0.00582648848574608,0.00590903406000461,0.00550624808568882,0.00562899302570527
"Q.05",0.403521547643586,0.408164597608635,0.40654634847234,0.40701421465879
"Q.95",0.422689146593684,0.427603758133197,0.424660427426806,0.425532098219276
"theta0",3469.94975297528,3469.94975297528,3469.94975297528,3469.94975297528
"theta1",2468.77117120785,2468.77117120785,2468.77117120785,2468.77117120785
