"","AA","AB","BA","BB"
"EV",0.283323028912038,0.263219297010811,0.287845374207124,0.290443642665542
"STD",0.00870029473412549,0.0071880420362051,0.0117550671190823,0.010394264261126
"Q.05",0.269104408615711,0.251467978370004,0.268673191048426,0.273471865086461
"Q.95",0.29772543762988,0.275114126274225,0.307343099881683,0.307665444009093
"theta0",681.758959970273,681.758959970273,681.758959970273,681.758959970273
"theta1",266.726615117927,266.726615117927,266.726615117927,266.726615117927
