"","AA","AB","BA","BB"
"EV",0.27621330117467,0.273815127821255,0.274340870868266,0.27703408606921
"STD",0.00455626098954239,0.00531406835127363,0.00551292809478463,0.0057469394087383
"Q.05",0.268745380739377,0.265110856565801,0.265312158252914,0.267623097569658
"Q.95",0.283734074021516,0.282592463553511,0.28344794347151,0.286528705833017
"theta0",4212.53010401142,4212.53010401142,4212.53010401142,4212.53010401142
"theta1",1600.72961480163,1600.72961480163,1600.72961480163,1600.72961480163
