"","AA","AB","BA","BB"
"EV",0.416493383308643,0.413899724203848,0.418737490842332,0.415749392372074
"STD",0.00595432323921961,0.0055102084344059,0.00598642460303677,0.00553530459835845
"Q.05",0.406713162412783,0.404848426396064,0.408904218329305,0.406656644010753
"Q.95",0.426301313821681,0.422975532864313,0.428597978505902,0.424866312636677
"theta0",3434.18505024815,3434.18505024815,3434.18505024815,3434.18505024815
"theta1",2448.52480641917,2448.52480641917,2448.52480641917,2448.52480641917
