"","AA","AB","BA","BB"
"EV",0.236350579648908,0.242429579925594,0.239754517130794,0.238652500596851
"STD",0.00518060243100739,0.00497009604681584,0.00596194143436184,0.00587234701426788
"Q.05",0.227873973013723,0.234294006047181,0.230005915527558,0.229049957078779
"Q.95",0.244916359054543,0.25064394974681,0.24961856054197,0.248367871526862
"theta0",3522.75362755549,3522.75362755549,3522.75362755549,3522.75362755549
"theta1",1108.21353684668,1108.21353684668,1108.21353684668,1108.21353684668
