"","AA","AB","BA","BB"
"EV",0.2409803215807,0.243208193288583,0.237996607705278,0.246518053933504
"STD",0.00618148037994007,0.00711792989170335,0.0049970116537839,0.00681628371904982
"Q.05",0.230874451003777,0.231580959153794,0.229818402092131,0.235378641051785
"Q.95",0.25120928057675,0.254996236416292,0.246256865227916,0.257801705407819
"theta0",2585.5527068977,2585.5527068977,2585.5527068977,2585.5527068977
"theta1",826.295157366758,826.295157366758,826.295157366758,826.295157366758
