"","AA","AB","BA","BB"
"EV",0.239282725493325,0.235508988739977,0.245302808073867,0.240917816763321
"STD",0.00577037639177965,0.00594411797079454,0.006347583066871,0.00647738453452946
"Q.05",0.229845724088403,0.225791033326692,0.234925224593125,0.230331323497471
"Q.95",0.248828209709113,0.245345011964089,0.255806488807554,0.251639525462135
"theta0",2560.86293079635,2560.86293079635,2560.86293079635,2560.86293079635
"theta1",809.850902891367,809.850902891367,809.850902891367,809.850902891367
