"","AA","AB","BA","BB"
"EV",0.274094161002743,0.27590661592965,0.278647365429465,0.275622652118235
"STD",0.00540441973490556,0.00467676043766661,0.00603430480544171,0.00587163178588047
"Q.05",0.265242460135204,0.268241968658719,0.26876750055803,0.266008820930057
"Q.95",0.283021291452727,0.283627063272495,0.288618442970877,0.285324614531021
"theta0",3841.22769675792,3841.22769675792,3841.22769675792,3841.22769675792
"theta1",1464.88668081441,1464.88668081441,1464.88668081441,1464.88668081441
