"","AA","AB","BA","BB"
"EV",0.244384789996761,0.233593268131169,0.233945108959376,0.242279404266505
"STD",0.00591023072839349,0.0070145571344112,0.00698661446523183,0.00790409160862452
"Q.05",0.234718494476132,0.22213900111751,0.222535938729163,0.229378542905147
"Q.95",0.254161072797671,0.24521410683719,0.245519135108708,0.255379812559263
"theta0",1808.78355772079,1808.78355772079,1808.78355772079,1808.78355772079
"theta1",566.68913373505,566.68913373505,566.68913373505,566.68913373505
