"","AA","AB","BA","BB"
"EV",0.40933033925905,0.408105562018678,0.415848619189431,0.424873797130654
"STD",0.0086767250073325,0.0103258796131594,0.00686162274305695,0.00897955745670221
"Q.05",0.395090259131707,0.391166728221695,0.404580674180916,0.410131636435401
"Q.95",0.42363465322555,0.425136700113009,0.427153665135837,0.439672360506642
"theta0",1117.34060546148,1117.34060546148,1117.34060546148,1117.34060546148
"theta1",791.152046357921,791.152046357921,791.152046357921,791.152046357921
