"","AA","AB","BA","BB"
"EV",0.27431159534784,0.276183480395107,0.274778744512272,0.275706057118621
"STD",0.00496484324839213,0.00457718965821318,0.00511697021135351,0.00487117772524977
"Q.05",0.26617698572612,0.268681384594809,0.266395784568577,0.267724036252743
"Q.95",0.282509768403955,0.283738926011163,0.283229012622925,0.283748696113561
"theta0",5002.75785564876,5002.75785564876,5002.75785564876,5002.75785564876
"theta1",1899.9995995947,1899.9995995947,1899.9995995947,1899.9995995947
