"","AA","AB","BA","BB"
"EV",0.413939649557976,0.41722147754889,0.416001032731009,0.415077303427007
"STD",0.00524239858659281,0.00514396506198431,0.0059487950837905,0.00597172718993063
"Q.05",0.405327701022971,0.408770597026137,0.406229965826595,0.405268786815094
"Q.95",0.422573772948312,0.425692846918893,0.42579993032961,0.42491419240795
"theta0",3748.64209822945,3748.64209822945,3748.64209822945,3748.64209822945
"theta1",2665.48322201802,2665.48322201802,2665.48322201802,2665.48322201802
