"","AA","AB","BA","BB"
"EV",0.239478169110198,0.240594926210947,0.239572805622105,0.240140632045319
"STD",0.00445010852570909,0.00481834980611456,0.00432575496099667,0.00496379288863654
"Q.05",0.2321906892043,0.23270703481285,0.232488067421267,0.232015937598497
"Q.95",0.246830077536842,0.248557789295707,0.246718382762938,0.248345135876472
"theta0",5353.60129625904,5353.60129625904,5353.60129625904,5353.60129625904
"theta1",1690.19166089592,1690.19166089592,1690.19166089592,1690.19166089592
