"","AA","AB","BA","BB"
"EV",0.237787277415342,0.242244614681747,0.237920189487424,0.238685763213572
"STD",0.00536543649234775,0.00495918141377016,0.00541703807806743,0.0049954455735787
"Q.05",0.229009436894725,0.23412686915681,0.229058348537085,0.230509917013346
"Q.95",0.246659850910706,0.250440907488759,0.246878508730089,0.246943231858877
"theta0",4030.01827260887,4030.01827260887,4030.01827260887,4030.01827260887
"theta1",1266.83634007566,1266.83634007566,1266.83634007566,1266.83634007566
