"","AA","AB","BA","BB"
"EV",0.236782662687799,0.222316961482517,0.25799055504276,0.248705381237022
"STD",0.00782266708261272,0.0088909128552552,0.00970569443396932,0.0109401341446766
"Q.05",0.224017391383176,0.207838096096951,0.242162184992483,0.230894670661198
"Q.95",0.249750721820178,0.237084731838211,0.274089937290394,0.266882481012487
"theta0",512.147241072978,512.147241072978,512.147241072978,512.147241072978
"theta1",163.022646744058,163.022646744058,163.022646744058,163.022646744058
