"","AA","AB","BA","BB"
"EV",0.413431583758713,0.414096953156837,0.416684220664127,0.416946710827967
"STD",0.00565798293934497,0.00625746102288187,0.00511246770076912,0.00609904850926552
"Q.05",0.40413795405042,0.403820014895035,0.408285094167368,0.406929029903596
"Q.95",0.422751206074898,0.42440542592947,0.425103724656223,0.42699329826357
"theta0",3445.83719552134,3445.83719552134,3445.83719552134,3445.83719552134
"theta1",2447.44923468046,2447.44923468046,2447.44923468046,2447.44923468046
