"","AA","AB","BA","BB"
"EV",0.274812807278926,0.270906076920626,0.285179514885078,0.283129261923174
"STD",0.00695502915300443,0.00661125035380779,0.00859894707266932,0.00845841460165302
"Q.05",0.26343510565911,0.260089328414905,0.271124328666637,0.269303556769585
"Q.95",0.286314849390477,0.281838150189354,0.299411992379893,0.297128900450493
"theta0",1478.99079467127,1478.99079467127,1478.99079467127,1478.99079467127
"theta1",570.933015143096,570.933015143096,570.933015143096,570.933015143096
