"","AA","AB","BA","BB"
"EV",0.412074296416581,0.422572193617967,0.415852110842836,0.412972429832305
"STD",0.00744482816205348,0.00723606873076991,0.00704523348265952,0.00666575687453211
"Q.05",0.399851360253291,0.41068865998612,0.404283147825624,0.402026259004033
"Q.95",0.424342992062514,0.434493523462376,0.427460185851362,0.423954883379486
"theta0",1949.28154343966,1949.28154343966,1949.28154343966,1949.28154343966
"theta1",1387.79706986103,1387.79706986103,1387.79706986103,1387.79706986103
