"","AA","AB","BA","BB"
"EV",0.414221655697618,0.418846714577959,0.411184545873757,0.414756701987526
"STD",0.00608073373380095,0.00587459092932415,0.00659161586237792,0.00743904553755775
"Q.05",0.404234514797397,0.409196874536445,0.400360317673076,0.402542500598114
"Q.95",0.424238528763399,0.428522725091551,0.422045029862956,0.427015113141524
"theta0",2566.45026498491,2566.45026498491,2566.45026498491,2566.45026498491
"theta1",1818.82039714954,1818.82039714954,1818.82039714954,1818.82039714954
