"","AA","AB","BA","BB"
"EV",0.419129239755032,0.414849228346445,0.408994992183602,0.420232282969739
"STD",0.00726029027318629,0.00740440337407643,0.00706643892785152,0.00717492480543563
"Q.05",0.407206883354853,0.402691779803681,0.397392980083394,0.408449599993963
"Q.95",0.431091426844777,0.427050425334636,0.420639770064484,0.432053306710482
"theta0",1838.28537657621,1838.28537657621,1838.28537657621,1838.28537657621
"theta1",1308.41198427051,1308.41198427051,1308.41198427051,1308.41198427051
