"","AA","AB","BA","BB"
"EV",0.271890254280708,0.277552830529536,0.27574022419115,0.272690727149454
"STD",0.00570394686757163,0.0049807816987405,0.00649251898237004,0.00629137136002752
"Q.05",0.262550813108533,0.269391516846183,0.265114924226134,0.262394043343605
"Q.95",0.281314968482756,0.285776740929918,0.286473200689641,0.283090603526234
"theta0",3243.60505026543,3243.60505026543,3243.60505026543,3243.60505026543
"theta1",1227.10015531381,1227.10015531381,1227.10015531381,1227.10015531381
