"","AA","AB","BA","BB"
"EV",0.240517935137354,0.24027106470804,0.23677413514623,0.241042755065599
"STD",0.00502581812764019,0.00504326868571868,0.00509483680517953,0.00513798360196973
"Q.05",0.232292122108353,0.232016901793805,0.2284370056334,0.23263414540357
"Q.95",0.248825358493767,0.248607541733691,0.245197263818426,0.249536360079644
"theta0",4232.72672236151,4232.72672236151,4232.72672236151,4232.72672236151
"theta1",1334.15729246338,1334.15729246338,1334.15729246338,1334.15729246338
