"","AA","AB","BA","BB"
"EV",0.422856174116763,0.412594174459377,0.403663023586794,0.425492695706719
"STD",0.00903907476073793,0.00935731193532371,0.00855382444243885,0.00903891404492461
"Q.05",0.408017292450715,0.397238365863147,0.389626309004811,0.410653023349629
"Q.95",0.437753817855925,0.428021832494207,0.417766358489071,0.440389026957289
"theta0",876.325864166448,876.325864166448,876.325864166448,876.325864166448
"theta1",624.629779609417,624.629779609417,624.629779609417,624.629779609417
