"","AA","AB","BA","BB"
"EV",0.418498424577707,0.438390210123383,0.409766495432829,0.409538731560271
"STD",0.0107096926616248,0.0113424558856014,0.00875170070796305,0.00923606811689808
"Q.05",0.400925754369876,0.419769521004901,0.395403473884703,0.394382748455438
"Q.95",0.436158510779496,0.457084167984323,0.42419453066808,0.424767323072781
"theta0",580.209512437303,580.209512437303,580.209512437303,580.209512437303
"theta1",418.523370430181,418.523370430181,418.523370430181,418.523370430181
