"","AA","AB","BA","BB"
"EV",0.415722896641691,0.414999131748011,0.415653141316316,0.416272874218897
"STD",0.0051863434195902,0.00520553979885847,0.00510681374814946,0.00515179584448222
"Q.05",0.40720267794296,0.406447513388482,0.407263425812261,0.407809268941749
"Q.95",0.424264342145061,0.423572328897021,0.42406345553975,0.424757279804478
"theta0",4444.590073616,4444.590073616,4444.590073616,4444.590073616
"theta1",3161.67026072358,3161.67026072358,3161.67026072358,3161.67026072358
