"","AA","AB","BA","BB"
"EV",0.238094922100733,0.239306773167963,0.243451262482895,0.236161733578641
"STD",0.00592808541059107,0.00606303139259048,0.00533050464879682,0.00544469355193783
"Q.05",0.228401996617156,0.229394059547868,0.234728505634862,0.227255484041967
"Q.95",0.247903258275371,0.249339236466276,0.252264043086858,0.24516660634395
"theta0",3166.22920562291,3166.22920562291,3166.22920562291,3166.22920562291
"theta1",995.819486249435,995.819486249435,995.819486249435,995.819486249435
