"","AA","AB","BA","BB"
"EV",0.241396641470626,0.233015046714739,0.249499093870331,0.241171992097142
"STD",0.00600092476428233,0.00696864917488853,0.00869065865224507,0.00904442387063511
"Q.05",0.2315840331705,0.221635522210351,0.235319684967843,0.226427543194382
"Q.95",0.251324927792368,0.24455961010025,0.263908410260121,0.256179702888816
"theta0",1412.90525208,1412.90525208,1412.90525208,1412.90525208
"theta1",449.31327755713,449.31327755713,449.31327755713,449.31327755713
