"","AA","AB","BA","BB"
"EV",0.240617075900061,0.238068358071527,0.239136695367555,0.241987221167867
"STD",0.00472380879370081,0.00482192754124873,0.00524559362280076,0.00532517354619749
"Q.05",0.232883222449112,0.230175284278048,0.230553464524103,0.233273588874475
"Q.95",0.24842297665214,0.246037796863426,0.247809658093751,0.250791581066706
"theta0",4377.42332054771,4377.42332054771,4377.42332054771,4377.42332054771
"theta1",1382.04458692062,1382.04458692062,1382.04458692062,1382.04458692062
