"","AA","AB","BA","BB"
"EV",0.416775237080704,0.414325549462368,0.414086198464483,0.416169519811906
"STD",0.0049995914785498,0.00589216457299741,0.00539246341472073,0.0059945402537428
"Q.05",0.408561322672792,0.404647659446618,0.405228032885419,0.406323391649455
"Q.95",0.425008616460306,0.424031319935217,0.422967784438731,0.426043848469392
"theta0",3769.00613904683,3769.00613904683,3769.00613904683,3769.00613904683
"theta1",2677.52842190178,2677.52842190178,2677.52842190178,2677.52842190178
