"","AA","AB","BA","BB"
"EV",0.237920751713954,0.240925697940925,0.239884407909352,0.240386319151637
"STD",0.00467368622979971,0.00460481688654769,0.00507856644625059,0.00503435802245617
"Q.05",0.230269227263298,0.233385698082849,0.231572875308824,0.232146635084355
"Q.95",0.245644088177354,0.248534019195303,0.248279627550201,0.248707963378661
"theta0",4783.00927114096,4783.00927114096,4783.00927114096,4783.00927114096
"theta1",1508.66466088937,1508.66466088937,1508.66466088937,1508.66466088937
