"","AA","AB","BA","BB"
"EV",0.276686798891262,0.27245895555238,0.275915630192495,0.277402697536465
"STD",0.00560942232720923,0.00527519175193849,0.00554347596628963,0.0052083654437195
"Q.05",0.26750011691626,0.263818427341809,0.266836688269387,0.268870009226231
"Q.95",0.285953342622177,0.281172139454941,0.285072971238683,0.286003903847373
"theta0",3864.77572371702,3864.77572371702,3864.77572371702,3864.77572371702
"theta1",1470.53821755518,1470.53821755518,1470.53821755518,1470.53821755518
