"","AA","AB","BA","BB"
"EV",0.278794283400581,0.276110978738022,0.274583142240747,0.275162009161623
"STD",0.00563347807019102,0.00550156775266685,0.00514230034179944,0.00491875808448658
"Q.05",0.269567807034251,0.267100326705983,0.266158897708228,0.26710243567993
"Q.95",0.288100176136419,0.285198747625456,0.283075452250858,0.283283616813818
"theta0",4104.57139198063,4104.57139198063,4104.57139198063,4104.57139198063
"theta1",1566.05864051835,1566.05864051835,1566.05864051835,1566.05864051835
