"","AA","AB","BA","BB"
"EV",0.275642742034098,0.274822350732124,0.277256545701083,0.276646284416726
"STD",0.00452761241720018,0.00487378229494749,0.00540782880092977,0.00548850714088859
"Q.05",0.268221712974919,0.266836259716857,0.268398486882051,0.26765679322251
"Q.95",0.28311616092432,0.282869485253886,0.286188544715374,0.285712251543222
"theta0",4631.5467871971,4631.5467871971,4631.5467871971,4631.5467871971
"theta1",1766.49663318261,1766.49663318261,1766.49663318261,1766.49663318261
