"","AA","AB","BA","BB"
"EV",0.414634450782811,0.420991694907277,0.416583982623307,0.418436283966675
"STD",0.00519637180724192,0.00685944667992362,0.006824383239986,0.00726734677209559
"Q.05",0.406097923745625,0.409726121362442,0.405376922344699,0.406502539752491
"Q.95",0.423192578437119,0.432291959927581,0.427827402957433,0.43041029694258
"theta0",2615.03204676227,2615.03204676227,2615.03204676227,2615.03204676227
"theta1",1875.56904079381,1875.56904079381,1875.56904079381,1875.56904079381
