"","AA","AB","BA","BB"
"EV",0.239811741224943,0.239659070147697,0.239310661006888,0.239922688261068
"STD",0.00465043371513849,0.0043876104569446,0.00470552068884679,0.00446612359341111
"Q.05",0.232197654340579,0.232473450110707,0.231606926040623,0.23260900188557
"Q.95",0.247496031768254,0.246907245589095,0.247086514672465,0.247301074852355
"theta0",5555.28905505543,5555.28905505543,5555.28905505543,5555.28905505543
"theta1",1751.26661006353,1751.26661006353,1751.26661006353,1751.26661006353
