"","AA","AB","BA","BB"
"EV",0.246893037265218,0.25590839237295,0.227381213446094,0.253735610299656
"STD",0.0111124067182766,0.0099646235018268,0.00663737941560603,0.00966104596792376
"Q.05",0.228807176115225,0.239663527817401,0.21654180773732,0.237983348035772
"Q.95",0.265361528484936,0.27244292370813,0.238376139967015,0.269764116131235
"theta0",642.228241217395,642.228241217395,642.228241217395,642.228241217395
"theta1",209.509196214156,209.509196214156,209.509196214156,209.509196214156
