"","AA","AB","BA","BB"
"EV",0.234769175220554,0.243527210143631,0.243781028235619,0.23796601282124
"STD",0.0058234667367986,0.00566346709862832,0.00749185933275873,0.00741571011565556
"Q.05",0.225247573305822,0.234262579232007,0.231547115835644,0.225859045303964
"Q.95",0.244404664228374,0.252893413849167,0.256192415979866,0.250253767431168
"theta0",2202.03914868831,2202.03914868831,2202.03914868831,2202.03914868831
"theta1",695.453121936662,695.453121936662,695.453121936662,695.453121936662
