"","AA","AB","BA","BB"
"EV",0.415758128266058,0.415196104952356,0.413680555351851,0.416839643320627
"STD",0.00569452084498567,0.00519651583351742,0.00571945441508916,0.00524427826135986
"Q.05",0.406404190419977,0.406659266157697,0.404286055033338,0.408224214503723
"Q.95",0.425137646045607,0.423754394986368,0.423101535170791,0.425476471837803
"theta0",3902.76258357273,3902.76258357273,3902.76258357273,3902.76258357273
"theta1",2772.87962674356,2772.87962674356,2772.87962674356,2772.87962674356
