"","AA","AB","BA","BB"
"EV",0.243456046286013,0.244576157484518,0.244517485478036,0.228130981030567
"STD",0.00634779751468788,0.00927013288289798,0.0088567473820821,0.00750175838244885
"Q.05",0.233078905815064,0.229463995236005,0.230073450276085,0.215891026313182
"Q.95",0.253960858179389,0.259958669347523,0.259208378459337,0.240568614811721
"theta0",1172.38499320803,1172.38499320803,1172.38499320803,1172.38499320803
"theta1",370.587413861264,370.587413861264,370.587413861264,370.587413861264
