"","AA","AB","BA","BB"
"EV",0.239108994068411,0.238533826251387,0.240883819244296,0.239790270433535
"STD",0.00481441366217578,0.00475177489685466,0.00464576228789556,0.00456687409133497
"Q.05",0.231227893148367,0.230754918941885,0.233277092735732,0.232312376522227
"Q.95",0.247065692902553,0.246386661213749,0.248560107267205,0.247335877131586
"theta0",5146.70953453026,5146.70953453026,5146.70953453026,5146.70953453026
"theta1",1621.60183723955,1621.60183723955,1621.60183723955,1621.60183723955
