"","AA","AB","BA","BB"
"EV",0.275843807655393,0.276102164243013,0.272509104990695,0.274038296636677
"STD",0.00501022305298849,0.00482434084132238,0.00558812060348371,0.00574978116305246
"Q.05",0.267634807021999,0.268196522383518,0.263358291465415,0.264623531367189
"Q.95",0.28411687788497,0.284067106205026,0.281741424595322,0.28353847435524
"theta0",4148.81135491496,4148.81135491496,4148.81135491496,4148.81135491496
"theta1",1570.77510505839,1570.77510505839,1570.77510505839,1570.77510505839
