"","AA","AB","BA","BB"
"EV",0.415072335637299,0.409885384543788,0.40595805935073,0.423876584015591
"STD",0.00954647363101483,0.00791698858973515,0.00910176026854001,0.00739711395488344
"Q.05",0.399405703054694,0.396889465154345,0.391023459554965,0.41172864505516
"Q.95",0.430811505415523,0.422934427902138,0.42096616200427,0.436063323611478
"theta0",1152.68309352324,1152.68309352324,1152.68309352324,1152.68309352324
"theta1",813.35233534537,813.35233534537,813.35233534537,813.35233534537
