"","AA","AB","BA","BB"
"EV",0.414382249965514,0.4156902517516,0.41780493623462,0.415205739746059
"STD",0.00585227280281011,0.0054670943582759,0.00571271996563922,0.00512249847765364
"Q.05",0.40476977988929,0.406709414444399,0.408420813581554,0.406790346371327
"Q.95",0.424022204873899,0.424694686312276,0.427214141943304,0.423641975015251
"theta0",3780.76832990875,3780.76832990875,3780.76832990875,3780.76832990875
"theta1",2690.66230708003,2690.66230708003,2690.66230708003,2690.66230708003
