"","AA","AB","BA","BB"
"EV",0.236378302369557,0.230138304963228,0.243703595579621,0.234119745933076
"STD",0.00650270176418074,0.00835561682298978,0.0058734809992972,0.0082684302046232
"Q.05",0.225752828918303,0.216516183829531,0.234097313097341,0.22063531428543
"Q.95",0.247144261708424,0.244002387744112,0.253418996999819,0.24783483940926
"theta0",1668.9275536446,1668.9275536446,1668.9275536446,1668.9275536446
"theta1",515.797635093775,515.797635093775,515.797635093775,515.797635093775
