"","AA","AB","BA","BB"
"EV",0.240334367194104,0.23832268552944,0.239095775088411,0.240694025775107
"STD",0.00458650917183806,0.00459507549533755,0.00528069666156827,0.00474973666268003
"Q.05",0.232824344180066,0.230799167184488,0.230455422863527,0.232917904071398
"Q.95",0.247912438189198,0.245915433212176,0.247827089379813,0.248542950480225
"theta0",4917.44116112517,4917.44116112517,4917.44116112517,4917.44116112517
"theta1",1549.64150634443,1549.64150634443,1549.64150634443,1549.64150634443
