"","AA","AB","BA","BB"
"EV",0.243446301294533,0.224759546614431,0.246248242033027,0.253748149555193
"STD",0.00646088831437454,0.00869400410639518,0.0108515177110994,0.013166987936851
"Q.05",0.232885455018421,0.210595858478441,0.228583344560689,0.232348658150251
"Q.95",0.254139418778944,0.239194923295453,0.264279571810832,0.275661034582324
"theta0",635.334900125633,635.334900125633,635.334900125633,635.334900125633
"theta1",202.898441058372,202.898441058372,202.898441058372,202.898441058372
