"","AA","AB","BA","BB"
"EV",0.240722690446111,0.240465766798413,0.239540862656299,0.238990864599729
"STD",0.00479696810063155,0.0050167466243408,0.00429170547948289,0.00472483997601251
"Q.05",0.232869603407622,0.232254741561361,0.232511658474043,0.231255728868313
"Q.95",0.248650021612013,0.248758136367089,0.24662996445589,0.246798868533036
"theta0",5169.16965383708,5169.16965383708,5169.16965383708,5169.16965383708
"theta1",1631.81620292465,1631.81620292465,1631.81620292465,1631.81620292465
