"","AA","AB","BA","BB"
"EV",0.275501828513845,0.275109997319031,0.275599462723617,0.275813567439902
"STD",0.00465125905957722,0.00499400133220731,0.00452110441391716,0.0049694495552542
"Q.05",0.267878898644331,0.26692762948856,0.268189070588741,0.267671119135218
"Q.95",0.283180101490661,0.283356334386547,0.283062109325034,0.284019059371643
"theta0",5260.60754383439,5260.60754383439,5260.60754383439,5260.60754383439
"theta1",2000.54692429129,2000.54692429129,2000.54692429129,2000.54692429129
