"","AA","AB","BA","BB"
"EV",0.275779018286908,0.274085951953483,0.275568748452979,0.275356767102399
"STD",0.00501582432611541,0.00538678199132302,0.0043649697193366,0.0052488079370613
"Q.05",0.267560890271329,0.265263018223765,0.268413402835518,0.266758576563926
"Q.95",0.284061387165023,0.282983827742399,0.282772811207989,0.284025505738414
"theta0",4798.62636578051,4798.62636578051,4798.62636578051,4798.62636578051
"theta1",1822.04253768394,1822.04253768394,1822.04253768394,1822.04253768394
