"","AA","AB","BA","BB"
"EV",0.414407406058634,0.41571784858066,0.41638151015201,0.419180855903691
"STD",0.00534988046490283,0.00574288154254412,0.0059051497162175,0.00610339470809086
"Q.05",0.405619054624016,0.406284587355977,0.406681966012086,0.40915563500481
"Q.95",0.423218717993299,0.425177139316638,0.42610834663296,0.429234203470204
"theta0",3401.5430174988,3401.5430174988,3401.5430174988,3401.5430174988
"theta1",2427.26744127877,2427.26744127877,2427.26744127877,2427.26744127877
