"","AA","AB","BA","BB"
"EV",0.415739265197707,0.417111996860629,0.416010464568249,0.414330233491114
"STD",0.00561834552831775,0.00523665626127173,0.00557129168550585,0.00511881985861077
"Q.05",0.406510290544475,0.408509037291271,0.406858638826654,0.405920990209346
"Q.95",0.424993145764759,0.425736220122534,0.4251866973035,0.422760516557529
"theta0",4033.32518837308,4033.32518837308,4033.32518837308,4033.32518837308
"theta1",2870.71433987666,2870.71433987666,2870.71433987666,2870.71433987666
