"","AA","AB","BA","BB"
"EV",0.414655448706941,0.417235242734606,0.414922328902773,0.420056491362391
"STD",0.00545800548188837,0.00618331519497058,0.00609835319434155,0.00655784460404503
"Q.05",0.40568967568333,0.407079299159348,0.40490616230131,0.409285731651272
"Q.95",0.423645046464194,0.427420788254333,0.424968141359055,0.430859353009916
"theta0",3013.58243920012,3013.58243920012,3013.58243920012,3013.58243920012
"theta1",2153.04236266411,2153.04236266411,2153.04236266411,2153.04236266411
