"","AA","AB","BA","BB"
"EV",0.413133739961274,0.420431511122565,0.413638774529471,0.407536772144782
"STD",0.00714446905768302,0.00657414144926505,0.00828559930855869,0.00797962106265731
"Q.05",0.401402789419121,0.409633944700706,0.400037755660714,0.394439004116732
"Q.95",0.424906291426809,0.431261180048523,0.427295405615224,0.420690013272921
"theta0",1712.00397522249,1712.00397522249,1712.00397522249,1712.00397522249
"theta1",1207.95531072893,1207.95531072893,1207.95531072893,1207.95531072893
