"","AA","AB","BA","BB"
"EV",0.277560626526945,0.272277370370264,0.276750133505144,0.27671550231382
"STD",0.00527625652267555,0.00528538656363456,0.0057710446126934,0.00578963757482462
"Q.05",0.268917130979274,0.263620258794698,0.267299929041558,0.267234998535582
"Q.95",0.286274363832396,0.281007507462324,0.286284833316987,0.286281066666547
"theta0",3664.93704606244,3664.93704606244,3664.93704606244,3664.93704606244
"theta1",1395.96423051091,1395.96423051091,1395.96423051091,1395.96423051091
