"","AA","AB","BA","BB"
"EV",0.238989127501683,0.239580947190512,0.240942480874491,0.238079763914964
"STD",0.00471480308463544,0.0050195340367894,0.00452686957060819,0.00491971310184861
"Q.05",0.231270346119306,0.231365626666093,0.23352953784892,0.230027415511658
"Q.95",0.246780468619164,0.247878186497397,0.248421444081094,0.246211600515654
"theta0",4905.57779122172,4905.57779122172,4905.57779122172,4905.57779122172
"theta1",1544.09086438344,1544.09086438344,1544.09086438344,1544.09086438344
