"","AA","AB","BA","BB"
"EV",0.238653597755053,0.23916602987,0.240902104822997,0.240911041635978
"STD",0.00473516183821887,0.00456872481751554,0.00492126831926448,0.00480652737990625
"Q.05",0.230901727646348,0.231685262518629,0.23284647202787,0.233042332351728
"Q.95",0.246478820478901,0.246714848922585,0.249035786221377,0.248854197377585
"theta0",4988.92280754007,4988.92280754007,4988.92280754007,4988.92280754007
"theta1",1574.72637993891,1574.72637993891,1574.72637993891,1574.72637993891
