"","AA","AB","BA","BB"
"EV",0.408523527138435,0.416528124987212,0.418273378390383,0.41761596902183
"STD",0.00711215967420065,0.00724508587467136,0.00673828456828105,0.0068344124062865
"Q.05",0.396846706458437,0.404631371059873,0.407207106768564,0.406392226250794
"Q.95",0.420243908907852,0.428465890674226,0.429374340383118,0.428875702330284
"theta0",2037.8676229568,2037.8676229568,2037.8676229568,2037.8676229568
"theta1",1447.09178129487,1447.09178129487,1447.09178129487,1447.09178129487
