"","AA","AB","BA","BB"
"EV",0.274147584919365,0.277443178934151,0.275764061578536,0.273642484811291
"STD",0.00483881989566219,0.00500093941183023,0.00569367819495651,0.0057380752915688
"Q.05",0.266218701787614,0.269248986602543,0.266440260347117,0.264246913564582
"Q.95",0.282136911369503,0.28570052224862,0.285170653132229,0.283123346773878
"theta0",4109.0950455803,4109.0950455803,4109.0950455803,4109.0950455803
"theta1",1560.63110016117,1560.63110016117,1560.63110016117,1560.63110016117
