"","AA","AB","BA","BB"
"EV",0.240938877171553,0.236944909797372,0.24106064854324,0.242056699438017
"STD",0.00552286291171488,0.00491187609123706,0.00561734324638362,0.00512063440205113
"Q.05",0.231903868765554,0.228905630534366,0.231871896079018,0.233676050843662
"Q.95",0.25007216316142,0.245064029739336,0.25035098786825,0.250521199413133
"theta0",3846.5031016603,3846.5031016603,3846.5031016603,3846.5031016603
"theta1",1216.40687963873,1216.40687963873,1216.40687963873,1216.40687963873
