"","AA","AB","BA","BB"
"EV",0.417138658815878,0.412747485134575,0.414816194813334,0.413938674026821
"STD",0.00521397900263486,0.00604072592434885,0.00562478298476011,0.0062031813141149
"Q.05",0.408572905284464,0.402826226489761,0.405576805000686,0.403750778416262
"Q.95",0.425725485079204,0.422698621583579,0.424080837389798,0.424157619886275
"theta0",3443.2330385607,3443.2330385607,3443.2330385607,3443.2330385607
"theta1",2439.25923236551,2439.25923236551,2439.25923236551,2439.25923236551
