"","AA","AB","BA","BB"
"EV",0.281738945915903,0.273915652990778,0.272813892835675,0.274363753193804
"STD",0.00637798839609052,0.00713692941261297,0.0055988752879032,0.00677635561326175
"Q.05",0.271298072201903,0.26224245716762,0.263645462889252,0.263276958572454
"Q.95",0.292279623190043,0.285720570117868,0.282063976254277,0.285568935302446
"theta0",2446.37270556027,2446.37270556027,2446.37270556027,2446.37270556027
"theta1",931.268403403436,931.268403403436,931.268403403436,931.268403403436
