"","AA","AB","BA","BB"
"EV",0.242415696704622,0.237888208759161,0.230968121608162,0.237295230570263
"STD",0.00523742237600422,0.00759844383753977,0.00694734543619571,0.00816001039672837
"Q.05",0.233844785871294,0.225485263157435,0.219624285834491,0.223983697135286
"Q.95",0.251074117853418,0.250481064204508,0.242478267251327,0.250826670642931
"theta0",1945.33852627128,1945.33852627128,1945.33852627128,1945.33852627128
"theta1",604.752816714209,604.752816714209,604.752816714209,604.752816714209
