"","AA","AB","BA","BB"
"EV",0.411949525676691,0.414934384987633,0.416199038411199,0.417164957922143
"STD",0.00611328162748132,0.00604973875981363,0.00570668736939013,0.00561309200370774
"Q.05",0.401909430664574,0.404997946539172,0.406825071366946,0.407944378675307
"Q.95",0.42202051838862,0.424899994027585,0.425598552584363,0.426409951948289
"theta0",3255.16195498741,3255.16195498741,3255.16195498741,3255.16195498741
"theta1",2309.84966118899,2309.84966118899,2309.84966118899,2309.84966118899
