"","AA","AB","BA","BB"
"EV",0.419173673226547,0.410970708109153,0.411697010079976,0.409172614739982
"STD",0.00599477996697155,0.00715409022256034,0.00759683007770624,0.00813751975243753
"Q.05",0.409326617647161,0.39922454229459,0.399225096130215,0.395815676170777
"Q.95",0.429047865624598,0.42275969290043,0.424216789425922,0.422586153464341
"theta0",1955.37707170296,1955.37707170296,1955.37707170296,1955.37707170296
"theta1",1374.38109032597,1374.38109032597,1374.38109032597,1374.38109032597
