"","AA","AB","BA","BB"
"EV",0.414419760678072,0.415349839691114,0.420636491888018,0.420806606731731
"STD",0.00632996909600557,0.00571977775442107,0.00751122762846406,0.00733949977392282
"Q.05",0.404023856949622,0.405954537037359,0.408302345157103,0.408753948819788
"Q.95",0.424847805548841,0.424771082181833,0.433012435169455,0.432899081279034
"theta0",2370.9972057041,2370.9972057041,2370.9972057041,2370.9972057041
"theta1",1701.53023116806,1701.53023116806,1701.53023116806,1701.53023116806
