"","AA","AB","BA","BB"
"EV",0.274473946047979,0.272331235094678,0.273460788838411,0.279129538969826
"STD",0.00613121108677397,0.00584806095907556,0.00579298036411144,0.00546291841679869
"Q.05",0.264437513706989,0.262756802694897,0.263975782590418,0.270181149550814
"Q.95",0.284607219192041,0.281995040994483,0.283032832060319,0.288152439560492
"theta0",3212.6658813827,3212.6658813827,3212.6658813827,3212.6658813827
"theta1",1217.71990717895,1217.71990717895,1217.71990717895,1217.71990717895
