"","AA","AB","BA","BB"
"EV",0.237986261636863,0.242853710807896,0.240020221201777,0.242967081677588
"STD",0.00504791085909342,0.00593969182439124,0.00495154990050082,0.00589333185165035
"Q.05",0.229725181159056,0.233140085760698,0.231915499515292,0.233328792646848
"Q.95",0.246331080241547,0.252679565328316,0.248204423055479,0.252715770891417
"theta0",3611.41943670498,3611.41943670498,3611.41943670498,3611.41943670498
"theta1",1146.48827429344,1146.48827429344,1146.48827429344,1146.48827429344
