"","AA","AB","BA","BB"
"EV",0.234759318019476,0.243978934434538,0.243464845831201,0.235966659815558
"STD",0.00660265226204208,0.00705791776118741,0.00601268020313804,0.00638529202514433
"Q.05",0.223972432098065,0.232448641736321,0.23363232349717,0.225531968732653
"Q.95",0.245692627517203,0.255666522456244,0.253411904675269,0.246537182843472
"theta0",2149.65672953036,2149.65672953036,2149.65672953036,2149.65672953036
"theta1",677.16701189822,677.16701189822,677.16701189822,677.16701189822
