"","AA","AB","BA","BB"
"EV",0.41397259251834,0.418071191721764,0.415726282603028,0.416564927166213
"STD",0.00533970897974693,0.00563842278325111,0.00548674541579473,0.00607494536178527
"Q.05",0.405200990189311,0.408808913964352,0.406713201068652,0.406586849294867
"Q.95",0.42276719137675,0.427357820681413,0.424763120613726,0.426571822839695
"theta0",3617.64352412635,3617.64352412635,3617.64352412635,3617.64352412635
"theta1",2577.88267767911,2577.88267767911,2577.88267767911,2577.88267767911
