"","AA","AB","BA","BB"
"EV",0.424047011149303,0.413379547957739,0.409166675903934,0.415542266707131
"STD",0.00747069822274319,0.00821988128932846,0.00731490778690229,0.00805192064901836
"Q.05",0.411778373240928,0.399886278952825,0.397157438266503,0.402323471496609
"Q.95",0.436355132961914,0.426927724560742,0.421221648316761,0.428812353894443
"theta0",1489.80211688911,1489.80211688911,1489.80211688911,1489.80211688911
"theta1",1059.21140967896,1059.21140967896,1059.21140967896,1059.21140967896
