"","AA","AB","BA","BB"
"EV",0.242019321038418,0.238120497069183,0.237604956815371,0.241743750171084
"STD",0.00504562046540641,0.0059556539223506,0.00488062446649314,0.00594940146261776
"Q.05",0.233760844852031,0.228382756272711,0.229616397471811,0.232014762671827
"Q.95",0.250359229728504,0.247974704815134,0.245671995552204,0.251586173492084
"theta0",3624.05908744103,3624.05908744103,3624.05908744103,3624.05908744103
"theta1",1143.68799783108,1143.68799783108,1143.68799783108,1143.68799783108
