"","AA","AB","BA","BB"
"EV",0.238784728954297,0.240028242669694,0.24305229184846,0.242529950843217
"STD",0.0046350786502539,0.00508360051475848,0.00573352455069559,0.00581142958095167
"Q.05",0.231195909315783,0.231708472400553,0.233673864325987,0.233025006390561
"Q.95",0.24644377090945,0.248431785261456,0.252535152314551,0.252142561670541
"theta0",3893.55687095561,3893.55687095561,3893.55687095561,3893.55687095561
"theta1",1237.01707073556,1237.01707073556,1237.01707073556,1237.01707073556
