"","AA","AB","BA","BB"
"EV",0.237121483766377,0.225290805373759,0.260940103179222,0.245365791101233
"STD",0.00729522356363588,0.00891307733865762,0.0102072544274979,0.0114758566130447
"Q.05",0.225210268937155,0.210773251863648,0.244298248833388,0.226697085785292
"Q.95",0.249208650418531,0.24009289267406,0.27787589299726,0.264446774588578
"theta0",534.248737621841,534.248737621841,534.248737621841,534.248737621841
"theta1",170.734928794575,170.734928794575,170.734928794575,170.734928794575
