"","AA","AB","BA","BB"
"EV",0.23895461255251,0.240030103312842,0.240281388494963,0.239584710556398
"STD",0.00463956947875318,0.00435674372390475,0.00482155713136136,0.00459001473758504
"Q.05",0.231358434147587,0.232894737133154,0.232388351215109,0.232069146578712
"Q.95",0.246621069370201,0.247226994615709,0.248249655087601,0.247168769638325
"theta0",5421.79770166003,5421.79770166003,5421.79770166003,5421.79770166003
"theta1",1709.52726436061,1709.52726436061,1709.52726436061,1709.52726436061
