"","AA","AB","BA","BB"
"EV",0.413686202538103,0.41503785425259,0.41424564050228,0.41791253413181
"STD",0.00587019668727588,0.0055924202294109,0.00578369388154575,0.00545305817365525
"Q.05",0.404044453460114,0.405851518264617,0.404745678014098,0.408954396788845
"Q.95",0.4233558436719,0.424249084369175,0.423772492734933,0.426893494144075
"theta0",3538.33282028558,3538.33282028558,3538.33282028558,3538.33282028558
"theta1",2512.42211256458,2512.42211256458,2512.42211256458,2512.42211256458
