"","AA","AB","BA","BB"
"EV",0.27897500525698,0.273462117845908,0.275594869037237,0.274875160200536
"STD",0.00581432800264321,0.00579318062392478,0.00521138640992963,0.0052498282763163
"Q.05",0.269453602715943,0.263976784827344,0.267057673091075,0.266275420031964
"Q.95",0.288580903562388,0.283034493083132,0.284201499590696,0.283545704084251
"theta0",3697.37367277004,3697.37367277004,3697.37367277004,3697.37367277004
"theta1",1407.62075050763,1407.62075050763,1407.62075050763,1407.62075050763
