"","AA","AB","BA","BB"
"EV",0.41604494652144,0.41257435425543,0.416557366516054,0.414764101360425
"STD",0.00519266439600898,0.00600304769801201,0.00558582500455696,0.0061559684286005
"Q.05",0.407514313315231,0.402714917783915,0.407381614144475,0.404653474847796
"Q.95",0.424596772273881,0.422463359128682,0.42575748446614,0.424904996220393
"theta0",3495.02519052,3495.02519052,3495.02519052,3495.02519052
"theta1",2479.27297237904,2479.27297237904,2479.27297237904,2479.27297237904
