"","AA","AB","BA","BB"
"EV",0.273658313030372,0.274921037531475,0.277421065823243,0.274122545539131
"STD",0.00495618346264173,0.00572262987516339,0.00483950930003545,0.0056437651169103
"Q.05",0.265537976280066,0.265550277145017,0.269490396588392,0.264880572861218
"Q.95",0.281842269371905,0.284375906523368,0.285410882905881,0.283446762823295
"theta0",4159.81696361741,4159.81696361741,4159.81696361741,4159.81696361741
"theta1",1578.16427709328,1578.16427709328,1578.16427709328,1578.16427709328
