"","AA","AB","BA","BB"
"EV",0.417808785608088,0.415307773865108,0.410191993850892,0.418036932208154
"STD",0.00630186774681226,0.00635377177288892,0.0067781212842684,0.00682228151234245
"Q.05",0.407458295186151,0.404872659726909,0.399062251436613,0.406832982865493
"Q.95",0.428189799300089,0.425774915401556,0.421360530200484,0.429276550999879
"theta0",2426.32711592202,2426.32711592202,2426.32711592202,2426.32711592202
"theta1",1723.65247666929,1723.65247666929,1723.65247666929,1723.65247666929
