"","AA","AB","BA","BB"
"EV",0.238344357230774,0.242122247699231,0.239915627467883,0.243151110473406
"STD",0.00502978487227225,0.00587483333063913,0.00476077936616864,0.00582605636858747
"Q.05",0.230112689187435,0.23251435227012,0.232121705052945,0.233622153263625
"Q.95",0.246658963585559,0.251840472729876,0.247783074090908,0.252787828358808
"theta0",3781.65633055096,3781.65633055096,3781.65633055096,3781.65633055096
"theta1",1200.05100921558,1200.05100921558,1200.05100921558,1200.05100921558
