"","AA","AB","BA","BB"
"EV",0.274987776650546,0.274315122034108,0.277772332926692,0.274683285768885
"STD",0.00526045584524395,0.00518883570448143,0.00506380851450069,0.00496144479053481
"Q.05",0.266370672527869,0.265815016725017,0.269475458932863,0.26655414302499
"Q.95",0.283675917870459,0.282884655113645,0.286133813036624,0.282875747072402
"theta0",4434.72313282563,4434.72313282563,4434.72313282563,4434.72313282563
"theta1",1685.91146066769,1685.91146066769,1685.91146066769,1685.91146066769
