"","AA","AB","BA","BB"
"EV",0.421461164188543,0.417897586181328,0.406955960933714,0.403339443907996
"STD",0.00703678563506177,0.0108952084767269,0.00828351417295872,0.0113283761293942
"Q.05",0.409904677887769,0.400021625097867,0.393360665737559,0.384764034295156
"Q.95",0.433053931544017,0.435864724085574,0.420611439178601,0.422032165644264
"theta0",930.30013964786,930.30013964786,930.30013964786,930.30013964786
"theta1",652.965099154719,652.965099154719,652.965099154719,652.965099154719
