"","AA","AB","BA","BB"
"EV",0.415231774322969,0.415730992535645,0.415319000755885,0.417206354260514
"STD",0.00512948422462615,0.00502764068203043,0.00562983929141153,0.00560504229083091
"Q.05",0.406804915236952,0.40747118089819,0.40607123731153,0.407998974486132
"Q.95",0.423679525400947,0.424010749535777,0.424591904222555,0.426438065971834
"theta0",4118.89701210637,4118.89701210637,4118.89701210637,4118.89701210637
"theta1",2932.51442232841,2932.51442232841,2932.51442232841,2932.51442232841
