"","AA","AB","BA","BB"
"EV",0.276788706728369,0.27690723790074,0.27437083984494,0.274868819265035
"STD",0.00507071734562946,0.0050795495667656,0.00483789304636979,0.00498699024082152
"Q.05",0.268480773223683,0.268584864447285,0.2664434241884,0.266697945642295
"Q.95",0.285161851981046,0.285294998483819,0.282358585374119,0.283103585792779
"theta0",4713.68599726765,4713.68599726765,4713.68599726765,4713.68599726765
"theta1",1794.6033931819,1794.6033931819,1794.6033931819,1794.6033931819
