"","AA","AB","BA","BB"
"EV",0.413771680442889,0.417067589449472,0.418050782868548,0.416853740077672
"STD",0.00525389588260024,0.00564057552277723,0.00590779671411431,0.00608018338310665
"Q.05",0.40514089197054,0.407801937979683,0.408346608377216,0.406867018117073
"Q.95",0.422424787292027,0.42635792603648,0.427781698436001,0.426869223948275
"theta0",3492.88677415849,3492.88677415849,3492.88677415849,3492.88677415849
"theta1",2492.59897264051,2492.59897264051,2492.59897264051,2492.59897264051
