"","AA","AB","BA","BB"
"EV",0.406738294584036,0.408656608110597,0.411723978260405,0.421066187267688
"STD",0.00923899730376336,0.00820803139449213,0.00823692539182229,0.0066232787335122
"Q.05",0.39157872563481,0.395184350978658,0.398203349310583,0.410187898494482
"Q.95",0.421972926999,0.422186800639686,0.425300863847183,0.431976787110056
"theta0",1397.50309057737,1397.50309057737,1397.50309057737,1397.50309057737
"theta1",979.405063062678,979.405063062678,979.405063062678,979.405063062678
