"","AA","AB","BA","BB"
"EV",0.240160839882915,0.241214330922568,0.237330395058637,0.236997230282261
"STD",0.00499750609055563,0.00492149436833483,0.0054434337111315,0.00541647024023823
"Q.05",0.231981232963241,0.233158247723577,0.228425805825653,0.228136615723813
"Q.95",0.248421333241228,0.249348306949787,0.24633279154369,0.245954902066755
"theta0",4015.10486348763,4015.10486348763,4015.10486348763,4015.10486348763
"theta1",1260.52658439965,1260.52658439965,1260.52658439965,1260.52658439965
