"","AA","AB","BA","BB"
"EV",0.417242077925968,0.416423994624016,0.41475385681502,0.415175679042648
"STD",0.00567945699758544,0.00532473466110614,0.00553324086599196,0.00505550186610851
"Q.05",0.407912613507613,0.407676613378813,0.405664645601809,0.406870220351757
"Q.95",0.426596513395955,0.425193553933088,0.423867524310466,0.423501445551086
"theta0",4016.3124217191,4016.3124217191,4016.3124217191,4016.3124217191
"theta1",2859.8007694442,2859.8007694442,2859.8007694442,2859.8007694442
