"","AA","AB","BA","BB"
"EV",0.417205103295653,0.412058641040564,0.416138714880514,0.413102840015488
"STD",0.00528013681455298,0.00610262982230534,0.0065697905697701,0.00679294076959186
"Q.05",0.408530787580219,0.402035993007908,0.40534920001254,0.401948132439824
"Q.95",0.425901011688024,0.422112038574661,0.426962117022469,0.424295168503854
"theta0",2938.07348370795,2938.07348370795,2938.07348370795,2938.07348370795
"theta1",2081.10150829459,2081.10150829459,2081.10150829459,2081.10150829459
