"","AA","AB","BA","BB"
"EV",0.27536318401823,0.275781628020177,0.273966301792452,0.276640341700849
"STD",0.00476582350749471,0.00470033750693116,0.00526735279402818,0.00526491238730336
"Q.05",0.267553222712841,0.268078506362256,0.265338192989545,0.268015572615906
"Q.95",0.283231302797449,0.283541161134554,0.282666123206995,0.285335484127098
"theta0",4742.33576149161,4742.33576149161,4742.33576149161,4742.33576149161
"theta1",1802.83807718863,1802.83807718863,1802.83807718863,1802.83807718863
