"","AA","AB","BA","BB"
"EV",0.275522193842541,0.274014826697658,0.277148046094788,0.274996385371851
"STD",0.00517336548466795,0.00510100600456999,0.00492088517216194,0.00483027530214937
"Q.05",0.267047047530748,0.265658088160135,0.269084587160426,0.267081278015563
"Q.95",0.284065798450817,0.282438797178274,0.285272771277553,0.282971381183988
"theta0",4689.59239094016,4689.59239094016,4689.59239094016,4689.59239094016
"theta1",1782.63037699368,1782.63037699368,1782.63037699368,1782.63037699368
