"","AA","AB","BA","BB"
"EV",0.261560771408082,0.262508700729071,0.284003115531712,0.270959411979612
"STD",0.0082711744111394,0.0119740031070732,0.00664347190946272,0.0110111055379138
"Q.05",0.248052301005047,0.243014381615287,0.273128985092661,0.253008335993654
"Q.95",0.275261397544417,0.282403427592852,0.294983892195181,0.289230462283175
"theta0",799.077755552848,799.077755552848,799.077755552848,799.077755552848
"theta1",295.1961362701,295.1961362701,295.1961362701,295.1961362701
