"","AA","AB","BA","BB"
"EV",0.413779231229127,0.416391574537308,0.416848261755759,0.417512355954832
"STD",0.00538492669392796,0.00527657710268709,0.0059047087962205,0.00588749620267172
"Q.05",0.404933474375218,0.407723211837684,0.407149360146862,0.407841574275066
"Q.95",0.422648431598492,0.425081724816595,0.426574290617357,0.427209879433477
"theta0",3656.19965750791,3656.19965750791,3656.19965750791,3656.19965750791
"theta1",2605.88418037527,2605.88418037527,2605.88418037527,2605.88418037527
