"","AA","AB","BA","BB"
"EV",0.274880869335853,0.277806359134506,0.27290460398964,0.273414988807177
"STD",0.00556163456901536,0.00505487551398599,0.00576862442492631,0.00539478731741775
"Q.05",0.265772593888187,0.269524057074121,0.263459455710276,0.264579169774932
"Q.95",0.28406860779937,0.286153024817657,0.282436380651742,0.282326311331786
"theta0",3816.87205832813,3816.87205832813,3816.87205832813,3816.87205832813
"theta1",1446.03071552242,1446.03071552242,1446.03071552242,1446.03071552242
