"","AA","AB","BA","BB"
"EV",0.40449715234786,0.415636576382295,0.4177792329036,0.429406752145506
"STD",0.00944162796212341,0.0127498427198303,0.00693324613910496,0.0115110392343363
"Q.05",0.389006947505486,0.394728384831045,0.406393402929279,0.410515569383108
"Q.95",0.420067776167359,0.436673300889554,0.429202024704245,0.448384822748073
"theta0",739.528031632921,739.528031632921,739.528031632921,739.528031632921
"theta1",528.597643877762,528.597643877762,528.597643877762,528.597643877762
