"","AA","AB","BA","BB"
"EV",0.276140728349178,0.275847607793048,0.274332048354956,0.276216185195004
"STD",0.00474926461743001,0.00496845762327314,0.00475032862574421,0.00498500848282293
"Q.05",0.268357650648875,0.267706771216803,0.266547586290277,0.268048256778563
"Q.95",0.283981259691014,0.284051448443088,0.282174690903438,0.284447381629386
"theta0",5032.11886189179,5032.11886189179,5032.11886189179,5032.11886189179
"theta1",1914.88370185772,1914.88370185772,1914.88370185772,1914.88370185772
