"","AA","AB","BA","BB"
"EV",0.277175342433898,0.273524686504799,0.274716889711655,0.276727664644906
"STD",0.00511460680764888,0.00511201576758194,0.00519288022051271,0.00521592735749127
"Q.05",0.268795698873931,0.265150095955139,0.266210091904766,0.268182795037524
"Q.95",0.285621159785723,0.281967021571625,0.283293036666875,0.285341563448528
"theta0",4342.27621763514,4342.27621763514,4342.27621763514,4342.27621763514
"theta1",1651.56467046288,1651.56467046288,1651.56467046288,1651.56467046288
