"","AA","AB","BA","BB"
"EV",0.416324070761337,0.415147829661568,0.414894774978709,0.416545567279327
"STD",0.00517061337654723,0.00531960234213457,0.00512675422488737,0.0053446509779281
"Q.05",0.407829582127558,0.406409048472267,0.406472439359545,0.407765491822458
"Q.95",0.424839498407344,0.423909104067925,0.42333806826422,0.425347952679956
"theta0",4291.48435308023,4291.48435308023,4291.48435308023,4291.48435308023
"theta1",3053.57990887985,3053.57990887985,3053.57990887985,3053.57990887985
