"","AA","AB","BA","BB"
"EV",0.278728909764067,0.274722392595293,0.279350773171078,0.273427764787934
"STD",0.00593093298592546,0.00681091442356998,0.00640694540575681,0.0050405557276983
"Q.05",0.269017498623551,0.263579216334532,0.268863547968613,0.265169794252684
"Q.95",0.288528386185769,0.28598488033404,0.289940342738751,0.281751641494704
"theta0",3020.51644738895,3020.51644738895,3020.51644738895,3020.51644738895
"theta1",1154.72401390664,1154.72401390664,1154.72401390664,1154.72401390664
