"","AA","AB","BA","BB"
"EV",0.410440649222926,0.41243053966405,0.420488150516156,0.410337896421861
"STD",0.00706048904295792,0.00852159102336923,0.00626763651009149,0.00772833916403249
"Q.05",0.398848025254118,0.398443375261177,0.410193282362227,0.397650903966275
"Q.95",0.422075243416225,0.426477405547559,0.430812174965531,0.423075239204877
"theta0",1820.18792854535,1820.18792854535,1820.18792854535,1820.18792854535
"theta1",1282.90773480752,1282.90773480752,1282.90773480752,1282.90773480752
