"","AA","AB","BA","BB"
"EV",0.409973893782266,0.417596506809201,0.417603747130332,0.419522718521885
"STD",0.00652372246613864,0.00698572409681944,0.0075008490799422,0.00656530612427834
"Q.05",0.399261231004445,0.406124680226493,0.405287457094803,0.408739835260129
"Q.95",0.420722585430633,0.429105945083675,0.429963398338426,0.430338003053105
"theta0",2131.98251129938,2131.98251129938,2131.98251129938,2131.98251129938
"theta1",1519.78724408166,1519.78724408166,1519.78724408166,1519.78724408166
