"","AA","AB","BA","BB"
"EV",0.274363852597127,0.27464020033541,0.277103358767685,0.272982475307166
"STD",0.00493556244536779,0.00574214984343686,0.00487848196869054,0.0057054218102938
"Q.05",0.266277019841326,0.265237701071089,0.269109129117868,0.263640317052742
"Q.95",0.282513479129682,0.284127542629938,0.285157821232786,0.282409329481077
"theta0",4114.77570221716,4114.77570221716,4114.77570221716,4114.77570221716
"theta1",1559.05493692677,1559.05493692677,1559.05493692677,1559.05493692677
