"","AA","AB","BA","BB"
"EV",0.236400131222256,0.244987408994958,0.243314414582672,0.24087765049222
"STD",0.00523580528243858,0.00680112642197186,0.00588456024338801,0.00697378045916262
"Q.05",0.227833668665712,0.233873351660302,0.233690259556779,0.22948550510231
"Q.95",0.245057647189189,0.256246539096344,0.253048386011345,0.25242658047446
"theta0",2584.43507883042,2584.43507883042,2584.43507883042,2584.43507883042
"theta1",822.425506265783,822.425506265783,822.425506265783,822.425506265783
