"","AA","AB","BA","BB"
"EV",0.274746588223106,0.277219723698062,0.278740711167936,0.276923480724152
"STD",0.00449048174920148,0.00564681953812157,0.00579106490420236,0.00601425286815026
"Q.05",0.267386361069429,0.267971918840496,0.269257301305466,0.267076826814917
"Q.95",0.282158659788777,0.286548170019871,0.288308073957149,0.286861797054468
"theta0",3916.08651067488,3916.08651067488,3916.08651067488,3916.08651067488
"theta1",1499.71707371328,1499.71707371328,1499.71707371328,1499.71707371328
