"","AA","AB","BA","BB"
"EV",0.27427020511428,0.278069651432827,0.273837695876856,0.276165516704064
"STD",0.00478899802642041,0.00526028142076891,0.00583677092360893,0.00596722404993447
"Q.05",0.266422626556677,0.269452099718625,0.264281210713137,0.266395734221212
"Q.95",0.282176939895621,0.286756781846698,0.283482316478547,0.286025993372151
"theta0",3866.80455737606,3866.80455737606,3866.80455737606,3866.80455737606
"theta1",1471.08713421113,1471.08713421113,1471.08713421113,1471.08713421113
