"","AA","AB","BA","BB"
"EV",0.275841684953571,0.274814531578698,0.277319318904942,0.27676841103461
"STD",0.00468020224972297,0.00469699206904451,0.00544515968373207,0.00544222404337332
"Q.05",0.26817142982727,0.267117056829927,0.268400353838594,0.267854373860039
"Q.95",0.28356784666407,0.282568703859334,0.286313217167091,0.285757577901996
"theta0",4639.13341956203,4639.13341956203,4639.13341956203,4639.13341956203
"theta1",1770.22272213148,1770.22272213148,1770.22272213148,1770.22272213148
