"","AA","AB","BA","BB"
"EV",0.416428882048845,0.417273747425483,0.411051432242624,0.414462193363025
"STD",0.00582812579929865,0.00585936819283091,0.006438733676911,0.00648957129310213
"Q.05",0.406855672471697,0.407649146462961,0.400477876854734,0.403804571431273
"Q.95",0.426028660555442,0.42692491614437,0.421659635927692,0.425153580343145
"theta0",2897.55205364857,2897.55205364857,2897.55205364857,2897.55205364857
"theta1",2053.90692544707,2053.90692544707,2053.90692544707,2053.90692544707
