"","AA","AB","BA","BB"
"EV",0.274932501856103,0.274886047092895,0.276965960964699,0.275490548425549
"STD",0.00521214992911858,0.00490171658143337,0.00507152607214648,0.00457384157402636
"Q.05",0.266394215886592,0.266854346730041,0.26865666860274,0.267994045482394
"Q.95",0.283540551844025,0.282979466490281,0.285340408329955,0.283040571263513
"theta0",4876.73466030676,4876.73466030676,4876.73466030676,4876.73466030676
"theta1",1855.14731816389,1855.14731816389,1855.14731816389,1855.14731816389
