"","AA","AB","BA","BB"
"EV",0.239922327045995,0.235386443978656,0.234635670819104,0.244039347549622
"STD",0.00703901591913188,0.00613650775230808,0.0067201906608586,0.00563861713969364
"Q.05",0.228424880741883,0.225355993958643,0.223658162317886,0.234814970608862
"Q.95",0.251580531173994,0.245542834392651,0.24576499056729,0.253364063642442
"theta0",2323.69242325173,2323.69242325173,2323.69242325173,2323.69242325173
"theta1",727.789980674861,727.789980674861,727.789980674861,727.789980674861
