"","AA","AB","BA","BB"
"EV",0.415875078082807,0.416090746112202,0.416213845347057,0.412287848484942
"STD",0.00546766684810244,0.00532640520572885,0.0062148870844,0.0061628284796166
"Q.05",0.406893274123321,0.407340670873157,0.406006316344709,0.402166441098721
"Q.95",0.424880429478989,0.424863106942639,0.426451669691059,0.42244052822889
"theta0",3410.88082510704,3410.88082510704,3410.88082510704,3410.88082510704
"theta1",2420.88948863045,2420.88948863045,2420.88948863045,2420.88948863045
