"","AA","AB","BA","BB"
"EV",0.2390984592156,0.241884662414199,0.240120738296188,0.238922295000578
"STD",0.00432866937749151,0.00516214943187453,0.00509840530892401,0.00541888817859316
"Q.05",0.2320090661111,0.233436462840294,0.231776835424712,0.230057117607369
"Q.95",0.246248967209309,0.250418176931481,0.24854885005671,0.247883370126644
"theta0",4516.20484014497,4516.20484014497,4516.20484014497,4516.20484014497
"theta1",1426.28495017617,1426.28495017617,1426.28495017617,1426.28495017617
