"","AA","AB","BA","BB"
"EV",0.417725973433256,0.412224765440182,0.415374657076181,0.413223577515384
"STD",0.00550443511949761,0.00619041786407283,0.00596027089177121,0.00640754484661506
"Q.05",0.408683570686227,0.402058128749698,0.405584877964622,0.402700710688981
"Q.95",0.426791686803869,0.422422979315738,0.425192594964098,0.42377986704685
"theta0",3081.76313854243,3081.76313854243,3081.76313854243,3081.76313854243
"theta1",2182.97843895895,2182.97843895895,2182.97843895895,2182.97843895895
