"","AA","AB","BA","BB"
"EV",0.239754051248997,0.241045757155815,0.239281230799354,0.238495379176328
"STD",0.00476845263223956,0.00462346877318575,0.00479432486497388,0.00466201303959429
"Q.05",0.231947666821556,0.233475328217054,0.231432813235545,0.230862736943455
"Q.95",0.247634276998973,0.248685006854303,0.247204530116995,0.246199200291063
"theta0",5097.47532387142,5097.47532387142,5097.47532387142,5097.47532387142
"theta1",1606.66153267126,1606.66153267126,1606.66153267126,1606.66153267126
