"","AA","AB","BA","BB"
"EV",0.23902091403712,0.235416886810511,0.242587387370486,0.237835307829467
"STD",0.00538309399380265,0.0059490492530549,0.0053041293195513,0.00594382637734798
"Q.05",0.230213946781692,0.225690955725451,0.233907828257957,0.228116901513967
"Q.95",0.247922453492245,0.245261154960761,0.251356597668332,0.247669940929425
"theta0",3233.82301582776,3233.82301582776,3233.82301582776,3233.82301582776
"theta1",1014.06958611521,1014.06958611521,1014.06958611521,1014.06958611521
