"","AA","AB","BA","BB"
"EV",0.432217168570536,0.395512403122989,0.425647705388946,0.416873422416289
"STD",0.0127991373176038,0.0104770980835883,0.0108100954486216,0.00849435793916473
"Q.05",0.411215056883523,0.378333287189793,0.407906588804237,0.402929265905999
"Q.95",0.453322281808091,0.412800689719186,0.443469702701175,0.430873713865545
"theta0",451.992558974815,451.992558974815,451.992558974815,451.992558974815
"theta1",324.045589985859,324.045589985859,324.045589985859,324.045589985859
