"","AA","AB","BA","BB"
"EV",0.268840997077789,0.274533018911578,0.28280913805168,0.278047943891701
"STD",0.00676828313157858,0.00704843160268261,0.00719325669732397,0.0073807426561315
"Q.05",0.257769582682602,0.263003492043844,0.271040420119501,0.265976360073037
"Q.95",0.280034961095305,0.2861904892382,0.294703902565477,0.290256555308055
"theta0",1786.61273422124,1786.61273422124,1786.61273422124,1786.61273422124
"theta1",681.306040881295,681.306040881295,681.306040881295,681.306040881295
