"","AA","AB","BA","BB"
"EV",0.274979601111858,0.275353542563385,0.275012073510264,0.276428673587393
"STD",0.00491230869325488,0.00484366471585632,0.00475428340724891,0.00468699909913373
"Q.05",0.266930592555286,0.267416505737166,0.267221021633681,0.268747209199673
"Q.95",0.28309055692604,0.283350656392352,0.282861137871046,0.284165986771294
"theta0",5191.31368461872,5191.31368461872,5191.31368461872,5191.31368461872
"theta1",1973.57620731212,1973.57620731212,1973.57620731212,1973.57620731212
