"","AA","AB","BA","BB"
"EV",0.408617348514836,0.415359374956574,0.4226732670056,0.413641243868009
"STD",0.00763244534043381,0.00799486913894326,0.0072191988095117,0.00740418142410644
"Q.05",0.396087978044283,0.402234121447036,0.410817369153927,0.401484489372897
"Q.95",0.421196833990198,0.428535311830789,0.434566733466137,0.425842402690723
"theta0",1611.5724660099,1611.5724660099,1611.5724660099,1611.5724660099
"theta1",1143.61118885494,1143.61118885494,1143.61118885494,1143.61118885494
