"","AA","AB","BA","BB"
"EV",0.236572394434965,0.229576485296653,0.252211246777285,0.25256264235709
"STD",0.0086181722645885,0.00715010140707321,0.0100679026168984,0.00871819352549057
"Q.05",0.222520654751597,0.217904949073499,0.235803291738305,0.238336304979573
"Q.95",0.250870636687837,0.241425847641027,0.268922284276751,0.267015670035803
"theta0",795.627528839751,795.627528839751,795.627528839751,795.627528839751
"theta1",255.025378276891,255.025378276891,255.025378276891,255.025378276891
