"","AA","AB","BA","BB"
"EV",0.236171550297237,0.243921249650157,0.242115672476269,0.244675441392729
"STD",0.00541182065880074,0.00688248444176842,0.00573945576891449,0.00698542543961042
"Q.05",0.227318771891308,0.232675663702523,0.232727929684682,0.233262408798594
"Q.95",0.24512175792689,0.25531646333029,0.251608721976156,0.256241838086721
"theta0",2535.94172878761,2535.94172878761,2535.94172878761,2535.94172878761
"theta1",808.432878256819,808.432878256819,808.432878256819,808.432878256819
