"","AA","AB","BA","BB"
"EV",0.412880147990602,0.417815023738224,0.412892700840379,0.414097488598948
"STD",0.00587552033487822,0.00535266181350773,0.00658644176581079,0.00640996484499198
"Q.05",0.403229806335019,0.409021624717225,0.402076583925629,0.403570474534188
"Q.95",0.422558709541204,0.426630440208401,0.423744276411859,0.424657593178185
"theta0",3070.14260756254,3070.14260756254,3070.14260756254,3070.14260756254
"theta1",2172.81332410055,2172.81332410055,2172.81332410055,2172.81332410055
