"","AA","AB","BA","BB"
"EV",0.277889820609831,0.271451602109755,0.27842937092411,0.278914019212569
"STD",0.00564574732715224,0.00566218548146756,0.00675070889359634,0.0067712286137175
"Q.05",0.268643581682594,0.262180352809154,0.267382717112145,0.267833773872159
"Q.95",0.287216308483028,0.280807126939104,0.289590356025789,0.290108918119708
"theta0",2753.35394951649,2753.35394951649,2753.35394951649,2753.35394951649
"theta1",1053.1895692511,1053.1895692511,1053.1895692511,1053.1895692511
