"","AA","AB","BA","BB"
"EV",0.240794210328924,0.237292675098633,0.241707478804542,0.236377460252429
"STD",0.00565720966675261,0.00587690273392186,0.00498818565390468,0.00539953166081586
"Q.05",0.231540703499623,0.22768324932865,0.233542632580143,0.227544605647362
"Q.95",0.25015093535637,0.247016138784401,0.249952080020894,0.245307167983645
"theta0",3514.95211392174,3514.95211392174,3514.95211392174,3514.95211392174
"theta1",1104.21628457043,1104.21628457043,1104.21628457043,1104.21628457043
