"","AA","AB","BA","BB"
"EV",0.276856542195264,0.273837176247132,0.27470538059678,0.275315378860514
"STD",0.00477614945904834,0.00535648150974288,0.00474413253454876,0.00551677734809462
"Q.05",0.269029429661218,0.265063723110841,0.266930961214044,0.266280132318932
"Q.95",0.284741482413373,0.282684854103812,0.282537683802244,0.284428584118035
"theta0",4544.97577559328,4544.97577559328,4544.97577559328,4544.97577559328
"theta1",1725.56621002865,1725.56621002865,1725.56621002865,1725.56621002865
