"","AA","AB","BA","BB"
"EV",0.239710795803849,0.240584711895606,0.238696871315615,0.242335584984046
"STD",0.00437811024383367,0.00535089506882656,0.00512074213598836,0.00557189956496866
"Q.05",0.232540655517948,0.231829648854198,0.230317009978139,0.233220329457075
"Q.95",0.246943199273675,0.249432245179842,0.247162495468929,0.251549941001077
"theta0",4311.13368029794,4311.13368029794,4311.13368029794,4311.13368029794
"theta1",1363.95078230495,1363.95078230495,1363.95078230495,1363.95078230495
