"","AA","AB","BA","BB"
"EV",0.239116673735467,0.240444779891458,0.24038006781614,0.239047754691874
"STD",0.00439113875785801,0.00478583491136052,0.00458137187387458,0.00488630891974031
"Q.05",0.231925415641537,0.23260990187404,0.232878407943959,0.231049555114142
"Q.95",0.246370816009912,0.248353695376168,0.247949602516287,0.247123859301627
"theta0",5263.69735411723,5263.69735411723,5263.69735411723,5263.69735411723
"theta1",1659.99139029277,1659.99139029277,1659.99139029277,1659.99139029277
