"","AA","AB","BA","BB"
"EV",0.239677039070795,0.235825559687548,0.24990648586597,0.236550974222565
"STD",0.0061627824991895,0.00687556775788341,0.00804939894209807,0.00826754087396816
"Q.05",0.229602092061926,0.22459541198337,0.23676513494507,0.223066082846047
"Q.95",0.24987540315995,0.247213356670899,0.263244515919541,0.250262740018304
"theta0",1540.35838368344,1540.35838368344,1540.35838368344,1540.35838368344
"theta1",487.758856108888,487.758856108888,487.758856108888,487.758856108888
