"","AA","AB","BA","BB"
"EV",0.41588206904315,0.414636232738125,0.413820070290252,0.420016016861418
"STD",0.0057372641256292,0.00614716529444217,0.00614395741305148,0.00646071111826336
"Q.05",0.406457995569263,0.404540067288882,0.40372931926233,0.4094045688321
"Q.95",0.425332067550484,0.424762628002739,0.423941325908962,0.430658639250163
"theta0",2924.25271125437,2924.25271125437,2924.25271125437,2924.25271125437
"theta1",2083.82689377281,2083.82689377281,2083.82689377281,2083.82689377281
