"","AA","AB","BA","BB"
"EV",0.238975681162676,0.239959907245234,0.241441228283843,0.239382859105543
"STD",0.00464923177112257,0.00440178901181934,0.00511114198364191,0.00504325394025223
"Q.05",0.231363751811154,0.232751104965539,0.23307621124873,0.23112896801697
"Q.95",0.246658172039825,0.247231543198888,0.249890130750261,0.247719555002399
"theta0",4933.31096158417,4933.31096158417,4933.31096158417,4933.31096158417
"theta1",1557.44379947981,1557.44379947981,1557.44379947981,1557.44379947981
