"","AA","AB","BA","BB"
"EV",0.413804197281394,0.413409573614175,0.41594945290571,0.417151346173672
"STD",0.005936373145258,0.00574232507676196,0.00565367450394476,0.00528637779745365
"Q.05",0.404053890389098,0.403977604215286,0.406662489672014,0.408466797722885
"Q.95",0.42358298740066,0.422868323718376,0.425261569749829,0.425857553230703
"theta0",3583.3615692715,3583.3615692715,3583.3615692715,3583.3615692715
"theta1",2542.91488266027,2542.91488266027,2542.91488266027,2542.91488266027
