"","AA","AB","BA","BB"
"EV",0.28535774927077,0.268546818687646,0.269245509934835,0.280135866528547
"STD",0.00862058258436869,0.00784077181702295,0.00792700690696915,0.00742370216246225
"Q.05",0.271267315480013,0.255732529267873,0.256290810812146,0.26799344737317
"Q.95",0.29962615340395,0.281525915653756,0.28236787918842,0.292414981237549
"theta0",1212.35860449184,1212.35860449184,1212.35860449184,1212.35860449184
"theta1",461.774204254727,461.774204254727,461.774204254727,461.774204254727
