"","AA","AB","BA","BB"
"EV",0.273444762916826,0.275690057908091,0.277007400963367,0.274389859325549
"STD",0.00508244585461664,0.00557047942931492,0.00471723074972694,0.00540343291033593
"Q.05",0.26511843684477,0.266567143497828,0.269276461796527,0.265539692661816
"Q.95",0.281838087741462,0.284892257113929,0.284794692569469,0.283315278818977
"theta0",4333.33734848079,4333.33734848079,4333.33734848079,4333.33734848079
"theta1",1644.83824079951,1644.83824079951,1644.83824079951,1644.83824079951
