"","AA","AB","BA","BB"
"EV",0.240607290411449,0.235766734216941,0.238111365677839,0.237091164449035
"STD",0.00442682541638185,0.0057310790682386,0.00583585955355888,0.00610835256169982
"Q.05",0.233357528195713,0.226394921521335,0.228568340695422,0.227105727439822
"Q.95",0.247920328319217,0.245248111106075,0.247766224985149,0.247199968018359
"theta0",3610.62505947723,3610.62505947723,3610.62505947723,3610.62505947723
"theta1",1127.12056355235,1127.12056355235,1127.12056355235,1127.12056355235
