"","AA","AB","BA","BB"
"EV",0.272426662953905,0.280148751996582,0.284442832694859,0.276390025135153
"STD",0.00549252652154665,0.00783247819250759,0.00763972925738832,0.00858555448489684
"Q.05",0.263431723180925,0.267341710997362,0.271947037190496,0.26236204185213
"Q.95",0.281500386887381,0.293107950728297,0.297079254405214,0.290605525294149
"theta0",1808.61296859522,1808.61296859522,1808.61296859522,1808.61296859522
"theta1",697.639538650536,697.639538650536,697.639538650536,697.639538650536
