"","AA","AB","BA","BB"
"EV",0.27527949039818,0.273424011455619,0.277781769909077,0.277410126391981
"STD",0.00464048962638898,0.00587773799527774,0.0057692780864487,0.00619425850533257
"Q.05",0.267674187736889,0.263800889096621,0.268334151479259,0.267270022398546
"Q.95",0.282939962308661,0.283136759040152,0.287313249159215,0.28764714627486
"theta0",3662.36819931674,3662.36819931674,3662.36819931674,3662.36819931674
"theta1",1396.02108023495,1396.02108023495,1396.02108023495,1396.02108023495
