"","AA","AB","BA","BB"
"EV",0.239970691078272,0.240899122318973,0.236615214832685,0.238499501870642
"STD",0.00442993405504682,0.0054534538830584,0.0055686768688572,0.00585339070043681
"Q.05",0.232715996647468,0.23197706110594,0.227507155755461,0.228927831243894
"Q.95",0.247289020799422,0.249917031334568,0.245826127324895,0.248183387497713
"theta0",3906.81170763634,3906.81170763634,3906.81170763634,3906.81170763634
"theta1",1227.00322032549,1227.00322032549,1227.00322032549,1227.00322032549
