"","AA","AB","BA","BB"
"EV",0.27651771454274,0.274619174541657,0.275947587276259,0.275743911015919
"STD",0.00493840822248463,0.00467101433508282,0.00498317524980195,0.00477196548640767
"Q.05",0.268425783490365,0.266964152888572,0.26778270833313,0.267923847413242
"Q.95",0.284671610590895,0.282330341648961,0.284175801699042,0.283622133472839
"theta0",5091.05875622593,5091.05875622593,5091.05875622593,5091.05875622593
"theta1",1938.02009975525,1938.02009975525,1938.02009975525,1938.02009975525
