"","AA","AB","BA","BB"
"EV",0.275277107411276,0.275206157860572,0.27492321598508,0.27673054527435
"STD",0.00489363925080957,0.00494243885136731,0.00470348731897515,0.00481177430241168
"Q.05",0.267258510146653,0.26710792375892,0.267215115309813,0.268845294001338
"Q.95",0.283357059413738,0.283367006460229,0.282688129742285,0.284674539906845
"theta0",5092.67811344658,5092.67811344658,5092.67811344658,5092.67811344658
"theta1",1936.95818641343,1936.95818641343,1936.95818641343,1936.95818641343
