"","AA","AB","BA","BB"
"EV",0.278760075810231,0.276396665807504,0.270482778124884,0.273261505908905
"STD",0.00571415354556051,0.00613341787102445,0.00615798407677566,0.00650749228793931
"Q.05",0.269402058000739,0.266356012708655,0.26040406688743,0.26261274047157
"Q.95",0.288199820217587,0.286532988283236,0.280661822058922,0.284020256719705
"theta0",2780.33506928047,2780.33506928047,2780.33506928047,2780.33506928047
"theta1",1053.19470722724,1053.19470722724,1053.19470722724,1053.19470722724
