"","AA","AB","BA","BB"
"EV",0.414472714005961,0.4132636307921,0.417478382807563,0.417979557467636
"STD",0.00554169450496903,0.00612356707871466,0.00573640265869025,0.00622228601734064
"Q.05",0.405369677867263,0.403206422852066,0.40805546203425,0.407759555333913
"Q.95",0.423600367000435,0.4233513488945,0.426926701177812,0.428229251388289
"theta0",3214.47371204872,3214.47371204872,3214.47371204872,3214.47371204872
"theta1",2287.90650150434,2287.90650150434,2287.90650150434,2287.90650150434
