"","AA","AB","BA","BB"
"EV",0.276470537707865,0.273870665494738,0.27419153879178,0.274451685446312
"STD",0.00450220562964718,0.00535204153327517,0.00507772863541631,0.00553422546120013
"Q.05",0.269090860989951,0.265104445430775,0.265872741545631,0.265388216406564
"Q.95",0.283901731035638,0.282710970637452,0.282576876862235,0.283594062617054
"theta0",4532.48087458598,4532.48087458598,4532.48087458598,4532.48087458598
"theta1",1717.09362883253,1717.09362883253,1717.09362883253,1717.09362883253
