"","AA","AB","BA","BB"
"EV",0.276080115670596,0.272304732702048,0.276020963079955,0.27549658985621
"STD",0.00525091713316775,0.00556840594891351,0.00486946858722037,0.0053766089976999
"Q.05",0.267478312182871,0.263186114819521,0.268041667855498,0.266689893583677
"Q.95",0.284752182355512,0.28150439318862,0.284060706111036,0.284377242936022
"theta0",4157.69589288754,4157.69589288754,4157.69589288754,4157.69589288754
"theta1",1576.92363858557,1576.92363858557,1576.92363858557,1576.92363858557
