"","AA","AB","BA","BB"
"EV",0.276317821844237,0.274094196943511,0.277630165498836,0.278469564647087
"STD",0.00514163441213791,0.00485877182615385,0.00581594877813146,0.00576570175401373
"Q.05",0.267894267629362,0.266132757130841,0.268106507365949,0.269027582078836
"Q.95",0.284808637140147,0.28211660143883,0.287239133878585,0.287994917974245
"theta0",3966.24444990413,3966.24444990413,3966.24444990413,3966.24444990413
"theta1",1516.80548432555,1516.80548432555,1516.80548432555,1516.80548432555
