"","AA","AB","BA","BB"
"EV",0.244319144303967,0.228743898533331,0.241521772691715,0.2427625269242
"STD",0.00671094340755461,0.00730340620638853,0.00750947556366022,0.00809763406583914
"Q.05",0.233351822551539,0.216824612350099,0.229260679937162,0.229547955563669
"Q.95",0.255428347637159,0.240849768633096,0.253963891323227,0.256185866718675
"theta0",1412.14282860126,1412.14282860126,1412.14282860126,1412.14282860126
"theta1",444.337112045884,444.337112045884,444.337112045884,444.337112045884
