"","AA","AB","BA","BB"
"EV",0.238720315377229,0.238809993840641,0.238466667782901,0.241515868016473
"STD",0.00510931785883033,0.00488403528938764,0.00484363676605215,0.00466972672267695
"Q.05",0.230359046512551,0.230815560260421,0.230538127952167,0.233869935196614
"Q.95",0.247166951317459,0.246882384083486,0.246472056388277,0.249231785312984
"theta0",4694.94763921733,4694.94763921733,4694.94763921733,4694.94763921733
"theta1",1477.63169351905,1477.63169351905,1477.63169351905,1477.63169351905
