"","AA","AB","BA","BB"
"EV",0.412759273325688,0.420795087853987,0.413299809663442,0.414254749281244
"STD",0.00730161475074782,0.00661521812258338,0.00692700482608818,0.00598348284194456
"Q.05",0.400770856580987,0.409930077078021,0.401925281615903,0.40442709838804
"Q.95",0.424791340859695,0.431692447472713,0.42471336450817,0.424111176921672
"theta0",2326.29031351403,2326.29031351403,2326.29031351403,2326.29031351403
"theta1",1652.1885544638,1652.1885544638,1652.1885544638,1652.1885544638
