"","AA","AB","BA","BB"
"EV",0.414949050158789,0.416874014198727,0.417096213137626,0.415824691548352
"STD",0.0048072116873663,0.00571831602984962,0.00549525424945059,0.00589964236854081
"Q.05",0.407051052775265,0.407480861916295,0.408068967195518,0.406134277180875
"Q.95",0.422865461287532,0.426292599448787,0.426146879846147,0.425542539313099
"theta0",3931.45885732551,3931.45885732551,3931.45885732551,3931.45885732551
"theta1",2802.68417328311,2802.68417328311,2802.68417328311,2802.68417328311
