"","AA","AB","BA","BB"
"EV",0.23446554334365,0.243647132807987,0.241460009650644,0.248481473837282
"STD",0.00647316661388785,0.00861218852757635,0.00589328888876566,0.00838876603122203
"Q.05",0.223888921596533,0.229599278337713,0.23182235554608,0.234791471491903
"Q.95",0.24518317828215,0.257929754101672,0.251209180825957,0.262387138384289
"theta0",1641.48760932712,1641.48760932712,1641.48760932712,1641.48760932712
"theta1",524.125120668964,524.125120668964,524.125120668964,524.125120668964
