"","AA","AB","BA","BB"
"EV",0.23952856076791,0.239718051668457,0.239830229752482,0.240111323828984
"STD",0.00455447522137356,0.00418090805370624,0.00495704663909,0.00485794248848135
"Q.05",0.23207093640994,0.232869526843888,0.231716606576278,0.232159054180973
"Q.95",0.24705364884739,0.246623353460487,0.248023611120913,0.248140049732057
"theta0",5383.23982205941,5383.23982205941,5383.23982205941,5383.23982205941
"theta1",1698.15544012422,1698.15544012422,1698.15544012422,1698.15544012422
