"","AA","AB","BA","BB"
"EV",0.274844670299654,0.275711441361974,0.275672162165772,0.27676645586485
"STD",0.00478138704756408,0.00454694779837953,0.00504575826526033,0.00519080274827241
"Q.05",0.267009402501701,0.268258820892876,0.267405206135757,0.268262571068699
"Q.95",0.282738679888113,0.283216875819856,0.284004174854454,0.285338688518991
"theta0",5000.08725566247,5000.08725566247,5000.08725566247,5000.08725566247
"theta1",1903.78621512139,1903.78621512139,1903.78621512139,1903.78621512139
