"","AA","AB","BA","BB"
"EV",0.237416165344837,0.243090650520388,0.240648844550982,0.239063327788664
"STD",0.00483350085236088,0.00525635758805075,0.00578756009766557,0.00592005433323959
"Q.05",0.229504409167954,0.234488712151783,0.231183401562243,0.229383078734162
"Q.95",0.245404990025059,0.251780336336759,0.250222423606358,0.2488579301283
"theta0",3613.88899810111,3613.88899810111,3613.88899810111,3613.88899810111
"theta1",1141.62169616647,1141.62169616647,1141.62169616647,1141.62169616647
