"","AA","AB","BA","BB"
"EV",0.238983117390902,0.239981053074742,0.239321899901531,0.24073954047313
"STD",0.00459772614937141,0.00429017246200732,0.0050563408419847,0.00497888592060883
"Q.05",0.231455124865856,0.2329542602148,0.231046716073068,0.232590102222384
"Q.95",0.246580112994198,0.247067524535535,0.247680352933881,0.248968952937926
"theta0",5126.64999308668,5126.64999308668,5126.64999308668,5126.64999308668
"theta1",1616.85297720474,1616.85297720474,1616.85297720474,1616.85297720474
