"","AA","AB","BA","BB"
"EV",0.276049408187119,0.277547169741889,0.273636044696973,0.278646832835322
"STD",0.00507745714407361,0.00587226061883741,0.0051384178872616,0.00588193198690949
"Q.05",0.267730639337098,0.267931743612373,0.265218352541706,0.26901531869071
"Q.95",0.284433887385696,0.287249615023928,0.282122132062582,0.288365010514441
"theta0",3775.20472087702,3775.20472087702,3775.20472087702,3775.20472087702
"theta1",1442.60698413964,1442.60698413964,1442.60698413964,1442.60698413964
