"","AA","AB","BA","BB"
"EV",0.412102906419299,0.417914818919279,0.414040950842922,0.414774853996314
"STD",0.00617158779041273,0.00549382044332675,0.00642243005066774,0.00591843242421146
"Q.05",0.401967170605806,0.408889803046692,0.403493508781798,0.405053802328768
"Q.95",0.422270073910325,0.426962999325564,0.42462163547223,0.424523878943499
"theta0",3101.92022986489,3101.92022986489,3101.92022986489,3101.92022986489
"theta1",2197.90068214587,2197.90068214587,2197.90068214587,2197.90068214587
