"","AA","AB","BA","BB"
"EV",0.413016857560943,0.419532437802276,0.414661715666039,0.417537232960649
"STD",0.00602111244312764,0.00634228549875683,0.00598802942968301,0.00634171827276244
"Q.05",0.403127715386731,0.409115318106414,0.404826535295576,0.407121440037538
"Q.95",0.422935586417996,0.429979790447637,0.424525571524271,0.427984044335804
"theta0",2849.64709452444,2849.64709452444,2849.64709452444,2849.64709452444
"theta1",2031.48545472831,2031.48545472831,2031.48545472831,2031.48545472831
