"","AA","AB","BA","BB"
"EV",0.238043383089363,0.235490306840892,0.243421284114684,0.241278078526229
"STD",0.00513502331098211,0.00668248585768142,0.00582239335468405,0.0068789481063243
"Q.05",0.229640463070956,0.224573526947806,0.233898185859714,0.230039580990162
"Q.95",0.246532923760386,0.246556338690634,0.253051813342909,0.252668715687035
"theta0",2695.45050171833,2695.45050171833,2695.45050171833,2695.45050171833
"theta1",849.172692848577,849.172692848577,849.172692848577,849.172692848577
