"","AA","AB","BA","BB"
"EV",0.232610849923301,0.26146813968488,0.246032239605347,0.223356696556432
"STD",0.0100670568618552,0.0133633395874532,0.0071581097953051,0.00950682575907741
"Q.05",0.216225878512489,0.239739934662804,0.234338292773056,0.207884486957771
"Q.95",0.249341333317078,0.283698667541996,0.257885777205303,0.239156925204378
"theta0",445.857666540226,445.857666540226,445.857666540226,445.857666540226
"theta1",141.471713156126,141.471713156126,141.471713156126,141.471713156126
