"","AA","AB","BA","BB"
"EV",0.417084138202341,0.411667876845074,0.413196960283224,0.413024302449748
"STD",0.00513072703677601,0.0063456529935685,0.00658551987961575,0.006865948693264
"Q.05",0.408654997952177,0.401246808153339,0.402382288871228,0.401749928598452
"Q.95",0.425533697691585,0.422122350730887,0.424046948893136,0.424337147376251
"theta0",2924.07677810948,2924.07677810948,2924.07677810948,2924.07677810948
"theta1",2063.66382666419,2063.66382666419,2063.66382666419,2063.66382666419
