"","AA","AB","BA","BB"
"EV",0.273991453092087,0.276807301851258,0.28474669432257,0.269310704411921
"STD",0.00770315880347584,0.0072559353470164,0.00757937949114993,0.00681072296399871
"Q.05",0.261397761417937,0.264939261584346,0.272348911991178,0.258170060296482
"Q.95",0.286738527925557,0.288808880623804,0.297282604976808,0.280575051666438
"theta0",1612.06218688376,1612.06218688376,1612.06218688376,1612.06218688376
"theta1",615.223686052899,615.223686052899,615.223686052899,615.223686052899
