"","AA","AB","BA","BB"
"EV",0.237913524053938,0.240985106504698,0.241831131307611,0.23814711447926
"STD",0.00528590686149681,0.0051088146825188,0.00514065957204682,0.00489691113218474
"Q.05",0.229265058150057,0.232624008455091,0.233417938666373,0.230131884810899
"Q.95",0.246653856920384,0.249430269819452,0.250328960199363,0.246241061523167
"theta0",4175.49217917986,4175.49217917986,4175.49217917986,4175.49217917986
"theta1",1316.60639656473,1316.60639656473,1316.60639656473,1316.60639656473
