"","AA","AB","BA","BB"
"EV",0.411267806933579,0.415148592589192,0.418575475977294,0.41417222095697
"STD",0.00623351841149208,0.00694682072267978,0.0056539007068756,0.00668198014182254
"Q.05",0.401030681179941,0.40374113612337,0.409287725996614,0.403199185362923
"Q.95",0.421537322884234,0.426594412362696,0.427887552114986,0.425181182760514
"theta0",2673.95576614691,2673.95576614691,2673.95576614691,2673.95576614691
"theta1",1895.30615828142,1895.30615828142,1895.30615828142,1895.30615828142
