"","AA","AB","BA","BB"
"EV",0.2318567457545,0.236183897706609,0.245260247683868,0.243054398960606
"STD",0.00717415396446708,0.00698890376354148,0.00693005011859949,0.00684525029877957
"Q.05",0.220144864507805,0.224769768270383,0.233936783427113,0.231869680830933
"Q.95",0.243744918010903,0.247760527058334,0.256734064769971,0.254387989765575
"theta0",1693.27969126089,1693.27969126089,1693.27969126089,1693.27969126089
"theta1",532.074636950938,532.074636950938,532.074636950938,532.074636950938
