"","AA","AB","BA","BB"
"EV",0.415015956001691,0.416002505132415,0.415305249855283,0.418114539517044
"STD",0.00513037208118553,0.0054705829040328,0.00559544057177403,0.005784615820577
"Q.05",0.406587668355723,0.407015898213109,0.406113917550402,0.408612422301002
"Q.95",0.423465199245045,0.425012646834766,0.424521420116683,0.427642273022931
"theta0",3844.2058746606,3844.2058746606,3844.2058746606,3844.2058746606
"theta1",2739.61982462667,2739.61982462667,2739.61982462667,2739.61982462667
