"","AA","AB","BA","BB"
"EV",0.415603519367057,0.416404594113293,0.415095804033634,0.413334357797501
"STD",0.00490378352069793,0.00554623564629357,0.00591387524401395,0.00606184506233943
"Q.05",0.407546968171115,0.407293813126046,0.405382171059716,0.403378357252423
"Q.95",0.423679075550439,0.425539442963078,0.424837255773998,0.423320230521965
"theta0",3729.85885866301,3729.85885866301,3729.85885866301,3729.85885866301
"theta1",2647.20753590336,2647.20753590336,2647.20753590336,2647.20753590336
