"","AA","AB","BA","BB"
"EV",0.273977943468426,0.276854114894636,0.27705671574581,0.274512282807005
"STD",0.00546099507429257,0.00524162432457447,0.0051998134489305,0.00477136956050578
"Q.05",0.265034010622887,0.268267289533721,0.268538061493582,0.266693434723407
"Q.95",0.282998953733608,0.285510592300892,0.285643821925643,0.282389757179148
"theta0",4360.79663476881,4360.79663476881,4360.79663476881,4360.79663476881
"theta1",1659.1421270913,1659.1421270913,1659.1421270913,1659.1421270913
