"","AA","AB","BA","BB"
"EV",0.239029078976729,0.239217667220232,0.241293412398903,0.242064451038276
"STD",0.00453326265824805,0.00487395362613113,0.0051497685993875,0.00529893878316248
"Q.05",0.231606144358096,0.231239548185979,0.232865541997518,0.233393499714629
"Q.95",0.246519074314433,0.247273209528609,0.249806525469882,0.25082519162207
"theta0",4541.66543232403,4541.66543232403,4541.66543232403,4541.66543232403
"theta1",1437.43021031628,1437.43021031628,1437.43021031628,1437.43021031628
