"","AA","AB","BA","BB"
"EV",0.237472073963397,0.232726410568978,0.254921783730025,0.2515208870713
"STD",0.00891732429307281,0.00656652205158872,0.010817322855532,0.0087547940365897
"Q.05",0.222936245297404,0.221999159116953,0.237301552292547,0.237236115248909
"Q.95",0.252270237414832,0.24360048191518,0.272885676594334,0.266035850413934
"theta0",843.658076643543,843.658076643543,843.658076643543,843.658076643543
"theta1",272.531446886417,272.531446886417,272.531446886417,272.531446886417
