"","AA","AB","BA","BB"
"EV",0.414745725474928,0.415422014037164,0.417511892636074,0.417690290071199
"STD",0.00498714236102048,0.0059353910645397,0.0055854586350169,0.00610848911430413
"Q.05",0.406552490646697,0.405673034045437,0.40833659378527,0.407656987691862
"Q.95",0.422958828705977,0.425198901610995,0.426711259492255,0.42775231440632
"theta0",3638.14351665303,3638.14351665303,3638.14351665303,3638.14351665303
"theta1",2595.25341481332,2595.25341481332,2595.25341481332,2595.25341481332
