"","AA","AB","BA","BB"
"EV",0.23909335344904,0.23864348856591,0.240173364756868,0.240566238488521
"STD",0.00488729879050829,0.00465258927871066,0.00442531676467713,0.00477562029543368
"Q.05",0.231093529521553,0.231026167217494,0.232926155128051,0.23274797327213
"Q.95",0.24717109016937,0.24633163092283,0.247483990936021,0.248458165482842
"theta0",5190.76000078461,5190.76000078461,5190.76000078461,5190.76000078461
"theta1",1635.83913618064,1635.83913618064,1635.83913618064,1635.83913618064
