"","AA","AB","BA","BB"
"EV",0.274973157761808,0.272880150938058,0.277319768695645,0.272516427113826
"STD",0.0055116602310069,0.0060534591487151,0.00495626184649255,0.00555541959785251
"Q.05",0.265946345687351,0.262970895830431,0.269198527328516,0.263418922998657
"Q.95",0.284077962656811,0.282884818468346,0.285503088933198,0.281694482005744
"theta0",3723.37532313506,3723.37532313506,3723.37532313506,3723.37532313506
"theta1",1408.27873707713,1408.27873707713,1408.27873707713,1408.27873707713
