"","AA","AB","BA","BB"
"EV",0.275254236939687,0.277737668609545,0.273308240696293,0.277384314166906
"STD",0.00465373276778766,0.0057614385187563,0.00593618995891597,0.00624763168679197
"Q.05",0.267627314003946,0.268302843419203,0.263589907633706,0.267157268903523
"Q.95",0.282936653904407,0.287256151584403,0.283118061781316,0.287709970251233
"theta0",3619.06270409014,3619.06270409014,3619.06270409014,3619.06270409014
"theta1",1379.15009647044,1379.15009647044,1379.15009647044,1379.15009647044
