"","AA","AB","BA","BB"
"EV",0.244699387387041,0.246110784497572,0.234583961837607,0.23975812342308
"STD",0.00735635565997254,0.00728372286082648,0.00627207778570455,0.00607354834672874
"Q.05",0.232684626989081,0.234213021137318,0.224333708959606,0.2298281366173
"Q.95",0.256884211729277,0.258173704617603,0.244966494705909,0.249807913003054
"theta0",1969.81352556822,1969.81352556822,1969.81352556822,1969.81352556822
"theta1",626.474087209991,626.474087209991,626.474087209991,626.474087209991
