"","AA","AB","BA","BB"
"EV",0.276306188740765,0.274240953311586,0.277052223912684,0.274316254334616
"STD",0.00508536189013994,0.00508077815034663,0.00497233343508448,0.00499639257797934
"Q.05",0.267974463257127,0.265917169034264,0.268904805776035,0.266130155890277
"Q.95",0.284703715940127,0.282631336329606,0.285262236564443,0.282566724755583
"theta0",4616.00438009488,4616.00438009488,4616.00438009488,4616.00438009488
"theta1",1755.1718342761,1755.1718342761,1755.1718342761,1755.1718342761
