"","AA","AB","BA","BB"
"EV",0.412096210762231,0.415880859796166,0.41599295787137,0.41766643632342
"STD",0.00603016937355661,0.00566534648565923,0.00612412263156826,0.00580300494128283
"Q.05",0.402192382862042,0.4065747603335,0.405934329109627,0.408134227150358
"Q.95",0.422030048469827,0.42521223866964,0.426081085392733,0.427224573863736
"theta0",3200.39899222911,3200.39899222911,3200.39899222911,3200.39899222911
"theta1",2274.23351282212,2274.23351282212,2274.23351282212,2274.23351282212
