"","AA","AB","BA","BB"
"EV",0.277731992128014,0.273541782309848,0.270455836631311,0.273952700987917
"STD",0.00520030493877332,0.00572560689313009,0.00644394009226821,0.00661269849754482
"Q.05",0.269212379980875,0.264166562946778,0.259911563682993,0.263132420799054
"Q.95",0.286319759455548,0.283001979319357,0.281109999614779,0.284886028305558
"theta0",3039.81307817261,3039.81307817261,3039.81307817261,3039.81307817261
"theta1",1146.84253967118,1146.84253967118,1146.84253967118,1146.84253967118
