"","AA","AB","BA","BB"
"EV",0.240873624103921,0.23882752806207,0.239935116017544,0.239399688000486
"STD",0.00467811052368017,0.00461151571128771,0.00467439149953035,0.00459279033909109
"Q.05",0.233214179963588,0.231277098376819,0.232281956671525,0.231879643050411
"Q.95",0.248603606822169,0.246447447853654,0.247659145764624,0.246988395993237
"theta0",5292.97421386935,5292.97421386935,5292.97421386935,5292.97421386935
"theta1",1669.33201924398,1669.33201924398,1669.33201924398,1669.33201924398
