"","AA","AB","BA","BB"
"EV",0.239118966425157,0.239733501813762,0.239779731605033,0.240339770064667
"STD",0.00463970482198414,0.00425269326504111,0.00488051099544312,0.00471121578830585
"Q.05",0.231522528450179,0.232767884708545,0.231790784182495,0.232626504795526
"Q.95",0.246785609544017,0.246757856524352,0.247846019027184,0.248124832122736
"theta0",5393.0663013299,5393.0663013299,5393.0663013299,5393.0663013299
"theta1",1700.75060380382,1700.75060380382,1700.75060380382,1700.75060380382
