"","AA","AB","BA","BB"
"EV",0.274659602672912,0.275660212805745,0.276885527595675,0.275013199359298
"STD",0.00495622162483347,0.00484522787824348,0.00493256760550029,0.00479126510958481
"Q.05",0.266538989531841,0.267720562091997,0.268803053376795,0.267161771853541
"Q.95",0.282843411129364,0.283659855841932,0.285029667915966,0.282923545082415
"theta0",4979.97982616094,4979.97982616094,4979.97982616094,4979.97982616094
"theta1",1894.28838478706,1894.28838478706,1894.28838478706,1894.28838478706
