"","AA","AB","BA","BB"
"EV",0.276463487855034,0.275786863361902,0.27385760974543,0.276280161331099
"STD",0.00492858369461992,0.00500417387222162,0.00488984084479563,0.00500913985206936
"Q.05",0.268387604575925,0.267587747538173,0.265845507283774,0.268072834295014
"Q.95",0.28460111224075,0.284049918545984,0.281931557103735,0.284551343107797
"theta0",4792.46737829513,4792.46737829513,4792.46737829513,4792.46737829513
"theta1",1823.34982138408,1823.34982138408,1823.34982138408,1823.34982138408
