"","AA","AB","BA","BB"
"EV",0.274938573664203,0.275838399903154,0.27533744756712,0.278717366677488
"STD",0.00516489810292931,0.00577769117836007,0.00470510360270751,0.0057132669574459
"Q.05",0.266477377406566,0.266377622312748,0.267626628584119,0.269360806282066
"Q.95",0.283468271715894,0.285384387188121,0.283104961068655,0.288155651761715
"theta0",4088.55889845651,4088.55889845651,4088.55889845651,4088.55889845651
"theta1",1560.30307306627,1560.30307306627,1560.30307306627,1560.30307306627
