"","AA","AB","BA","BB"
"EV",0.23470936231373,0.244234952768654,0.240400820241331,0.238427698729057
"STD",0.0061581772287157,0.00598943509800125,0.0061954570956184,0.00590956417023986
"Q.05",0.22464400994634,0.234439926223662,0.230272483165511,0.228764746777038
"Q.95",0.244902124955027,0.254143048261289,0.250653283792897,0.248205085496332
"theta0",2624.99129201265,2624.99129201265,2624.99129201265,2624.99129201265
"theta1",826.453143802206,826.453143802206,826.453143802206,826.453143802206
