"","AA","AB","BA","BB"
"EV",0.23113444825588,0.236901093490945,0.241547303375494,0.244721441974722
"STD",0.00713857674353966,0.00769085331410669,0.00620039427237644,0.00693664292171424
"Q.05",0.219480639819456,0.224349143969796,0.231410464412891,0.233387552296843
"Q.95",0.242963655127714,0.249648895371705,0.251807516350275,0.256206513924483
"theta0",1735.51144084559,1735.51144084559,1735.51144084559,1735.51144084559
"theta1",543.808676846027,543.808676846027,543.808676846027,543.808676846027
