"","AA","AB","BA","BB"
"EV",0.280194290356611,0.272833274308248,0.272501418603605,0.277418841755373
"STD",0.00679656022060351,0.00594727584195651,0.00655474424149827,0.00568056034581991
"Q.05",0.269072309553753,0.263097025575472,0.261776022114668,0.268115967868098
"Q.95",0.291430794052558,0.282661645594652,0.283338973142874,0.28680321489575
"theta0",2674.04236641352,2674.04236641352,2674.04236641352,2674.04236641352
"theta1",1018.08328390978,1018.08328390978,1018.08328390978,1018.08328390978
