"","AA","AB","BA","BB"
"EV",0.239231472530981,0.240370178950235,0.239735415209903,0.240275514805073
"STD",0.00459615793079426,0.00496685116541024,0.00422560192676508,0.00484808115991975
"Q.05",0.231705978055152,0.2322404415797,0.232813984604628,0.232339267675483
"Q.95",0.246825808344001,0.248579701363915,0.24671483659073,0.248287824364686
"theta0",5312.64769329098,5312.64769329098,5312.64769329098,5312.64769329098
"theta1",1676.86178844867,1676.86178844867,1676.86178844867,1676.86178844867
