"","AA","AB","BA","BB"
"EV",0.275266114103888,0.291448801787676,0.275118110248831,0.267214283613371
"STD",0.00853307353532181,0.00989104666749887,0.00741023009576557,0.00849432092485344
"Q.05",0.261324015619937,0.275292106567845,0.262999959607937,0.253340256378266
"Q.95",0.289394844198018,0.307830336570025,0.287377128316629,0.281283481907027
"theta0",932.907942414887,932.907942414887,932.907942414887,932.907942414887
"theta1",357.901406841091,357.901406841091,357.901406841091,357.901406841091
