"","AA","AB","BA","BB"
"EV",0.275147096961883,0.274989293083548,0.275106463267028,0.27673270842605
"STD",0.00500781814406337,0.00515489304327278,0.00456281572940433,0.00485776770818556
"Q.05",0.266942172112639,0.266544409096771,0.267628036165619,0.268772369778202
"Q.95",0.283416329576427,0.283502390485591,0.282638289805773,0.284752918127453
"theta0",4977.8542294289,4977.8542294289,4977.8542294289,4977.8542294289
"theta1",1892.90288607761,1892.90288607761,1892.90288607761,1892.90288607761
