"","AA","AB","BA","BB"
"EV",0.41532277300958,0.414592256368532,0.415612586972589,0.416744477379341
"STD",0.00531056034245168,0.00547074633233096,0.00506287202998843,0.0052738112481841
"Q.05",0.406598802158655,0.405605591158927,0.407294979192771,0.408080604116717
"Q.95",0.424069111712866,0.42360287648113,0.423950450760234,0.425430018264407
"theta0",4222.69577900765,4222.69577900765,4222.69577900765,4222.69577900765
"theta1",3002.6625928212,3002.6625928212,3002.6625928212,3002.6625928212
