"","AA","AB","BA","BB"
"EV",0.238860727571164,0.238626290342956,0.240121660686307,0.240867274189755
"STD",0.00480227793487094,0.00467457656284927,0.00475960316559394,0.00461038934131053
"Q.05",0.230999460163058,0.230973144198642,0.232329603608838,0.233318205030074
"Q.95",0.246797337438692,0.246350936812093,0.247987104305439,0.24848485701857
"theta0",5098.61436363987,5098.61436363987,5098.61436363987,5098.61436363987
"theta1",1606.79898824879,1606.79898824879,1606.79898824879,1606.79898824879
