"","AA","AB","BA","BB"
"EV",0.411959576292178,0.415301178805074,0.41570737808297,0.418217592341356
"STD",0.00616738009355481,0.00625478530715417,0.00574558018975852,0.00589446416193258
"Q.05",0.401830767587687,0.405028393750546,0.406269691824959,0.408535259569976
"Q.95",0.422119828277094,0.425605003425938,0.425171121752379,0.427926488432333
"theta0",3055.5474761276,3055.5474761276,3055.5474761276,3055.5474761276
"theta1",2170.29276947453,2170.29276947453,2170.29276947453,2170.29276947453
