"","AA","AB","BA","BB"
"EV",0.419360300947938,0.419556765665285,0.417612879005476,0.412213751152
"STD",0.00628122653139826,0.00712234080994754,0.00770881503499052,0.00580962243115699
"Q.05",0.409043361073235,0.407860467838768,0.404955717393427,0.402671602274896
"Q.95",0.429706961128245,0.431291181033556,0.430315835110703,0.421783714749495
"theta0",2361.95603833298,2361.95603833298,2361.95603833298,2361.95603833298
"theta1",1690.74852110797,1690.74852110797,1690.74852110797,1690.74852110797
