"","AA","AB","BA","BB"
"EV",0.240516252635132,0.239074894883468,0.237206369178752,0.24327526371613
"STD",0.00549374431731916,0.00571267799514221,0.00503250826782699,0.00541969697704603
"Q.05",0.231528759826688,0.229731788763734,0.228970587695153,0.234407379810718
"Q.95",0.249601264716149,0.248524472823773,0.245525815034175,0.252236319473254
"theta0",3610.92305950591,3610.92305950591,3610.92305950591,3610.92305950591
"theta1",1140.45470262803,1140.45470262803,1140.45470262803,1140.45470262803
