"","AA","AB","BA","BB"
"EV",0.274942395789823,0.274948392781974,0.28101398453809,0.274315304966515
"STD",0.00512870821708044,0.00599177562714381,0.00664786826365617,0.00687083440997463
"Q.05",0.266540246196218,0.265138979322146,0.270133790468616,0.263074794498812
"Q.95",0.283412088653704,0.284849997721416,0.292003140784694,0.285677567831409
"theta0",2874.31360391031,2874.31360391031,2874.31360391031,2874.31360391031
"theta1",1097.44790359833,1097.44790359833,1097.44790359833,1097.44790359833
