"","AA","AB","BA","BB"
"EV",0.239076200149621,0.243143802916824,0.239501316972375,0.236202626276857
"STD",0.00549126016979686,0.00542319399764758,0.00560340066575962,0.00553820281991526
"Q.05",0.230093225945518,0.234270268746088,0.23033578075542,0.227144270827017
"Q.95",0.248157549817005,0.252110711266442,0.248768997294965,0.24536299445856
"theta0",3410.89390492945,3410.89390492945,3410.89390492945,3410.89390492945
"theta1",1074.10812448791,1074.10812448791,1074.10812448791,1074.10812448791
