"","AA","AB","BA","BB"
"EV",0.410895423883288,0.416871062777571,0.416167449780057,0.417334721222014
"STD",0.00645147536544831,0.00555779784236211,0.0069999053471603,0.00655934413168458
"Q.05",0.400301010906505,0.407741242037629,0.404672719948753,0.406562080714901
"Q.95",0.421524687471777,0.426024909300979,0.427700636705991,0.428140632259306
"theta0",2669.49492644002,2669.49492644002,2669.49492644002,2669.49492644002
"theta1",1896.25353302768,1896.25353302768,1896.25353302768,1896.25353302768
