"","AA","AB","BA","BB"
"EV",0.272676419950286,0.277782761068027,0.277272906803681,0.274274450978232
"STD",0.0055769846322944,0.00556311788362266,0.00548970833429784,0.00539354467128023
"Q.05",0.263543714945323,0.268671294747669,0.268281294844894,0.265440440271851
"Q.95",0.281890215593325,0.286972200034852,0.286340707090258,0.283183497270463
"theta0",3679.98732183638,3679.98732183638,3679.98732183638,3679.98732183638
"theta1",1399.42446052249,1399.42446052249,1399.42446052249,1399.42446052249
