"","AA","AB","BA","BB"
"EV",0.275355103873885,0.273715543752307,0.279389394713308,0.276103474776626
"STD",0.00491134515959274,0.00559250848488495,0.00596142750079339,0.00619964752234301
"Q.05",0.267307589648658,0.264557246124091,0.269628081072512,0.265955022413764
"Q.95",0.283464385398525,0.282954818955843,0.289239287592325,0.286349866803499
"theta0",3521.63358150225,3521.63358150225,3521.63358150225,3521.63358150225
"theta1",1343.49840817113,1343.49840817113,1343.49840817113,1343.49840817113
