"","AA","AB","BA","BB"
"EV",0.277873450930728,0.275154935906079,0.274096252529301,0.272551262121361
"STD",0.00526886140384445,0.00514578846953389,0.00576572272674343,0.00568245500173736
"Q.05",0.26924194661875,0.266724868948651,0.264655486759058,0.263246662018677
"Q.95",0.28657485320588,0.28365290006762,0.283622871811044,0.281940120277024
"theta0",3779.91281298639,3779.91281298639,3779.91281298639,3779.91281298639
"theta1",1433.23154240796,1433.23154240796,1433.23154240796,1433.23154240796
