"","AA","AB","BA","BB"
"EV",0.239577301539455,0.239644676464528,0.239684117253316,0.239984147581664
"STD",0.00458742815290804,0.00430150533762548,0.00472434207869814,0.00456328846292932
"Q.05",0.232065955079104,0.232599469331664,0.231949622531909,0.232512053915865
"Q.95",0.247157069311473,0.246750013280512,0.247491127197949,0.247523759995682
"theta0",5587.13963934358,5587.13963934358,5587.13963934358,5587.13963934358
"theta1",1761.75615738756,1761.75615738756,1761.75615738756,1761.75615738756
