"","AA","AB","BA","BB"
"EV",0.239357450981607,0.239695581991412,0.241665831493385,0.239251590475092
"STD",0.00458875922456378,0.00448709309111494,0.00511982138345554,0.0050812530319622
"Q.05",0.231843985914904,0.232347759696026,0.233286617557233,0.230935862907027
"Q.95",0.246939477991631,0.247108813017132,0.250129089658893,0.247651449586663
"theta0",4884.08487607732,4884.08487607732,4884.08487607732,4884.08487607732
"theta1",1542.34901999349,1542.34901999349,1542.34901999349,1542.34901999349
