"","AA","AB","BA","BB"
"EV",0.414850701237201,0.41385615247426,0.416599848193602,0.41536454040192
"STD",0.00518568771355979,0.0058787863527669,0.00503317298920003,0.00585444671426823
"Q.05",0.406331675003378,0.404200285852346,0.408330849311389,0.405748337131048
"Q.95",0.423391181585356,0.423539934403049,0.424888618405364,0.42500791463665
"theta0",3902.58622205786,3902.58622205786,3902.58622205786,3902.58622205786
"theta1",2770.46274224047,2770.46274224047,2770.46274224047,2770.46274224047
