"","AA","AB","BA","BB"
"EV",0.273553517945525,0.276634192973087,0.275698174188487,0.276074866497068
"STD",0.00502816506705361,0.0050331944199715,0.00505422418994571,0.00492456915743983
"Q.05",0.265315738210682,0.268387530809977,0.267417396735362,0.268005617152347
"Q.95",0.2818568249756,0.284945171799871,0.284044215449148,0.2842059172865
"theta0",4670.19983406342,4670.19983406342,4670.19983406342,4670.19983406342
"theta1",1775.878535918,1775.878535918,1775.878535918,1775.878535918
