"","AA","AB","BA","BB"
"EV",0.275367801466574,0.276650885179428,0.272978337962634,0.273572727789899
"STD",0.00483183280714682,0.00499430648617584,0.0056409791898168,0.0056827478742474
"Q.05",0.267450076599065,0.268467688207444,0.263741225478651,0.264267360906575
"Q.95",0.283345304422868,0.284897401520099,0.282298245734073,0.282961787232811
"theta0",4157.61099919372,4157.61099919372,4157.61099919372,4157.61099919372
"theta1",1574.25683793368,1574.25683793368,1574.25683793368,1574.25683793368
