"","AA","AB","BA","BB"
"EV",0.414428917934183,0.4164272769968,0.416526731577906,0.417643374378954
"STD",0.00515918637881516,0.00520143043511064,0.00588039001445375,0.00588849749435661
"Q.05",0.405953429872497,0.407882209148395,0.406867775438528,0.407970927744328
"Q.95",0.422925752873699,0.424993506600149,0.426212701919913,0.427342527049563
"theta0",3810.25386642618,3810.25386642618,3810.25386642618,3810.25386642618
"theta1",2717.06698670327,2717.06698670327,2717.06698670327,2717.06698670327
