"","AA","AB","BA","BB"
"EV",0.277504625154051,0.27421777684592,0.273142374687044,0.277761099077628
"STD",0.00556634608909536,0.00495293724729492,0.00602131495665042,0.00576650907157545
"Q.05",0.268387967811472,0.266102618248607,0.263285401680507,0.268318000783975
"Q.95",0.286699491618512,0.282396234096505,0.283093583698879,0.287287989322919
"theta0",3632.47496059892,3632.47496059892,3632.47496059892,3632.47496059892
"theta1",1382.42799427552,1382.42799427552,1382.42799427552,1382.42799427552
