"","AA","AB","BA","BB"
"EV",0.428435542117859,0.425961287910167,0.413051604343659,0.394250452601564
"STD",0.010146281561889,0.0144894354169915,0.00781392814269887,0.0124948682766988
"Q.05",0.411780179307224,0.402199383502359,0.400223554329008,0.373776221451993
"Q.95",0.445159365800039,0.449867944330845,0.42592946996422,0.414882050352099
"theta0",440.000090483478,440.000090483478,440.000090483478,440.000090483478
"theta1",312.684651354875,312.684651354875,312.684651354875,312.684651354875
