"","AA","AB","BA","BB"
"EV",0.274284345928134,0.274703142862948,0.277104106874934,0.277719853225888
"STD",0.00510699974698345,0.00497840121889707,0.00517050279922234,0.00552596507751972
"Q.05",0.265917766601893,0.266546322314458,0.268633267796648,0.268668993863884
"Q.95",0.282718193771872,0.282923707108984,0.28564260666874,0.286847679518971
"theta0",4289.90400341414,4289.90400341414,4289.90400341414,4289.90400341414
"theta1",1635.05169161864,1635.05169161864,1635.05169161864,1635.05169161864
