"","AA","AB","BA","BB"
"EV",0.417819891611343,0.413499270996123,0.418118146991182,0.416981797317451
"STD",0.00562989672388162,0.00535998868227591,0.00640777582856615,0.00629576079169525
"Q.05",0.408571640889111,0.404694466169252,0.407593902631716,0.406641484984673
"Q.95",0.427092498528202,0.422327382729274,0.428673824104166,0.427352897595239
"theta0",3229.31305496196,3229.31305496196,3229.31305496196,3229.31305496196
"theta1",2306.1079200804,2306.1079200804,2306.1079200804,2306.1079200804
