"","AA","AB","BA","BB"
"EV",0.239242242787578,0.242721647386756,0.239343071632081,0.240105593812591
"STD",0.00439267770017458,0.00540942712271875,0.00517410549095353,0.00560462773007623
"Q.05",0.232048448815618,0.233870652407802,0.230876147076812,0.230937853263852
"Q.95",0.246498912104094,0.251665805558773,0.247897177794925,0.249375110423193
"theta0",4233.06633030911,4233.06633030911,4233.06633030911,4233.06633030911
"theta1",1339.40677960708,1339.40677960708,1339.40677960708,1339.40677960708
