"","AA","AB","BA","BB"
"EV",0.239239471575966,0.241602853910547,0.23961461947276,0.241182327629835
"STD",0.0044107295807047,0.00516541061922109,0.004659141745961,0.00521152403765875
"Q.05",0.232016245449329,0.233149425662731,0.231986388230231,0.232653944418028
"Q.95",0.24652609214433,0.250141866163152,0.247313410691365,0.249798075580967
"theta0",4808.41863571116,4808.41863571116,4808.41863571116,4808.41863571116
"theta1",1521.92924357918,1521.92924357918,1521.92924357918,1521.92924357918
