"","AA","AB","BA","BB"
"EV",0.241168485721148,0.23934877812806,0.240649267937139,0.236860222901202
"STD",0.00497238256354784,0.00508075050930303,0.00507401635224465,0.00514075233693328
"Q.05",0.23302952432646,0.231033841147482,0.232344928965395,0.228448325822351
"Q.95",0.249386983813207,0.247747775249851,0.249036717263098,0.245359625952825
"theta0",4250.95379824402,4250.95379824402,4250.95379824402,4250.95379824402
"theta1",1338.83767202206,1338.83767202206,1338.83767202206,1338.83767202206
