"","AA","AB","BA","BB"
"EV",0.241346571201533,0.238833247463313,0.237395429433157,0.239938297496964
"STD",0.00463350797817657,0.0051495900800883,0.0049453978564963,0.0053213235630594
"Q.05",0.233759709372195,0.23040638228552,0.229301437784008,0.231231563440478
"Q.95",0.249002414023964,0.247346765434545,0.245570111143949,0.248736879041956
"theta0",4410.29903421535,4410.29903421535,4410.29903421535,4410.29903421535
"theta1",1388.04532177238,1388.04532177238,1388.04532177238,1388.04532177238
