"","AA","AB","BA","BB"
"EV",0.417366304123059,0.415403067050991,0.414847384022966,0.414863571690805
"STD",0.00530104989229236,0.00553089365492952,0.0052081157063717,0.00547258734774136
"Q.05",0.408657652022913,0.406317607590599,0.406291559746722,0.405873845834509
"Q.95",0.426096675556896,0.424512764938816,0.423424849317349,0.423877187874165
"theta0",4034.20786963405,4034.20786963405,4034.20786963405,4034.20786963405
"theta1",2869.24032433174,2869.24032433174,2869.24032433174,2869.24032433174
