"","AA","AB","BA","BB"
"EV",0.275141471820453,0.276465019102777,0.27614009613861,0.275300651225225
"STD",0.00446812864928446,0.00487327498629721,0.0052591815680367,0.00490965091294068
"Q.05",0.267817685988654,0.268479419649518,0.267524795544299,0.267255913776817
"Q.95",0.282516451466757,0.284510980853757,0.284825852974396,0.283407135892114
"theta0",5048.48649474193,5048.48649474193,5048.48649474193,5048.48649474193
"theta1",1922.34058428288,1922.34058428288,1922.34058428288,1922.34058428288
