"","AA","AB","BA","BB"
"EV",0.240730022622988,0.239436090337181,0.238677034657717,0.23971399449383
"STD",0.00442601652693127,0.00507325929107875,0.00444799516239411,0.00506776006095602
"Q.05",0.233481553125557,0.231133326159522,0.231393174855127,0.231420106137163
"Q.95",0.24804169273747,0.247822617889465,0.246025608294961,0.248091309227216
"theta0",5066.53592200018,5066.53592200018,5066.53592200018,5066.53592200018
"theta1",1596.86749583427,1596.86749583427,1596.86749583427,1596.86749583427
