"","AA","AB","BA","BB"
"EV",0.239803543024803,0.239144569859787,0.240978955143253,0.238630893502594
"STD",0.00474953010938883,0.00477438964536704,0.0046023353350512,0.00464099618601071
"Q.05",0.232027977435069,0.231328665055469,0.233442987853219,0.231032467096002
"Q.95",0.247652340667518,0.247034802904503,0.248583145875521,0.246299794309839
"theta0",5151.60010976993,5151.60010976993,5151.60010976993,5151.60010976993
"theta1",1623.67973553636,1623.67973553636,1623.67973553636,1623.67973553636
