"","AA","AB","BA","BB"
"EV",0.277889837261589,0.275977161257287,0.270732377935195,0.275704680553179
"STD",0.00558470648199237,0.00573276182984257,0.00594200794865342,0.00607273079502835
"Q.05",0.268743136364524,0.266589584626797,0.261005368492955,0.265763124060565
"Q.95",0.287115060802202,0.285448549143122,0.280552648088532,0.285740458354667
"theta0",3169.27433829656,3169.27433829656,3169.27433829656,3169.27433829656
"theta1",1202.64210298518,1202.64210298518,1202.64210298518,1202.64210298518
