"","AA","AB","BA","BB"
"EV",0.275812760481857,0.273556837105635,0.276662527254768,0.275992366821766
"STD",0.00510529676239618,0.00501596155199336,0.00501014475069438,0.00493149398146111
"Q.05",0.267448614836763,0.265338970384201,0.268453477752296,0.267911831595499
"Q.95",0.284243444683247,0.281839911925812,0.284935293465044,0.284134911754936
"theta0",4658.03459602224,4658.03459602224,4658.03459602224,4658.03459602224
"theta1",1771.39618598717,1771.39618598717,1771.39618598717,1771.39618598717
