"","AA","AB","BA","BB"
"EV",0.414888588974345,0.413842379164465,0.414400874410547,0.4189305924737
"STD",0.00592405956472454,0.00597084366461458,0.00576399759206648,0.00578723588376469
"Q.05",0.405158287995118,0.404035530969835,0.404933193092746,0.409424042136278
"Q.95",0.424646876827151,0.423678028860601,0.423895211333143,0.428462512929134
"theta0",3252.75585574812,3252.75585574812,3252.75585574812,3252.75585574812
"theta1",2312.45835490019,2312.45835490019,2312.45835490019,2312.45835490019
