"","AA","AB","BA","BB"
"EV",0.272659809587464,0.275973253529296,0.278646452383707,0.273445403945528
"STD",0.00568060346538718,0.005921391323506,0.00539585907278513,0.00563369670956481
"Q.05",0.263358196642045,0.266278221315905,0.269807573576223,0.264220033014493
"Q.95",0.282045564533744,0.285757706955236,0.287558260330795,0.28275309867957
"theta0",3438.27087888303,3438.27087888303,3438.27087888303,3438.27087888303
"theta1",1305.40658813296,1305.40658813296,1305.40658813296,1305.40658813296
