"","AA","AB","BA","BB"
"EV",0.412302826196676,0.41966645211499,0.419847976379192,0.413997116204124
"STD",0.00599040265777783,0.00659626297011663,0.00723800175568567,0.00754346212865512
"Q.05",0.402464176020761,0.408832770065917,0.407961974880085,0.401611998395491
"Q.95",0.422171017553967,0.430532780280323,0.431773193837921,0.426428123702734
"theta0",2221.7761586701,2221.7761586701,2221.7761586701,2221.7761586701
"theta1",1585.61951844769,1585.61951844769,1585.61951844769,1585.61951844769
