"","AA","AB","BA","BB"
"EV",0.276143468253036,0.275652626862791,0.27399763227303,0.274636720562437
"STD",0.00458464906888286,0.00485701832161125,0.00511273748949773,0.00522359448435271
"Q.05",0.268629197249065,0.267693730649063,0.265621756279544,0.266079833743907
"Q.95",0.283711277495632,0.283671810844123,0.282441057649096,0.283263817183897
"theta0",4866.06552087908,4866.06552087908,4866.06552087908,4866.06552087908
"theta1",1846.81534017692,1846.81534017692,1846.81534017692,1846.81534017692
