"","AA","AB","BA","BB"
"EV",0.414889717722199,0.416291066751056,0.415270528866512,0.416547106673651
"STD",0.00504979365068445,0.00499051425687803,0.00566000893626053,0.00563728012081167
"Q.05",0.406593661729926,0.408092107785568,0.405973282442512,0.407286943343424
"Q.95",0.423206108068834,0.424509539378721,0.424593200939214,0.425832089864983
"theta0",4158.48764852912,4158.48764852912,4158.48764852912,4158.48764852912
"theta1",2959.20962482493,2959.20962482493,2959.20962482493,2959.20962482493
