"","AA","AB","BA","BB"
"EV",0.274896793829358,0.277274906793748,0.275068284419684,0.274453606885552
"STD",0.00524768163307721,0.00487523387219505,0.0052021894084992,0.00476226137170333
"Q.05",0.266300550387707,0.269285944758903,0.266546216672647,0.266649639924299
"Q.95",0.283563772827547,0.285323952222565,0.283659786531543,0.282315999447132
"theta0",4670.76480908524,4670.76480908524,4670.76480908524,4670.76480908524
"theta1",1775.50123032358,1775.50123032358,1775.50123032358,1775.50123032358
