"","AA","AB","BA","BB"
"EV",0.277775079494938,0.274365929083098,0.273759854684197,0.276726143494872
"STD",0.00517218941642814,0.00567664511771713,0.00491823564855677,0.00556396453933396
"Q.05",0.269301335067195,0.265070287241804,0.265701428621978,0.267613576176397
"Q.95",0.286316224479921,0.283744641309654,0.281880887082294,0.285917262404694
"theta0",4043.41148679037,4043.41148679037,4043.41148679037,4043.41148679037
"theta1",1538.82255781072,1538.82255781072,1538.82255781072,1538.82255781072
