"","AA","AB","BA","BB"
"EV",0.413679328712285,0.412827629839465,0.416230936539077,0.417947379595141
"STD",0.00631787916711849,0.00580976248049002,0.00613082453464653,0.00553081311122079
"Q.05",0.403303397757452,0.403285147633245,0.406161271722735,0.40886166643225
"Q.95",0.424087572091476,0.422397721352202,0.426330076135875,0.427056560530898
"theta0",3164.21496855162,3164.21496855162,3164.21496855162,3164.21496855162
"theta1",2246.32550442549,2246.32550442549,2246.32550442549,2246.32550442549
