"","AA","AB","BA","BB"
"EV",0.417019606519225,0.412868229196169,0.41096708108796,0.420353919121901
"STD",0.00723713904484406,0.00697075873194464,0.00673120960783742,0.00645555799354189
"Q.05",0.405135751803064,0.401422082041458,0.399914059911524,0.409750853283639
"Q.95",0.428944128406303,0.424354106904552,0.422058009000153,0.430987971243916
"theta0",2161.43413320763,2161.43413320763,2161.43413320763,2161.43413320763
"theta1",1535.26075715466,1535.26075715466,1535.26075715466,1535.26075715466
