"","AA","AB","BA","BB"
"EV",0.277202488238153,0.27471190739898,0.275071095690196,0.275413049994098
"STD",0.00509676325196897,0.00533778913638651,0.00454693203844372,0.00506657515460689
"Q.05",0.268851957669156,0.2659687242763,0.267618615279193,0.267112180274424
"Q.95",0.285618719615648,0.283528367370794,0.28257661692054,0.283779628430343
"theta0",4725.23392488951,4725.23392488951,4725.23392488951,4725.23392488951
"theta1",1797.79307324182,1797.79307324182,1797.79307324182,1797.79307324182
