"","AA","AB","BA","BB"
"EV",0.277336337320173,0.272890674790986,0.277654329362449,0.279299772052262
"STD",0.00542668855755256,0.00523810038734677,0.00634442285551279,0.00632240667608456
"Q.05",0.268447495857213,0.264310541869756,0.26726952811399,0.268950272497463
"Q.95",0.286299595849295,0.281542238400296,0.288140637265717,0.28974896634506
"theta0",3258.51391985033,3258.51391985033,3258.51391985033,3258.51391985033
"theta1",1247.19229938158,1247.19229938158,1247.19229938158,1247.19229938158
