"","AA","AB","BA","BB"
"EV",0.414708415404127,0.415526441052485,0.415188450077951,0.419634972783708
"STD",0.00556272197677224,0.00564402416972346,0.0061923913310871,0.00624080284536185
"Q.05",0.405570848660843,0.406255375605456,0.405018010235697,0.409384282456597
"Q.95",0.423870713746889,0.424822707854195,0.425389356051266,0.429914896772132
"theta0",3213.4718567272,3213.4718567272,3213.4718567272,3213.4718567272
"theta1",2291.57932928427,2291.57932928427,2291.57932928427,2291.57932928427
