"","AA","AB","BA","BB"
"EV",0.415356417271477,0.413142851915251,0.416883187935046,0.41563391889396
"STD",0.00506153611018431,0.00603968434771519,0.00548616399595936,0.0061328175629948
"Q.05",0.407041034187651,0.403223229329567,0.407870887508961,0.405561096851168
"Q.95",0.423692110751992,0.423092198218705,0.425918895078845,0.425736457368983
"theta0",3600.05931613925,3600.05931613925,3600.05931613925,3600.05931613925
"theta1",2556.61131915484,2556.61131915484,2556.61131915484,2556.61131915484
