"","AA","AB","BA","BB"
"EV",0.276187204063498,0.275139985747103,0.27559935739205,0.275225949597608
"STD",0.00468676330566872,0.00450020582305052,0.00511193141979811,0.00503392284705388
"Q.05",0.268506170263529,0.267763807577775,0.267224433552978,0.266978405977588
"Q.95",0.283924171567465,0.282568096049712,0.284041088402149,0.283538438968319
"theta0",5148.61534996472,5148.61534996472,5148.61534996472,5148.61534996472
"theta1",1958.27261408081,1958.27261408081,1958.27261408081,1958.27261408081
