"","AA","AB","BA","BB"
"EV",0.238508471481702,0.240768129353231,0.240801183860928,0.240142322678132
"STD",0.00446341189470681,0.00452931150336608,0.00518670788741392,0.00519064570895916
"Q.05",0.231199516148858,0.23335124437268,0.232313314186044,0.231648235913733
"Q.95",0.245882663770166,0.248251182951175,0.24937580909732,0.248723680957925
"theta0",4856.48498477278,4856.48498477278,4856.48498477278,4856.48498477278
"theta1",1534.15809832159,1534.15809832159,1534.15809832159,1534.15809832159
