"","AA","AB","BA","BB"
"EV",0.413435822126338,0.418375978837674,0.416627522642511,0.41614117730035
"STD",0.00556238398484385,0.00612186826624752,0.0054529476956649,0.00605094461573297
"Q.05",0.404299006095522,0.408320605015394,0.407669755742,0.406202541545322
"Q.95",0.422597758351576,0.428459947061974,0.425608488823066,0.426108557140679
"theta0",3372.86586964091,3372.86586964091,3372.86586964091,3372.86586964091
"theta1",2404.07004128513,2404.07004128513,2404.07004128513,2404.07004128513
