"","AA","AB","BA","BB"
"EV",0.274834532065369,0.274468879641839,0.276742877240926,0.27570356955182
"STD",0.00492663447582635,0.00493996215828297,0.00482761896305897,0.00487276725073421
"Q.05",0.266762171566713,0.266374843866922,0.268831755556527,0.267718954489189
"Q.95",0.282969262332223,0.282625776971781,0.284713124967177,0.283748843329595
"theta0",4951.76861824773,4951.76861824773,4951.76861824773,4951.76861824773
"theta1",1882.4521954996,1882.4521954996,1882.4521954996,1882.4521954996
