"","AA","AB","BA","BB"
"EV",0.231780363675255,0.23573644577407,0.242468738503684,0.245234047586109
"STD",0.00734525029357137,0.00684319437739548,0.00724295271905197,0.00658137456389526
"Q.05",0.219791388445126,0.224558849430617,0.230639145437966,0.23447669873768
"Q.95",0.243954237844796,0.247070303283401,0.254465666966538,0.256127018976403
"theta0",1691.56034405019,1691.56034405019,1691.56034405019,1691.56034405019
"theta1",530.704897562004,530.704897562004,530.704897562004,530.704897562004
