"","AA","AB","BA","BB"
"EV",0.275739635510745,0.273078047857511,0.275770253788332,0.277224342349171
"STD",0.00518444871110889,0.00521430156348824,0.00510819761669991,0.00517428780400536
"Q.05",0.267246355665634,0.264536691148808,0.267401384137573,0.268747299634518
"Q.95",0.284301567189039,0.28169009880609,0.284205756636554,0.285769090230135
"theta0",4317.52947239904,4317.52947239904,4317.52947239904,4317.52947239904
"theta1",1641.46945700304,1641.46945700304,1641.46945700304,1641.46945700304
