"","AA","AB","BA","BB"
"EV",0.242119194838561,0.274085912796063,0.286743520428143,0.280506811136463
"STD",0.0114624566217964,0.0113384946482111,0.00927859509145951,0.00875738410943003
"Q.05",0.223476647202551,0.2556024790773,0.271583933997573,0.26619730691426
"Q.95",0.261182082142083,0.292901623568717,0.302107375475537,0.295006093824376
"theta0",349.704985402877,349.704985402877,349.704985402877,349.704985402877
"theta1",129.903635635587,129.903635635587,129.903635635587,129.903635635587
