"","AA","AB","BA","BB"
"EV",0.239023249610801,0.24146120000313,0.239215423772353,0.241840658582634
"STD",0.00452681094601216,0.00511916358625406,0.00485022340475833,0.00529156471133491
"Q.05",0.231610832665498,0.233083115285178,0.23127596035559,0.233181778783487
"Q.95",0.246502539111264,0.249923422474449,0.247231559395108,0.250589212005058
"theta0",4579.816823451,4579.816823451,4579.816823451,4579.816823451
"theta1",1449.37787861681,1449.37787861681,1449.37787861681,1449.37787861681
