"","AA","AB","BA","BB"
"EV",0.275508823800081,0.275217861243855,0.276709745330699,0.273893751915792
"STD",0.00505751250134255,0.00517876025299589,0.00470667495022849,0.00493571918122961
"Q.05",0.267222721935993,0.266733983490025,0.268996099120695,0.265806763060528
"Q.95",0.283860357452891,0.283770480270988,0.284479604193903,0.282043736579168
"theta0",4783.91072686167,4783.91072686167,4783.91072686167,4783.91072686167
"theta1",1817.6835801003,1817.6835801003,1817.6835801003,1817.6835801003
