"","AA","AB","BA","BB"
"EV",0.27577215062714,0.27547975806969,0.274862820008793,0.275875894705252
"STD",0.00458058884334278,0.00463892572873042,0.00492781320657681,0.00501758693291107
"Q.05",0.268264577651073,0.267876971937184,0.266788529676862,0.267654869073675
"Q.95",0.28333330029044,0.283137602300785,0.28299949813524,0.284161164616833
"theta0",5235.06857511668,5235.06857511668,5235.06857511668,5235.06857511668
"theta1",1990.74903033122,1990.74903033122,1990.74903033122,1990.74903033122
