"","AA","AB","BA","BB"
"EV",0.244910797345249,0.234007554990066,0.232275370441581,0.230955077133107
"STD",0.00586940134675982,0.00734883755278538,0.00784692339106667,0.00868619272308939
"Q.05",0.235310706982836,0.222011373365105,0.219474021774274,0.216798326482107
"Q.95",0.254618979686926,0.246186060727457,0.24528704752972,0.245371887984562
"theta0",1510.62040740208,1510.62040740208,1510.62040740208,1510.62040740208
"theta1",465.454625791123,465.454625791123,465.454625791123,465.454625791123
