"","AA","AB","BA","BB"
"EV",0.239614990525795,0.235096312394676,0.238930738536645,0.243169886012129
"STD",0.00629251625937928,0.00563040029445069,0.00606132698044121,0.00532782006210776
"Q.05",0.229329317947232,0.225888424549271,0.22902094722216,0.23445158482872
"Q.95",0.250029386186179,0.244410425292678,0.248960514175552,0.251978289592651
"theta0",2981.14649616928,2981.14649616928,2981.14649616928,2981.14649616928
"theta1",937.347270255968,937.347270255968,937.347270255968,937.347270255968
