"","AA","AB","BA","BB"
"EV",0.273954463184139,0.27841390960236,0.277214342351174,0.276975046723638
"STD",0.00469485407893399,0.00539435882131169,0.00582115907754632,0.00597790132325045
"Q.05",0.266260643990321,0.269577535578423,0.267682311131395,0.267187616033679
"Q.95",0.281705255611268,0.287323286198033,0.286832075708378,0.286853003497064
"theta0",3872.09313903084,3872.09313903084,3872.09313903084,3872.09313903084
"theta1",1480.88518235828,1480.88518235828,1480.88518235828,1480.88518235828
