"","AA","AB","BA","BB"
"EV",0.241614583278623,0.238617952396562,0.238246885439529,0.239731199595359
"STD",0.00479484031938228,0.00468192958680765,0.00512889619343324,0.005086657703023
"Q.05",0.233764740451858,0.230952826665608,0.2298538803742,0.231406535607414
"Q.95",0.249538162913248,0.24635480761545,0.246726186678919,0.248139903755692
"theta0",4594.66382704136,4594.66382704136,4594.66382704136,4594.66382704136
"theta1",1447.45542787404,1447.45542787404,1447.45542787404,1447.45542787404
