"","AA","AB","BA","BB"
"EV",0.237991585249441,0.243374613139568,0.238149034791437,0.242056631702716
"STD",0.00545200542036672,0.00590326381428035,0.00515175169137568,0.00550948130690029
"Q.05",0.229072832463232,0.233720022403752,0.229718851864213,0.233043027124331
"Q.95",0.247008019409001,0.253139675201678,0.246666342028866,0.251167309315633
"theta0",3462.33467982622,3462.33467982622,3462.33467982622,3462.33467982622
"theta1",1095.77470196825,1095.77470196825,1095.77470196825,1095.77470196825
