"","AA","AB","BA","BB"
"EV",0.256288363233592,0.263456904125302,0.296229670049,0.273320294964008
"STD",0.011794166494019,0.0103505874185766,0.00958492767691494,0.00817044895185975
"Q.05",0.237092202940833,0.246580920384333,0.280566185839998,0.259968000006581
"Q.95",0.275889421525259,0.280630114961984,0.312097491333996,0.28684593349494
"theta0",435.325152678112,435.325152678112,435.325152678112,435.325152678112
"theta1",162.922150087916,162.922150087916,162.922150087916,162.922150087916
