"","AA","AB","BA","BB"
"EV",0.412325169678384,0.419059982412839,0.417174350716614,0.414214769661488
"STD",0.00585306984410249,0.00588929305061226,0.00685042202532227,0.00686528704444312
"Q.05",0.402711744145755,0.409385987994153,0.405924460634865,0.402941200333541
"Q.95",0.421966789495875,0.428760205642486,0.428460604942267,0.425526244018049
"theta0",2686.09254196951,2686.09254196951,2686.09254196951,2686.09254196951
"theta1",1911.00299034215,1911.00299034215,1911.00299034215,1911.00299034215
