"","AA","AB","BA","BB"
"EV",0.273739689006454,0.279351238621022,0.277671747932711,0.278831229978692
"STD",0.00487143704899765,0.00602294776922856,0.00593842630891971,0.00643202073146542
"Q.05",0.265757649603002,0.269489666183431,0.267948440202472,0.268303344096328
"Q.95",0.281783157059577,0.28930325165218,0.287483972941443,0.289462624068626
"theta0",3331.53987568042,3331.53987568042,3331.53987568042,3331.53987568042
"theta1",1278.98818676864,1278.98818676864,1278.98818676864,1278.98818676864
