"","AA","AB","BA","BB"
"EV",0.241581795828548,0.239176703095323,0.236578754032499,0.241040168632684
"STD",0.00515513364773444,0.00520168455465499,0.00525456077309536,0.00528028818254355
"Q.05",0.233145106872944,0.230664932759775,0.227981714327529,0.232399887326318
"Q.95",0.250103740515654,0.247776685393657,0.245267390878212,0.249770221269234
"theta0",3933.03934780177,3933.03934780177,3933.03934780177,3933.03934780177
"theta1",1239.30698677525,1239.30698677525,1239.30698677525,1239.30698677525
