"","AA","AB","BA","BB"
"EV",0.417120957140126,0.411394252849702,0.414849306624008,0.418386961344508
"STD",0.00622793464973248,0.00657030577519907,0.00592392525143638,0.00638580782450451
"Q.05",0.406891855392241,0.400604915242342,0.405119232802294,0.407898690441371
"Q.95",0.427380133510341,0.422219521561548,0.424607379738022,0.428906341684523
"theta0",2737.09956330474,2737.09956330474,2737.09956330474,2737.09956330474
"theta1",1945.23773086343,1945.23773086343,1945.23773086343,1945.23773086343
