"","AA","AB","BA","BB"
"EV",0.242036113004119,0.241839061364137,0.234618964787346,0.241752250469748
"STD",0.00524001577642799,0.00671246450327504,0.0057960588571426,0.00693236139011066
"Q.05",0.233461092318482,0.23087047060494,0.22514196467124,0.230426841451864
"Q.95",0.250698953390677,0.252951971347555,0.244208896225303,0.253231682354547
"theta0",2636.45556597925,2636.45556597925,2636.45556597925,2636.45556597925
"theta1",832.883237558982,832.883237558982,832.883237558982,832.883237558982
