"","AA","AB","BA","BB"
"EV",0.238816006854775,0.240365120611689,0.240549802924471,0.23896184041796
"STD",0.00475788022348844,0.00483326370156601,0.0045118474878665,0.00458330653365114
"Q.05",0.23102708200267,0.232452990036119,0.233161436436492,0.231457354004447
"Q.95",0.246678909422746,0.24835280394753,0.248003924706435,0.246534907472627
"theta0",5216.69440692524,5216.69440692524,5216.69440692524,5216.69440692524
"theta1",1644.50019249298,1644.50019249298,1644.50019249298,1644.50019249298
