"","AA","AB","BA","BB"
"EV",0.416339934288246,0.416424913947114,0.41468862914068,0.415792434202551
"STD",0.00540675200461486,0.00535434965961647,0.00516923571921971,0.00508383051031816
"Q.05",0.407458000143514,0.407628942922847,0.406196618142689,0.407440413093476
"Q.95",0.425244759430575,0.42524331020419,0.423202001324511,0.424164833326886
"theta0",4270.12963394621,4270.12963394621,4270.12963394621,4270.12963394621
"theta1",3039.43718197157,3039.43718197157,3039.43718197157,3039.43718197157
