"","AA","AB","BA","BB"
"EV",0.275086059010241,0.276238362502413,0.272732834358763,0.276038145922817
"STD",0.00539992454708781,0.00494751743952983,0.00538825645364127,0.00492176402283123
"Q.05",0.266241437896881,0.268131621527102,0.263907839705431,0.267973482991138
"Q.95",0.28400548545876,0.284407413984861,0.281633494468631,0.284164555104858
"theta0",4359.81366160475,4359.81366160475,4359.81366160475,4359.81366160475
"theta1",1653.98235986089,1653.98235986089,1653.98235986089,1653.98235986089
