"","AA","AB","BA","BB"
"EV",0.415993551083266,0.426638724450039,0.410364498132678,0.414644448671853
"STD",0.00653588695342067,0.00950226790170449,0.00817209032288678,0.0105464149408761
"Q.05",0.405259660788422,0.411039328472361,0.396950533403078,0.39734117643908
"Q.95",0.426761041133182,0.442299734578155,0.423834745993703,0.432036733747575
"theta0",1190.75204794567,1190.75204794567,1190.75204794567,1190.75204794567
"theta1",851.404421910596,851.404421910596,851.404421910596,851.404421910596
