"","AA","AB","BA","BB"
"EV",0.414649521581088,0.414258905924544,0.416075171342312,0.423022948508047
"STD",0.00613861954298894,0.0067491016234272,0.00713306295046561,0.00749746652893652
"Q.05",0.404567368530336,0.403175804800589,0.404362170763062,0.410710702349743
"Q.95",0.424761815460357,0.425378619597584,0.42782815303398,0.43537552417495
"theta0",2164.67801839578,2164.67801839578,2164.67801839578,2164.67801839578
"theta1",1548.35775056446,1548.35775056446,1548.35775056446,1548.35775056446
