"","AA","AB","BA","BB"
"EV",0.238746422342131,0.240497562425062,0.241176529668832,0.23787614057687
"STD",0.00479659545827912,0.00453499250236955,0.00546106381153173,0.00536371853583031
"Q.05",0.230894441340993,0.233071477032804,0.232241995718248,0.229101066882044
"Q.95",0.246673625181763,0.247990102819172,0.250207000873261,0.24674583016466
"theta0",4407.76736206169,4407.76736206169,4407.76736206169,4407.76736206169
"theta1",1388.74049199797,1388.74049199797,1388.74049199797,1388.74049199797
