"","AA","AB","BA","BB"
"EV",0.238827659605486,0.242255368009499,0.238929207610192,0.239765208097561
"STD",0.00479036238359375,0.00504968429891848,0.00482405721160695,0.00503786392040208
"Q.05",0.230985812387017,0.233990208403086,0.231032442860293,0.231519987298126
"Q.95",0.246744492412706,0.250601962694986,0.246901964995904,0.248092845387606
"theta0",4576.1912145155,4576.1912145155,4576.1912145155,4576.1912145155
"theta1",1444.73666811169,1444.73666811169,1444.73666811169,1444.73666811169
