"","AA","AB","BA","BB"
"EV",0.415183189225144,0.414010595954577,0.417160360280979,0.414784959190308
"STD",0.00529127247921559,0.00567147207107674,0.00523103395329614,0.00563873588623662
"Q.05",0.406490883062385,0.404694747232316,0.408566619398189,0.405522686039372
"Q.95",0.423897739799173,0.423352376027946,0.425775306134199,0.424072620432829
"theta0",3903.18113379753,3903.18113379753,3903.18113379753,3903.18113379753
"theta1",2772.21996200621,2772.21996200621,2772.21996200621,2772.21996200621
