"","AA","AB","BA","BB"
"EV",0.272978748255,0.274245768630168,0.277292673529415,0.275725330271895
"STD",0.00571157396755115,0.0054278912118253,0.0054256498952771,0.00478317645053245
"Q.05",0.263626563320214,0.26535575092125,0.268405537220951,0.267886967052229
"Q.95",0.282415814024966,0.283211795446449,0.286254220222508,0.283622133263596
"theta0",4049.21696195928,4049.21696195928,4049.21696195928,4049.21696195928
"theta1",1536.43461300507,1536.43461300507,1536.43461300507,1536.43461300507
