"","AA","AB","BA","BB"
"EV",0.274574615370281,0.274025796401523,0.276386911481128,0.275083714305271
"STD",0.00482762220818767,0.00539397243110094,0.0045511936959859,0.00531936592813151
"Q.05",0.266663924228818,0.265191151083199,0.268927236243266,0.266370490289875
"Q.95",0.282545298495779,0.282935614306902,0.283899260238746,0.283869529015934
"theta0",4722.09810809401,4722.09810809401,4722.09810809401,4722.09810809401
"theta1",1791.36809620518,1791.36809620518,1791.36809620518,1791.36809620518
