"","AA","AB","BA","BB"
"EV",0.240698365297521,0.241634258170981,0.24026774255013,0.236284312567282
"STD",0.00543156424067462,0.00507068724936013,0.00551666592295012,0.00518319229263654
"Q.05",0.231811988071942,0.233335065182319,0.231243039496978,0.227803510852452
"Q.95",0.249679950105588,0.250015907098224,0.249390944299049,0.244854415981317
"theta0",3802.07451134446,3802.07451134446,3802.07451134446,3802.07451134446
"theta1",1198.87305362725,1198.87305362725,1198.87305362725,1198.87305362725
