"","AA","AB","BA","BB"
"EV",0.407315229411251,0.412514810806454,0.409214909655937,0.421234335706531
"STD",0.00893324433304496,0.00784071832527729,0.00817545242286337,0.0067110624846226
"Q.05",0.392655930571401,0.399643029190497,0.395795824758612,0.410212044646514
"Q.95",0.42204423806706,0.425437079499776,0.422691095422516,0.432289725977292
"theta0",1463.32255732874,1463.32255732874,1463.32255732874,1463.32255732874
"theta1",1027.75136235089,1027.75136235089,1027.75136235089,1027.75136235089
