"","AA","AB","BA","BB"
"EV",0.415325655859846,0.413409314986318,0.418785171743963,0.414507365517912
"STD",0.00522372514238143,0.00632118413213264,0.00618343793822282,0.00662645637284292
"Q.05",0.406744155903361,0.403028018458612,0.408628733781026,0.403625290628243
"Q.95",0.423928797251507,0.423823065190318,0.428970628113391,0.425424625584238
"theta0",3043.44375418409,3043.44375418409,3043.44375418409,3043.44375418409
"theta1",2163.57581230642,2163.57581230642,2163.57581230642,2163.57581230642
