"","AA","AB","BA","BB"
"EV",0.239216607787524,0.242516444583453,0.23943690172152,0.239128333995383
"STD",0.00488992812658853,0.00522685118299252,0.00542656404365971,0.00459159234893842
"Q.05",0.231212468620493,0.233962714933134,0.230559068112713,0.231610304545772
"Q.95",0.247298679224385,0.2511572728638,0.248410573930926,0.246715115560796
"theta0",4391.63731147215,4391.63731147215,4391.63731147215,4391.63731147215
"theta1",1387.46218693434,1387.46218693434,1387.46218693434,1387.46218693434
