"","AA","AB","BA","BB"
"EV",0.414546466509964,0.418090851655824,0.414399165566911,0.414363164865791
"STD",0.00516499808142465,0.00560015598093788,0.0062056311581851,0.00631005714736216
"Q.05",0.4060614273127,0.408891350880005,0.40420716407652,0.4039999245911
"Q.95",0.423052869553496,0.42731436807492,0.424622065499229,0.42475836673815
"theta0",3393.61799737355,3393.61799737355,3393.61799737355,3393.61799737355
"theta1",2410.95020612877,2410.95020612877,2410.95020612877,2410.95020612877
