"","AA","AB","BA","BB"
"EV",0.421795261592843,0.420586390855622,0.400145649570647,0.411833909623283
"STD",0.00867751490639157,0.00830183745962096,0.00971752952133471,0.00955730583182832
"Q.05",0.407549216044341,0.40695639541206,0.384206092567058,0.396151020295089
"Q.95",0.436096241972055,0.434267482604542,0.416174594317763,0.427592447936423
"theta0",870.147849583475,870.147849583475,870.147849583475,870.147849583475
"theta1",613.715359114683,613.715359114683,613.715359114683,613.715359114683
