"","AA","AB","BA","BB"
"EV",0.232774642722052,0.243011581568795,0.237235538190315,0.242204348384042
"STD",0.00632869998849875,0.00563082806240005,0.00784277454656541,0.00707966397909723
"Q.05",0.222433296398601,0.233800225612702,0.224437405142961,0.23063973093205
"Q.95",0.243252318964118,0.25232368933913,0.250236884754556,0.253929121287972
"theta0",2061.2286298752,2061.2286298752,2061.2286298752,2061.2286298752
"theta1",646.690542673899,646.690542673899,646.690542673899,646.690542673899
