"","AA","AB","BA","BB"
"EV",0.4161618730324,0.417165867427559,0.413974173567155,0.416590851203158
"STD",0.00536087215211855,0.00563931281133303,0.00527928456040028,0.00553875988648393
"Q.05",0.407355238076132,0.407902271975004,0.405301703584086,0.407492306263399
"Q.95",0.424991062740172,0.426454106052965,0.422669122035064,0.425713342608314
"theta0",3897.42916035249,3897.42916035249,3897.42916035249,3897.42916035249
"theta1",2775.99128682975,2775.99128682975,2775.99128682975,2775.99128682975
