"","AA","AB","BA","BB"
"EV",0.415558607739691,0.415549514551885,0.41635802233425,0.412781673032572
"STD",0.00506645067025949,0.00605486810074164,0.00549574920054759,0.00613902969899393
"Q.05",0.407235134717298,0.405604551454561,0.407330074876273,0.402699198571818
"Q.95",0.423902379157203,0.425523473983746,0.425409615317884,0.422894993026444
"theta0",3587.17933085214,3587.17933085214,3587.17933085214,3587.17933085214
"theta1",2545.44307555923,2545.44307555923,2545.44307555923,2545.44307555923
