"","AA","AB","BA","BB"
"EV",0.416280927052151,0.413037651193492,0.414238108030122,0.415319917999468
"STD",0.00480036649917955,0.00604573215432495,0.00600903664140236,0.00630168357273362
"Q.05",0.408394010559544,0.403108129583454,0.404368549956524,0.404970219895619
"Q.95",0.424185900624125,0.422996994415129,0.424136695201333,0.42570111561752
"theta0",3508.6633316207,3508.6633316207,3508.6633316207,3508.6633316207
"theta1",2486.21576511489,2486.21576511489,2486.21576511489,2486.21576511489
