"","AA","AB","BA","BB"
"EV",0.238542270190317,0.239767599754697,0.240259080446989,0.239668521540947
"STD",0.00484080429339124,0.00477474630200717,0.00457201505508609,0.00438725905559644
"Q.05",0.230618324617279,0.231950957718171,0.23277269973901,0.232483472482561
"Q.95",0.246542935772232,0.247658271478969,0.247813113755553,0.246916112022704
"theta0",5306.54693287359,5306.54693287359,5306.54693287359,5306.54693287359
"theta1",1671.78076338423,1671.78076338423,1671.78076338423,1671.78076338423
