"","AA","AB","BA","BB"
"EV",0.274881232141959,0.275716787188074,0.276276339290055,0.274925524168657
"STD",0.00469856437029045,0.00506548988487543,0.00460601249025976,0.00498563566340633
"Q.05",0.267181177454506,0.267417621190131,0.268727154971336,0.266756849016613
"Q.95",0.282637996979226,0.28408150013404,0.283879513900861,0.283158033253005
"theta0",5112.13434699428,5112.13434699428,5112.13434699428,5112.13434699428
"theta1",1943.53758367604,1943.53758367604,1943.53758367604,1943.53758367604
