"","AA","AB","BA","BB"
"EV",0.414809762123271,0.416657020927543,0.414449977240654,0.416929094847343
"STD",0.00511092582844693,0.00518097811514379,0.00587426768928454,0.00590498951650751
"Q.05",0.406413408831686,0.408145481186802,0.404801419759111,0.407229718803748
"Q.95",0.423226965899261,0.425189495282229,0.424126203355477,0.426655572851981
"theta0",3844.47433440566,3844.47433440566,3844.47433440566,3844.47433440566
"theta1",2735.33195774078,2735.33195774078,2735.33195774078,2735.33195774078
