"","AA","AB","BA","BB"
"EV",0.276279008149984,0.274440943811221,0.275558959847935,0.276115134241491
"STD",0.00516042610241531,0.00477933112063023,0.00503436450344001,0.00458485835618683
"Q.05",0.26782480012875,0.26660911242076,0.267310622547658,0.268600526560533
"Q.95",0.284800987544006,0.282331625455364,0.283872109449437,0.283683295226318
"theta0",4994.26960911675,4994.26960911675,4994.26960911675,4994.26960911675
"theta1",1900.13955864544,1900.13955864544,1900.13955864544,1900.13955864544
