"","AA","AB","BA","BB"
"EV",0.23943706354002,0.240353084969907,0.240292671241025,0.241055182971548
"STD",0.00405028159877178,0.00523559478886825,0.00540065295215889,0.00509634000945147
"Q.05",0.232801698023909,0.231785762931838,0.231456724894522,0.232714378189464
"Q.95",0.246125813554641,0.249009071652695,0.249223000364943,0.249479603666508
"theta0",4754.13185156053,4754.13185156053,4754.13185156053,4754.13185156053
"theta1",1503.714652733,1503.714652733,1503.714652733,1503.714652733
