"","AA","AB","BA","BB"
"EV",0.272646412657561,0.277322075759162,0.276431915926166,0.274859514784751
"STD",0.00553662662418891,0.00525868991940947,0.00546126760863037,0.0051065433535911
"Q.05",0.26357951235467,0.268707296977965,0.267486905069745,0.266493549865825
"Q.95",0.281793249997455,0.286006741101826,0.285452754310935,0.283292477517008
"theta0",3991.71529544705,3991.71529544705,3991.71529544705,3991.71529544705
"theta1",1516.54907736901,1516.54907736901,1516.54907736901,1516.54907736901
