"","AA","AB","BA","BB"
"EV",0.414966418662303,0.416359731114612,0.415076823519913,0.415810583417818
"STD",0.00503016766353783,0.00493556109115972,0.00565666173184795,0.00562924710604262
"Q.05",0.406702556605322,0.408250941685895,0.405785098675704,0.406563714005732
"Q.95",0.423250438030128,0.424487590197727,0.424394005447605,0.425082433111465
"theta0",4206.60340232561,4206.60340232561,4206.60340232561,4206.60340232561
"theta1",2991.03973435079,2991.03973435079,2991.03973435079,2991.03973435079
