"","AA","AB","BA","BB"
"EV",0.275452821044566,0.276784279868727,0.275390327027837,0.275685406982425
"STD",0.00455287923874066,0.00522932276496183,0.00461333248290442,0.00523974363689267
"Q.05",0.2679905595552,0.268217541455288,0.267829350865972,0.267101925918176
"Q.95",0.282968126318588,0.285420376208859,0.283005788005681,0.284339037910109
"theta0",4990.30484778113,4990.30484778113,4990.30484778113,4990.30484778113
"theta1",1900.81820283553,1900.81820283553,1900.81820283553,1900.81820283553
