"","AA","AB","BA","BB"
"EV",0.275588978277436,0.274424551529393,0.275092558064957,0.27874546350942
"STD",0.00479538410371595,0.00553659706748236,0.00537962466863151,0.00580233224551264
"Q.05",0.267730711986055,0.26535722269604,0.266281044210498,0.269243683102063
"Q.95",0.283506036798262,0.283570870510921,0.283978312527053,0.288331521235566
"theta0",3983.32699827438,3983.32699827438,3983.32699827438,3983.32699827438
"theta1",1518.27946643882,1518.27946643882,1518.27946643882,1518.27946643882
