"","AA","AB","BA","BB"
"EV",0.276180019071009,0.273881869730377,0.280972853283991,0.278000254830603
"STD",0.00550607918220432,0.00531501036962972,0.00664098674982257,0.00661003160953037
"Q.05",0.267161991814178,0.265176045528347,0.27010388042843,0.267182789091663
"Q.95",0.285275253977675,0.282660751660397,0.29195059290135,0.288927651377608
"theta0",3031.02396905523,3031.02396905523,3031.02396905523,3031.02396905523
"theta1",1162.80863406046,1162.80863406046,1162.80863406046,1162.80863406046
