"","AA","AB","BA","BB"
"EV",0.238895396030146,0.239761546499595,0.241045511665815,0.237863500908406
"STD",0.00476636758213126,0.00508675983838093,0.00457918765106387,0.00498248593486856
"Q.05",0.231092623456748,0.231436707589723,0.233547260101243,0.229708985465974
"Q.95",0.24677237103945,0.248170411874698,0.248611271936958,0.246099664686377
"theta0",4761.69913813281,4761.69913813281,4761.69913813281,4761.69913813281
"theta1",1498.74770867939,1498.74770867939,1498.74770867939,1498.74770867939
