"","AA","AB","BA","BB"
"EV",0.238510608021796,0.239756225666666,0.239003618326615,0.240772633427936
"STD",0.00480841054541203,0.00464597538693115,0.00475377556744334,0.00456332845147393
"Q.05",0.230639439581337,0.232149417665535,0.23122133416172,0.233300295362235
"Q.95",0.246457488994485,0.247433128821761,0.246859659794485,0.248312135890008
"theta0",5151.04463549833,5151.04463549833,5151.04463549833,5151.04463549833
"theta1",1622.35845731524,1622.35845731524,1622.35845731524,1622.35845731524
