"","AA","AB","BA","BB"
"EV",0.275631544158754,0.27656945940202,0.276434381617224,0.274161206104572
"STD",0.00517187366746581,0.00517731052510638,0.00475019320460617,0.00476147063249959
"Q.05",0.267158806627545,0.268087634764514,0.268649730861813,0.266358587709331
"Q.95",0.284172650359623,0.285119366916546,0.284276395380807,0.282022345208301
"theta0",4805.22324596314,4805.22324596314,4805.22324596314,4805.22324596314
"theta1",1829.13770296804,1829.13770296804,1829.13770296804,1829.13770296804
