"","AA","AB","BA","BB"
"EV",0.414526831906293,0.416322880033785,0.416082439944497,0.417230983708503
"STD",0.00530201598742852,0.00591373324660137,0.00494459741504743,0.005835905305862
"Q.05",0.405816990904728,0.406609266761039,0.407958855399477,0.407644877755551
"Q.95",0.423259190964108,0.426063885363118,0.424225231172221,0.426843459417214
"theta0",3886.98870191421,3886.98870191421,3886.98870191421,3886.98870191421
"theta1",2769.32611170898,2769.32611170898,2769.32611170898,2769.32611170898
