"","AA","AB","BA","BB"
"EV",0.275934420033769,0.27568396441801,0.27581827475772,0.274385798973234
"STD",0.00471681640591954,0.00488809342727352,0.00476744204154852,0.00489177994949533
"Q.05",0.268204362293289,0.267674335621311,0.268005581762762,0.266370421517669
"Q.95",0.283721227359542,0.283754642198768,0.283688987442061,0.28246285181602
"theta0",5146.52706113124,5146.52706113124,5146.52706113124,5146.52706113124
"theta1",1956.66935562766,1956.66935562766,1956.66935562766,1956.66935562766
