"","AA","AB","BA","BB"
"EV",0.281457616750488,0.278537803317101,0.27062006340954,0.278339952833248
"STD",0.00652552619319221,0.00760522347697596,0.0057784785652126,0.0072634443557957
"Q.05",0.270776506889047,0.266100986229116,0.26115952980815,0.266459008209086
"Q.95",0.292243400666152,0.291119635525437,0.280168860091087,0.290353342470824
"theta0",2151.89187088158,2151.89187088158,2151.89187088158,2151.89187088158
"theta1",825.459723149321,825.459723149321,825.459723149321,825.459723149321
