"","AA","AB","BA","BB"
"EV",0.27380066430127,0.27826384045986,0.2750333749283,0.276299597760724
"STD",0.00492070177387478,0.00523090323091795,0.00540753076711849,0.00573396304401314
"Q.05",0.265738204681582,0.269694177948084,0.266176361770603,0.266909971631425
"Q.95",0.28192577594497,0.286902216805026,0.283965430846721,0.285772889141225
"theta0",4058.64855603601,4058.64855603601,4058.64855603601,4058.64855603601
"theta1",1546.11157953875,1546.11157953875,1546.11157953875,1546.11157953875
