"","AA","AB","BA","BB"
"EV",0.274403241191,0.276935067820324,0.277426714167673,0.276587824002163
"STD",0.00453311263472612,0.00549762958766249,0.00511121957867619,0.00562386901559115
"Q.05",0.266973449329646,0.267930624249407,0.269052542082054,0.267377612712869
"Q.95",0.281885988346583,0.286016093260011,0.28586686098088,0.285878362359068
"theta0",4392.78528437791,4392.78528437791,4392.78528437791,4392.78528437791
"theta1",1677.49570507504,1677.49570507504,1677.49570507504,1677.49570507504
