"","AA","AB","BA","BB"
"EV",0.274813292763906,0.275090542249469,0.280349839640645,0.274250905669
"STD",0.00622323741408357,0.0056554563302145,0.00606996482177143,0.00524908665818063
"Q.05",0.264626845372896,0.265829241213226,0.270411331707982,0.26565252475252
"Q.95",0.28509928408554,0.284433895174955,0.290379591025864,0.282920366961864
"theta0",3265.95714675636,3265.95714675636,3265.95714675636,3265.95714675636
"theta1",1245.86570993411,1245.86570993411,1245.86570993411,1245.86570993411
