"","AA","AB","BA","BB"
"EV",0.268406134517421,0.273625140796141,0.285876790656603,0.27643823729445
"STD",0.00728455830267228,0.0074714547981279,0.00783284291364322,0.00785900207674846
"Q.05",0.256495476039323,0.261408184967449,0.273066242002323,0.263590040808868
"Q.95",0.280459172132206,0.28598674192483,0.298833741220034,0.289443491552295
"theta0",1410.50430833628,1410.50430833628,1410.50430833628,1410.50430833628
"theta1",537.958516643805,537.958516643805,537.958516643805,537.958516643805
