"","AA","AB","BA","BB"
"EV",0.414405086748563,0.421209930998966,0.417238863693094,0.418730727810782
"STD",0.00526208952654967,0.00692406774119689,0.00679249640829799,0.00732999324299595
"Q.05",0.405760768095628,0.409838338473591,0.406083935031083,0.406694205784515
"Q.95",0.423071619033456,0.432616769295912,0.428429514530029,0.430808060151806
"theta0",2563.61004602689,2563.61004602689,2563.61004602689,2563.61004602689
"theta1",1840.46137058484,1840.46137058484,1840.46137058484,1840.46137058484
