"","AA","AB","BA","BB"
"EV",0.416479092666377,0.416812713310107,0.415992140272308,0.414327242220017
"STD",0.00563474268569107,0.00519665156204602,0.00557653493360102,0.00510637129270663
"Q.05",0.407223102681221,0.408275435130656,0.406831715771747,0.405938424673291
"Q.95",0.425759901539393,0.425371011391705,0.4251770233819,0.422736998100082
"theta0",4050.81910508917,4050.81910508917,4050.81910508917,4050.81910508917
"theta1",2884.40985202834,2884.40985202834,2884.40985202834,2884.40985202834
