"","AA","AB","BA","BB"
"EV",0.236479462403105,0.238712012876405,0.238790908623526,0.241957503680248
"STD",0.00553289581275673,0.00514504840430456,0.00543431414721653,0.00495877360642956
"Q.05",0.227429642467291,0.230292576827876,0.229900675417412,0.233840498597622
"Q.95",0.245630910508836,0.247218019227999,0.247777671424206,0.250153194093594
"theta0",3870.52623486133,3870.52623486133,3870.52623486133,3870.52623486133
"theta1",1215.53352077089,1215.53352077089,1215.53352077089,1215.53352077089
