"","AA","AB","BA","BB"
"EV",0.412032378898728,0.409619771685648,0.421526500591021,0.411535178391177
"STD",0.00717263529020006,0.00821664470561829,0.00668463681437637,0.00778780241500473
"Q.05",0.400255545240569,0.396133079018017,0.410547483100161,0.398750397617432
"Q.95",0.423851707624661,0.423163867687616,0.432538229093063,0.424370360410777
"theta0",1716.14243360976,1716.14243360976,1716.14243360976,1716.14243360976
"theta1",1210.84204421742,1210.84204421742,1210.84204421742,1210.84204421742
