"","AA","AB","BA","BB"
"EV",0.275341009577528,0.275204381478845,0.274548115058659,0.28001290184239
"STD",0.00576483340352226,0.0058353337218757,0.00501512792741809,0.00598096155177556
"Q.05",0.265901334012618,0.265649833781791,0.266331391465101,0.270219560971001
"Q.95",0.284865799282722,0.284846218269532,0.282829593723682,0.289895030388817
"theta0",3507.03153578133,3507.03153578133,3507.03153578133,3507.03153578133
"theta1",1338.83545858975,1338.83545858975,1338.83545858975,1338.83545858975
