"","AA","AB","BA","BB"
"EV",0.238252953328009,0.240311845798716,0.241404077238232,0.241159329771338
"STD",0.00449491781412828,0.00519572422826838,0.00481078512971852,0.00531517837089441
"Q.05",0.230892696564805,0.231809441375251,0.233528306944797,0.232462220559639
"Q.95",0.245679484867367,0.248901593420565,0.249354180283384,0.249947328335689
"theta0",4577.76242281578,4577.76242281578,4577.76242281578,4577.76242281578
"theta1",1447.9099744805,1447.9099744805,1447.9099744805,1447.9099744805
