"","AA","AB","BA","BB"
"EV",0.413570271216985,0.416284807649836,0.416584416631445,0.416261165188693
"STD",0.0054287365198195,0.00566099348972478,0.00523856215325157,0.00552421352746546
"Q.05",0.404652674335907,0.406985784720922,0.407978401564669,0.40718653450289
"Q.95",0.422511755990875,0.425608942932288,0.425211854047516,0.425359716279951
"theta0",3885.37383614268,3885.37383614268,3885.37383614268,3885.37383614268
"theta1",2764.01841497411,2764.01841497411,2764.01841497411,2764.01841497411
