"","AA","AB","BA","BB"
"EV",0.27398646060979,0.27675821406613,0.282824560927895,0.277820307467107
"STD",0.00514243312582579,0.00664136160474026,0.00709704359400403,0.00749245255228269
"Q.05",0.265562136720794,0.26589020788745,0.271212413260087,0.265567183527194
"Q.95",0.282479126104875,0.287738125241768,0.294559391860633,0.290214856123049
"theta0",2460.38791287941,2460.38791287941,2460.38791287941,2460.38791287941
"theta1",946.667297007821,946.667297007821,946.667297007821,946.667297007821
