"","AA","AB","BA","BB"
"EV",0.239917465352048,0.237098910329826,0.242789462540887,0.236154257217926
"STD",0.00549135228332181,0.00584843179222824,0.0053699685991309,0.00573350235268414
"Q.05",0.230934062094522,0.227535835179579,0.234002669777057,0.226778361123474
"Q.95",0.248998694442003,0.246775067789757,0.251668022383201,0.245639525135737
"theta0",3265.71341083143,3265.71341083143,3265.71341083143,3265.71341083143
"theta1",1025.62129801704,1025.62129801704,1025.62129801704,1025.62129801704
