"","AA","AB","BA","BB"
"EV",0.41783716321678,0.415265757972485,0.413945826623983,0.416772776227304
"STD",0.00567997030774587,0.00582930950137066,0.00530785519218637,0.00559396505227885
"Q.05",0.408506761701771,0.405690803024846,0.405226487155103,0.407583636481977
"Q.95",0.427192350701163,0.424867684306652,0.422687896523877,0.4259862859467
"theta0",3654.80500627903,3654.80500627903,3654.80500627903,3654.80500627903
"theta1",2602.9878004375,2602.9878004375,2602.9878004375,2602.9878004375
