"","AA","AB","BA","BB"
"EV",0.415486103676288,0.416224522556739,0.413356067603945,0.416988984754642
"STD",0.00529738919177377,0.00531751797539381,0.0058382947563019,0.0058564210218296
"Q.05",0.406783719691694,0.407489009886297,0.403766698801983,0.407369266597003
"Q.95",0.424210699219774,0.424982209040285,0.422973138106336,0.426635340474758
"theta0",3713.92326233572,3713.92326233572,3713.92326233572,3713.92326233572
"theta1",2640.28976501474,2640.28976501474,2640.28976501474,2640.28976501474
