"","AA","AB","BA","BB"
"EV",0.239338770997032,0.239693460509314,0.240076399879298,0.240200220852911
"STD",0.00448167566714876,0.00432023034320997,0.00479072679133447,0.00470963404705873
"Q.05",0.23199985904213,0.232617706838049,0.232233643879786,0.232489566935469
"Q.95",0.246743089977681,0.246829848767743,0.247993528042159,0.247982690426363
"theta0",5505.9297507961,5505.9297507961,5505.9297507961,5505.9297507961
"theta1",1737.1452265263,1737.1452265263,1737.1452265263,1737.1452265263
