"","AA","AB","BA","BB"
"EV",0.415308545955009,0.417534762770522,0.413174249263661,0.411244032409991
"STD",0.00649236835330206,0.00542321867333209,0.0065352933878062,0.00648237454844257
"Q.05",0.404646160095004,0.408625638508578,0.40244193210305,0.400598887113226
"Q.95",0.42600437175071,0.426466570246731,0.423941356482444,0.421924216404643
"theta0",2845.77185331087,2845.77185331087,2845.77185331087,2845.77185331087
"theta1",2013.14105462044,2013.14105462044,2013.14105462044,2013.14105462044
