"","AA","AB","BA","BB"
"EV",0.280227261311116,0.272162335466167,0.27654451790254,0.274895919381298
"STD",0.00655050153634375,0.00627259450895164,0.00589476247924866,0.00550783091662707
"Q.05",0.26950591580537,0.261896411555035,0.266892712988532,0.265875371968985
"Q.95",0.291054961394434,0.282531200023688,0.286284602424597,0.283994391578915
"theta0",2901.67025006377,2901.67025006377,2901.67025006377,2901.67025006377
"theta1",1105.9662716327,1105.9662716327,1105.9662716327,1105.9662716327
