"","AA","AB","BA","BB"
"EV",0.278219541148944,0.277027912979254,0.27541655399663,0.271426764222369
"STD",0.00582978772551805,0.00635025764140575,0.00529023637668098,0.00598018546289227
"Q.05",0.268673153093181,0.266633824200039,0.266750765761211,0.261637340810984
"Q.95",0.287851307375632,0.287524123834862,0.284153979901422,0.281310213382455
"theta0",3170.01652545846,3170.01652545846,3170.01652545846,3170.01652545846
"theta1",1205.61989385664,1205.61989385664,1205.61989385664,1205.61989385664
