"","AA","AB","BA","BB"
"EV",0.418352145802229,0.412653396300611,0.411534144886567,0.40815958067215
"STD",0.00586908024419416,0.00750577298443648,0.00725722140223122,0.00807443952819495
"Q.05",0.408711429859639,0.400330423680417,0.399618810046759,0.394906300994484
"Q.95",0.42801915101856,0.425022555235135,0.423493245601796,0.421469250751688
"theta0",2002.28613563287,2002.28613563287,2002.28613563287,2002.28613563287
"theta1",1406.89841148312,1406.89841148312,1406.89841148312,1406.89841148312
