"","AA","AB","BA","BB"
"EV",0.416701509478866,0.413161473452622,0.411283565406813,0.411483969344392
"STD",0.0051014519565204,0.00734305937940839,0.00719469138480189,0.00663454375570177
"Q.05",0.408320456521535,0.401105023819429,0.399470776635329,0.400589299659844
"Q.95",0.425102847746912,0.425261854757087,0.423139498612561,0.422415236863909
"theta0",2638.19188240585,2638.19188240585,2638.19188240585,2638.19188240585
"theta1",1857.40914421293,1857.40914421293,1857.40914421293,1857.40914421293
