"","AA","AB","BA","BB"
"EV",0.276252404228427,0.277947787357625,0.27402556054802,0.278151686333412
"STD",0.00515407136273308,0.00578085103011036,0.00486925596218604,0.00571451890780667
"Q.05",0.267808571286823,0.26848125469216,0.266047022053094,0.268793241517766
"Q.95",0.284763853765898,0.287498423877187,0.282065355305122,0.287592203033485
"theta0",3985.55349557634,3985.55349557634,3985.55349557634,3985.55349557634
"theta1",1523.93401885178,1523.93401885178,1523.93401885178,1523.93401885178
