"","AA","AB","BA","BB"
"EV",0.238718094790194,0.239447014960691,0.237205641749107,0.241006730669034
"STD",0.00506062251484268,0.00516437576908794,0.00513457389309205,0.00454732850124299
"Q.05",0.23043610975525,0.230995899299022,0.228803699670827,0.233560421512193
"Q.95",0.247083828353674,0.247984924117042,0.245694677404339,0.248519629560349
"theta0",4489.41146304546,4489.41146304546,4489.41146304546,4489.41146304546
"theta1",1410.74136546798,1410.74136546798,1410.74136546798,1410.74136546798
