"","AA","AB","BA","BB"
"EV",0.275679585400983,0.274128881988018,0.276443994601398,0.276692669376588
"STD",0.0046701714927943,0.00494806784609914,0.00508448132190691,0.00526994321684341
"Q.05",0.268025739904515,0.266021689431354,0.26811367549742,0.268059680294179
"Q.95",0.283389158597939,0.282299286401124,0.284840031848315,0.285396141629123
"theta0",4742.60202710169,4742.60202710169,4742.60202710169,4742.60202710169
"theta1",1805.63675101198,1805.63675101198,1805.63675101198,1805.63675101198
