"","AA","AB","BA","BB"
"EV",0.276802170237723,0.276697984710383,0.27210917590462,0.274922637781811
"STD",0.00524726848819205,0.00527723299022026,0.00552205590254492,0.00555735977551271
"Q.05",0.268206148539876,0.268053101560226,0.263066175895821,0.265821321330734
"Q.95",0.285468018431039,0.285413543680105,0.281231979004911,0.28410327290838
"theta0",3873.23521045897,3873.23521045897,3873.23521045897,3873.23521045897
"theta1",1470.19369834608,1470.19369834608,1470.19369834608,1470.19369834608
