"","AA","AB","BA","BB"
"EV",0.277642255880263,0.274836200553929,0.267944165881247,0.278136889474347
"STD",0.00623566749321089,0.00611040860982769,0.0073268377665599,0.00728911241608443
"Q.05",0.267434615018144,0.264833538614321,0.255965021080316,0.266214287105686
"Q.95",0.287947960149374,0.284934813907765,0.280067792986677,0.290193057064963
"theta0",2157.11877008859,2157.11877008859,2157.11877008859,2157.11877008859
"theta1",816.770320410478,816.770320410478,816.770320410478,816.770320410478
