"","AA","AB","BA","BB"
"EV",0.415801278394977,0.414562880919909,0.41648592067721,0.417879997808742
"STD",0.00520919829089942,0.0052538135004779,0.00574835900566351,0.00577865484694748
"Q.05",0.407243549231813,0.405932118790742,0.407043548473413,0.408387698102943
"Q.95",0.424380400809576,0.423215743569929,0.425954120710335,0.427397938301301
"theta0",3845.97695585225,3845.97695585225,3845.97695585225,3845.97695585225
"theta1",2741.70499957244,2741.70499957244,2741.70499957244,2741.70499957244
