"","AA","AB","BA","BB"
"EV",0.238331458580763,0.241447935001547,0.242854408252946,0.237503430045234
"STD",0.00583941430427761,0.0056186114078392,0.00541165183208163,0.00492978422446511
"Q.05",0.228782571623924,0.232256986796217,0.233999750695977,0.229434835708552
"Q.95",0.247992151049605,0.250740252873868,0.251802222932734,0.245652147559516
"theta0",3576.08867046468,3576.08867046468,3576.08867046468,3576.08867046468
"theta1",1129.55293806308,1129.55293806308,1129.55293806308,1129.55293806308
