"","AA","AB","BA","BB"
"EV",0.242061135647016,0.240022561641384,0.235787478201764,0.239096669211985
"STD",0.0053135141381867,0.00520840646649544,0.00558527977834016,0.00557415778309831
"Q.05",0.233366459478389,0.231499597142416,0.22665270986064,0.229978837467142
"Q.95",0.250846097820532,0.248633466543953,0.245026291107457,0.248315855888576
"theta0",3579.50860956443,3579.50860956443,3579.50860956443,3579.50860956443
"theta1",1125.728623109,1125.728623109,1125.728623109,1125.728623109
