"","AA","AB","BA","BB"
"EV",0.240811840039131,0.235543532938871,0.240709115910351,0.23627031840664
"STD",0.00485310554563257,0.00588833126899784,0.0058235268054264,0.00631749659766249
"Q.05",0.232867269959199,0.225916215702073,0.231185168263936,0.225945560542154
"Q.95",0.248832357118074,0.245286684698455,0.250342504016508,0.246727767331429
"theta0",3205.25132544255,3205.25132544255,3205.25132544255,3205.25132544255
"theta1",1003.00159734573,1003.00159734573,1003.00159734573,1003.00159734573
