"","AA","AB","BA","BB"
"EV",0.23780058727638,0.240024440164931,0.242855769471861,0.240776369585606
"STD",0.00502780730134935,0.00481557595590921,0.00561165722196502,0.00546439548216607
"Q.05",0.229572292058732,0.232141212552604,0.233675655293098,0.23183654442213
"Q.95",0.246112058348949,0.247982839765784,0.252136054718497,0.249812506748359
"theta0",3981.27212303425,3981.27212303425,3981.27212303425,3981.27212303425
"theta1",1259.81254407195,1259.81254407195,1259.81254407195,1259.81254407195
