"","AA","AB","BA","BB"
"EV",0.26802596638098,0.27744586918265,0.287486474548888,0.269234109343074
"STD",0.00832151142744751,0.00812574876799941,0.0082492008718365,0.00776134055861104
"Q.05",0.254431722848908,0.264163784424259,0.273998202851104,0.256548429951138
"Q.95",0.281806504305616,0.290894727801425,0.301135372549945,0.282080532925138
"theta0",1107.05333083448,1107.05333083448,1107.05333083448,1107.05333083448
"theta1",421.087203693648,421.087203693648,421.087203693648,421.087203693648
