"","AA","AB","BA","BB"
"EV",0.275459157418271,0.275171899071177,0.276224880276053,0.274013971832633
"STD",0.00441039941484565,0.00526712060804112,0.00506066808242834,0.00543501902318088
"Q.05",0.268229615754858,0.266543878445123,0.267933470863049,0.265112389731227
"Q.95",0.282738472275387,0.283871049117052,0.284581489337982,0.282991881255757
"theta0",4703.35347853963,4703.35347853963,4703.35347853963,4703.35347853963
"theta1",1786.04535956126,1786.04535956126,1786.04535956126,1786.04535956126
