"","AA","AB","BA","BB"
"EV",0.413013036110423,0.414759352732669,0.416665689913176,0.418884438400618
"STD",0.00594126053695509,0.00583633409228866,0.00607998180199239,0.006016751788392
"Q.05",0.403254852852742,0.405172961420853,0.406679333043434,0.409001392754144
"Q.95",0.422800027668879,0.424372951714682,0.42668087554482,0.428794923298856
"theta0",3104.88342984698,3104.88342984698,3104.88342984698,3104.88342984698
"theta1",2210.19144203257,2210.19144203257,2210.19144203257,2210.19144203257
