"","AA","AB","BA","BB"
"EV",0.234768641263779,0.243327711793317,0.242216534300411,0.241762840263964
"STD",0.00570741050211955,0.00665428530603062,0.00560373901577733,0.00666459843091456
"Q.05",0.225435675410172,0.232452853710578,0.233049518551401,0.230871987311346
"Q.95",0.244210999323412,0.254342992381793,0.251483866484088,0.252796033363393
"theta0",2584.57422423437,2584.57422423437,2584.57422423437,2584.57422423437
"theta1",818.541442958091,818.541442958091,818.541442958091,818.541442958091
