"","AA","AB","BA","BB"
"EV",0.416622496790188,0.417523448254306,0.414269293380099,0.415251190068886
"STD",0.00570905644115012,0.00555400863183272,0.00545045421468528,0.00522682873559299
"Q.05",0.407244575022064,0.408399744318132,0.405315965539636,0.406664608030067
"Q.95",0.426025850295663,0.426670946346914,0.423246494062803,0.423859459452634
"theta0",3849.65844147246,3849.65844147246,3849.65844147246,3849.65844147246
"theta1",2741.33432057292,2741.33432057292,2741.33432057292,2741.33432057292
