"","AA","AB","BA","BB"
"EV",0.413982285120393,0.417676930767523,0.415334065707404,0.415939896697117
"STD",0.00575614139943245,0.00578250023737336,0.00530761110654784,0.0053207783145029
"Q.05",0.404527559207237,0.40817835646106,0.406614932016175,0.407199074727043
"Q.95",0.423463731915905,0.427201247028032,0.424075539253703,0.424702999493126
"theta0",3763.2344049519,3763.2344049519,3763.2344049519,3763.2344049519
"theta1",2677.76340111835,2677.76340111835,2677.76340111835,2677.76340111835
