"","AA","AB","BA","BB"
"EV",0.236888005780191,0.243647590887408,0.241233494112227,0.24097920541484
"STD",0.00513008330284458,0.00601952757022831,0.00530299902940046,0.00592125063148743
"Q.05",0.228493467201581,0.233803866024199,0.232556186463941,0.231296274829877
"Q.95",0.245369671165235,0.253605973221854,0.250001230069142,0.250775076943554
"theta0",3349.92041780997,3349.92041780997,3349.92041780997,3349.92041780997
"theta1",1061.90561232363,1061.90561232363,1061.90561232363,1061.90561232363
