"","AA","AB","BA","BB"
"EV",0.275266737581412,0.27416396163942,0.275293877897355,0.277401359855273
"STD",0.00549869857245948,0.00476865258577109,0.00515074930515055,0.00491669534461845
"Q.05",0.266260984950173,0.266349617985362,0.266855684856278,0.269344688000117
"Q.95",0.284349963957799,0.282037001620885,0.283800035818923,0.285519089737864
"theta0",4551.06304538312,4551.06304538312,4551.06304538312,4551.06304538312
"theta1",1730.9337992597,1730.9337992597,1730.9337992597,1730.9337992597
