"","AA","AB","BA","BB"
"EV",0.237922254516411,0.241238704018778,0.240837141579675,0.241943253296037
"STD",0.00472081854283612,0.00551332094409252,0.00476581228478797,0.00551926029445379
"Q.05",0.230193934951188,0.232219121131604,0.233034790306481,0.232913774321982
"Q.95",0.245723841312643,0.250356028767281,0.248712719397342,0.251070224205431
"theta0",4214.34243428972,4214.34243428972,4214.34243428972,4214.34243428972
"theta1",1334.44758028527,1334.44758028527,1334.44758028527,1334.44758028527
