"","AA","AB","BA","BB"
"EV",0.2407425948618,0.238546267729597,0.238641444640021,0.24182180675663
"STD",0.004992832663456,0.0045639314381153,0.00532133751107017,0.00512314666454443
"Q.05",0.232570440765841,0.23107345563419,0.229935092536989,0.23343713378658
"Q.95",0.24899517028823,0.246087271458945,0.247440446331663,0.250290545415088
"theta0",4450.44285716532,4450.44285716532,4450.44285716532,4450.44285716532
"theta1",1404.98758986749,1404.98758986749,1404.98758986749,1404.98758986749
