"","AA","AB","BA","BB"
"EV",0.414627549417347,0.41615046916623,0.415452549669328,0.416126657882278
"STD",0.00536672701917319,0.0053196246598708,0.00515407477319603,0.00507271888248965
"Q.05",0.405811528143252,0.407411510421928,0.40698531320893,0.407792826934415
"Q.95",0.423466613047862,0.424911640050833,0.423940820772249,0.424480692647492
"theta0",4319.33043302086,4319.33043302086,4319.33043302086,4319.33043302086
"theta1",3071.63909819203,3071.63909819203,3071.63909819203,3071.63909819203
