"","AA","AB","BA","BB"
"EV",0.241088212348477,0.236391159443899,0.240327789395854,0.237946910353479
"STD",0.00482910070654187,0.00537040586374796,0.00519542616228997,0.0056108755778271
"Q.05",0.233182680285569,0.227605684365322,0.231825865508368,0.228769757862416
"Q.95",0.249068802839396,0.245272436533735,0.248917037135251,0.247227552452174
"theta0",3918.47715449818,3918.47715449818,3918.47715449818,3918.47715449818
"theta1",1230.2779954006,1230.2779954006,1230.2779954006,1230.2779954006
