"","AA","AB","BA","BB"
"EV",0.415028019260892,0.414504950387441,0.416354068775083,0.416910625321127
"STD",0.00511402953306828,0.00573300203842495,0.00513857385218819,0.00575535446447357
"Q.05",0.406626545004866,0.405088093428625,0.407912148206605,0.4074567080432
"Q.95",0.42345031266736,0.4239481429902,0.424816661779945,0.42639029417767
"theta0",3969.68077091865,3969.68077091865,3969.68077091865,3969.68077091865
"theta1",2824.26939028101,2824.26939028101,2824.26939028101,2824.26939028101
