"","AA","AB","BA","BB"
"EV",0.280913540206824,0.27092962885975,0.275989635422683,0.276339627596431
"STD",0.00647293428083458,0.00601464999494056,0.00657074596475125,0.00623978722607604
"Q.05",0.270318284453623,0.261084221264009,0.265236879983787,0.266125710219523
"Q.95",0.291612167213989,0.280870466064792,0.286852494295633,0.286652600298251
"theta0",2536.11054564534,2536.11054564534,2536.11054564534,2536.11054564534
"theta1",967.047723837668,967.047723837668,967.047723837668,967.047723837668
