"","AA","AB","BA","BB"
"EV",0.239461832548261,0.24017357525964,0.239722219874127,0.240256316746868
"STD",0.00418768171536338,0.00467100824096871,0.00472396642078834,0.00492118055075318
"Q.05",0.232602307745227,0.232525872450422,0.231988327934271,0.23220099748972
"Q.95",0.246378416321745,0.247891932972545,0.247528597000047,0.248390019989754
"theta0",5400.49168001716,5400.49168001716,5400.49168001716,5400.49168001716
"theta1",1704.59161520852,1704.59161520852,1704.59161520852,1704.59161520852
