"","AA","AB","BA","BB"
"EV",0.230098896096303,0.23567885211404,0.261045655777704,0.24871539563226
"STD",0.00844410905434875,0.00737427362437543,0.0110862369030224,0.00994702562216514
"Q.05",0.21633385061544,0.223640428860194,0.242984480601992,0.232506165908914
"Q.95",0.24411112425997,0.247898812874615,0.279453375567927,0.265227445035923
"theta0",609.061765184371,609.061765184371,609.061765184371,609.061765184371
"theta1",196.454306541564,196.454306541564,196.454306541564,196.454306541564
