"","AA","AB","BA","BB"
"EV",0.417192483245092,0.417446224337379,0.410585001609009,0.415365503198572
"STD",0.00593512433953923,0.00618045308725806,0.00643488917850005,0.0070880984274363
"Q.05",0.407443631268477,0.4072949350317,0.400017846346947,0.40372639135439
"Q.95",0.426968622852751,0.427627008560789,0.421186957228028,0.427044446975255
"theta0",2619.20495488021,2619.20495488021,2619.20495488021,2619.20495488021
"theta1",1859.22448665477,1859.22448665477,1859.22448665477,1859.22448665477
