"","AA","AB","BA","BB"
"EV",0.413207081902322,0.411043508943181,0.418271606295922,0.41308345463983
"STD",0.00625114069781269,0.00703976429697103,0.00565643577886258,0.00678275780813976
"Q.05",0.40294068164029,0.3994847022015,0.408979745334934,0.401945445192473
"Q.95",0.423505299153153,0.422643740511941,0.427587911082752,0.424258981149336
"theta0",2627.39859447897,2627.39859447897,2627.39859447897,2627.39859447897
"theta1",1855.49119730783,1855.49119730783,1855.49119730783,1855.49119730783
