"","AA","AB","BA","BB"
"EV",0.412492217368692,0.416492508247738,0.41744122286645,0.416963724862526
"STD",0.00574316860018404,0.00581857707618506,0.00589652593699078,0.00588715613180447
"Q.05",0.403059015590232,0.406934951126926,0.407755641510258,0.407293595189763
"Q.95",0.42195250937074,0.426076525970858,0.427153652558863,0.426660781141837
"theta0",3285.99329766084,3285.99329766084,3285.99329766084,3285.99329766084
"theta1",2339.28095649547,2339.28095649547,2339.28095649547,2339.28095649547
