"","AA","AB","BA","BB"
"EV",0.27633913639365,0.27563524402618,0.272225610522896,0.276912689962137
"STD",0.00552095309931308,0.00521705736376633,0.0054814907683895,0.00520962742085276
"Q.05",0.26729681140802,0.267088786497989,0.263248717576295,0.268378056262748
"Q.95",0.285459004009473,0.284251268555269,0.281281076907048,0.285516100723826
"theta0",3955.98928166883,3955.98928166883,3955.98928166883,3955.98928166883
"theta1",1502.69844002487,1502.69844002487,1502.69844002487,1502.69844002487
