"","AA","AB","BA","BB"
"EV",0.274983387842374,0.275655600683329,0.276870148024748,0.275548010524909
"STD",0.00494709542977917,0.00440691370714869,0.00536334916048043,0.00518746106543744
"Q.05",0.266877600706763,0.268431720188464,0.268084739626852,0.267049860301655
"Q.95",0.283152001272889,0.282929110310116,0.285728473905263,0.284114980763952
"theta0",4847.38860144029,4847.38860144029,4847.38860144029,4847.38860144029
"theta1",1845.78835370015,1845.78835370015,1845.78835370015,1845.78835370015
