"","AA","AB","BA","BB"
"EV",0.414574314363754,0.41755496929248,0.413907516115969,0.415028007300884
"STD",0.00586213021335053,0.00537579045553415,0.00579306369819364,0.00527877201615368
"Q.05",0.404945643352896,0.40872365876334,0.404392241445887,0.406356231996453
"Q.95",0.424230497305146,0.426408562184522,0.423449880601362,0.423721964932865
"theta0",3711.02900031797,3711.02900031797,3711.02900031797,3711.02900031797
"theta1",2635.54875711347,2635.54875711347,2635.54875711347,2635.54875711347
