"","AA","AB","BA","BB"
"EV",0.239513042349959,0.240375491278113,0.240395850761494,0.238932563226321
"STD",0.00477848240592711,0.00466067948091453,0.00461331245999868,0.0044223578875353
"Q.05",0.231690376985433,0.232744573132208,0.232842126448899,0.231690444386672
"Q.95",0.247409979868124,0.248076657103033,0.248018392514642,0.2462385424712
"theta0",5364.66301240934,5364.66301240934,5364.66301240934,5364.66301240934
"theta1",1692.36202180383,1692.36202180383,1692.36202180383,1692.36202180383
