"","AA","AB","BA","BB"
"EV",0.239519589301159,0.238446432684616,0.238832121342319,0.241080678944447
"STD",0.00499288777321871,0.00470362882775726,0.00489216031070731,0.00453561362019677
"Q.05",0.231347679108804,0.230745991528169,0.230824447817063,0.233653450512017
"Q.95",0.247772584001382,0.246219353168521,0.24691799957157,0.248574121618326
"theta0",4937.89527790606,4937.89527790606,4937.89527790606,4937.89527790606
"theta1",1554.87512688384,1554.87512688384,1554.87512688384,1554.87512688384
