"","AA","AB","BA","BB"
"EV",0.23928134531298,0.240737670001447,0.238948371780192,0.237925195542613
"STD",0.00467065781767791,0.00450456234013545,0.00495257879624813,0.00506954550264738
"Q.05",0.231634427095669,0.233361138478883,0.230842263380407,0.229628908048735
"Q.95",0.24699933131594,0.248179662226313,0.247134566436469,0.246305975227607
"theta0",4904.71242792645,4904.71242792645,4904.71242792645,4904.71242792645
"theta1",1542.33580524414,1542.33580524414,1542.33580524414,1542.33580524414
