"","AA","AB","BA","BB"
"EV",0.237868355244583,0.239596406764101,0.245357752564693,0.235057761381533
"STD",0.00608768388489428,0.00627787936452222,0.00620325771938592,0.00633967119401516
"Q.05",0.227916173867277,0.229334517004371,0.235214691272627,0.224697551904851
"Q.95",0.247942432201333,0.249986437225639,0.255621196231507,0.2455526884374
"theta0",2427.38010402151,2427.38010402151,2427.38010402151,2427.38010402151
"theta1",764.349902626749,764.349902626749,764.349902626749,764.349902626749
