"","AA","AB","BA","BB"
"EV",0.239596461368642,0.238435934948035,0.239955557283536,0.240336386900667
"STD",0.00481044911925943,0.00468519438562854,0.00463801496476624,0.00444844415706224
"Q.05",0.231721694920901,0.230765533575806,0.232361675520928,0.233051434471717
"Q.95",0.24754645514565,0.246178253601157,0.24761920095865,0.247685350650893
"theta0",5288.07622732805,5288.07622732805,5288.07622732805,5288.07622732805
"theta1",1666.15992520527,1666.15992520527,1666.15992520527,1666.15992520527
