"","AA","AB","BA","BB"
"EV",0.275535219205942,0.276353238329033,0.275655044886953,0.274694984035907
"STD",0.0045775485112797,0.00509512177868201,0.00469883283325495,0.00500380419028423
"Q.05",0.26803265430696,0.268005575480801,0.267954404191541,0.266496707995101
"Q.95",0.283091374748584,0.284766934914194,0.283412108791447,0.282957659597976
"theta0",5106.81161433319,5106.81161433319,5106.81161433319,5106.81161433319
"theta1",1942.58119602465,1942.58119602465,1942.58119602465,1942.58119602465
