"","AA","AB","BA","BB"
"EV",0.276325788899699,0.274073767116638,0.27418663609455,0.272662606051934
"STD",0.00453548809136011,0.00560582573739291,0.00532241390879117,0.00576643553079334
"Q.05",0.268891776026572,0.264893659923741,0.265468661014222,0.263221095945875
"Q.95",0.283812133778036,0.283335043133962,0.282977723231314,0.282190819099887
"theta0",4174.20258308294,4174.20258308294,4174.20258308294,4174.20258308294
"theta1",1577.92074753552,1577.92074753552,1577.92074753552,1577.92074753552
