"","AA","AB","BA","BB"
"EV",0.276221490460668,0.27403984571924,0.277087318036783,0.274426756728071
"STD",0.00513883761850637,0.00515799107381607,0.00496320049017448,0.00496552328447573
"Q.05",0.267802521763972,0.265590126521333,0.268954799727919,0.266291012588522
"Q.95",0.284707690500483,0.282558296174445,0.285282186400339,0.282626032687665
"theta0",4568.75239373031,4568.75239373031,4568.75239373031,4568.75239373031
"theta1",1736.90092081396,1736.90092081396,1736.90092081396,1736.90092081396
