"","AA","AB","BA","BB"
"EV",0.239330206897376,0.24242390669763,0.238750182925734,0.245623390591193
"STD",0.00575031125859742,0.00670043641328847,0.00495597357772411,0.00649255929568668
"Q.05",0.229925813829337,0.231474556399088,0.230638599549331,0.235010128597231
"Q.95",0.248842295171666,0.25351649780574,0.246942069011037,0.256368295447551
"theta0",2912.24393455626,2912.24393455626,2912.24393455626,2912.24393455626
"theta1",927.436246678897,927.436246678897,927.436246678897,927.436246678897
