"","AA","AB","BA","BB"
"EV",0.235835447555665,0.23961199412696,0.2420262833112,0.240285645654898
"STD",0.00532746331237897,0.0058298861123318,0.00502480033038174,0.00570756157262322
"Q.05",0.227120017819226,0.230078115191106,0.233801714492139,0.230950425808039
"Q.95",0.24464550550548,0.249256361564302,0.250331610081869,0.24972628809582
"theta0",3526.47192574411,3526.47192574411,3526.47192574411,3526.47192574411
"theta1",1110.25481148244,1110.25481148244,1110.25481148244,1110.25481148244
