"","AA","AB","BA","BB"
"EV",0.413455929355845,0.420078138151262,0.416148568143261,0.42224576499767
"STD",0.00628738479092385,0.00795188333986766,0.00612019335553601,0.00768223108661991
"Q.05",0.403130047093287,0.407021843590319,0.406096354779968,0.409630826297353
"Q.95",0.42381390072415,0.433181626033488,0.426230184682347,0.434903494766433
"theta0",2120.65606398767,2120.65606398767,2120.65606398767,2120.65606398767
"theta1",1522.99397877323,1522.99397877323,1522.99397877323,1522.99397877323
