"","AA","AB","BA","BB"
"EV",0.240889095369627,0.242805190772263,0.234027141011319,0.245288102181019
"STD",0.00532200977121438,0.00769846397357985,0.00677781882506364,0.00817043460479282
"Q.05",0.232180950215736,0.230237060445974,0.222956479431871,0.23195387970058
"Q.95",0.249688528680987,0.255561951208211,0.245252863048699,0.258831308510398
"theta0",1936.14568140351,1936.14568140351,1936.14568140351,1936.14568140351
"theta1",613.966017709144,613.966017709144,613.966017709144,613.966017709144
