"","AA","AB","BA","BB"
"EV",0.414774863299334,0.41723035262933,0.415284133481663,0.416211268845764
"STD",0.00493218723866245,0.00530207764021836,0.00578160485244563,0.0058722480870898
"Q.05",0.406671801940693,0.408520033131296,0.405787424719785,0.406565721910692
"Q.95",0.422897350492921,0.425962437645297,0.42480736780441,0.4258838628948
"theta0",3928.96317001141,3928.96317001141,3928.96317001141,3928.96317001141
"theta1",2797.33070176216,2797.33070176216,2797.33070176216,2797.33070176216
