"","AA","AB","BA","BB"
"EV",0.238808954440222,0.242217202443162,0.236466089554128,0.238559507108021
"STD",0.00553187974906592,0.00502945772736776,0.0055711230578443,0.00517907795923123
"Q.05",0.229759991445025,0.233984996018844,0.227354104373051,0.230084719907109
"Q.95",0.247957933015969,0.250530213367933,0.245681121676734,0.247122103530479
"theta0",3757.84241752143,3757.84241752143,3757.84241752143,3757.84241752143
"theta1",1180.32678828132,1180.32678828132,1180.32678828132,1180.32678828132
