"","AA","AB","BA","BB"
"EV",0.277213358303891,0.272717702764076,0.275504605583449,0.275658133405688
"STD",0.00481613835831653,0.00518163035408986,0.00570660957028075,0.0058476076571238
"Q.05",0.269320886395448,0.264229727563001,0.266159795885958,0.266083447008657
"Q.95",0.285164489805834,0.281275657472215,0.284932726991112,0.285320210338547
"theta0",3978.89744700014,3978.89744700014,3978.89744700014,3978.89744700014
"theta1",1511.36434902642,1511.36434902642,1511.36434902642,1511.36434902642
