"","AA","AB","BA","BB"
"EV",0.243587919044282,0.231640041604256,0.235868845619081,0.243357508857821
"STD",0.00841217329393497,0.00730673323479544,0.00730692560173519,0.00579309311505851
"Q.05",0.229863675647715,0.219713534799978,0.223939422585818,0.23388208612857
"Q.95",0.257536233746707,0.243749685629871,0.247976276605603,0.25293932908419
"theta0",1668.74472934977,1668.74472934977,1668.74472934977,1668.74472934977
"theta1",522.996261860054,522.996261860054,522.996261860054,522.996261860054
