"","AA","AB","BA","BB"
"EV",0.241610453900911,0.239261704880332,0.239402695524222,0.239023795948302
"STD",0.00487197291096259,0.00491172812237351,0.00460446454671722,0.00469642065970234
"Q.05",0.233634941122126,0.231222045690398,0.23186362299217,0.23133495896866
"Q.95",0.249662097471514,0.247379969132986,0.247010779274361,0.246784611138024
"theta0",4953.7531626163,4953.7531626163,4953.7531626163,4953.7531626163
"theta1",1562.90961791135,1562.90961791135,1562.90961791135,1562.90961791135
