"","AA","AB","BA","BB"
"EV",0.240417474881643,0.237973627059941,0.239454111338006,0.239130726943331
"STD",0.00456350292113582,0.00515619199850768,0.00441502716005138,0.00514259299115667
"Q.05",0.23294493302003,0.22953626780547,0.232223832363772,0.23071516587633
"Q.95",0.247957346178717,0.246498363632025,0.246747817087568,0.247632533311957
"theta0",4902.93155348651,4902.93155348651,4902.93155348651,4902.93155348651
"theta1",1541.95255818229,1541.95255818229,1541.95255818229,1541.95255818229
