"","AA","AB","BA","BB"
"EV",0.234843767390818,0.234614862019519,0.243011340991375,0.244250036770602
"STD",0.00686384526370326,0.00649166294499772,0.00671051148786508,0.0063229663754787
"Q.05",0.223633157805102,0.224008150561566,0.232045350538011,0.23391289980101
"Q.95",0.24621252905565,0.245363251611552,0.25412044023022,0.254713177567552
"theta0",2043.63144168782,2043.63144168782,2043.63144168782,2043.63144168782
"theta1",642.487131154097,642.487131154097,642.487131154097,642.487131154097
