"","AA","AB","BA","BB"
"EV",0.282991540157574,0.272769865437679,0.271703345962683,0.271378234675472
"STD",0.00683397476565319,0.00619149084512784,0.00791379466822899,0.00754154745666611
"Q.05",0.271807561131685,0.262635813118688,0.258768721454781,0.259048483737539
"Q.95",0.294289144770392,0.28300380596026,0.284802358880996,0.28385759131225
"theta0",1835.40650396579,1835.40650396579,1835.40650396579,1835.40650396579
"theta1",695.205431450187,695.205431450187,695.205431450187,695.205431450187
