"","AA","AB","BA","BB"
"EV",0.414692461754356,0.41529893777878,0.417773564407925,0.417124139192222
"STD",0.00499584835632485,0.0058518358074722,0.00558321423298812,0.00603567750011666
"Q.05",0.406484947911962,0.405687028227469,0.408601907326151,0.407210366259276
"Q.95",0.422919926642374,0.424938016344333,0.426969189616106,0.427066157026589
"theta0",3686.55872884125,3686.55872884125,3686.55872884125,3686.55872884125
"theta1",2628.48949698665,2628.48949698665,2628.48949698665,2628.48949698665
