"","AA","AB","BA","BB"
"EV",0.410564014116221,0.411471754335713,0.416549573435038,0.419025856563942
"STD",0.00711429706640269,0.00747549801416011,0.0061334692740427,0.00673468859166218
"Q.05",0.398883170436539,0.39919872652575,0.406475511534038,0.407965312870848
"Q.95",0.422287407793229,0.423791256136278,0.42665301690211,0.430120717267859
"theta0",2182.72978515901,2182.72978515901,2182.72978515901,2182.72978515901
"theta1",1544.65324648472,1544.65324648472,1544.65324648472,1544.65324648472
