"","AA","AB","BA","BB"
"EV",0.238351288570603,0.240461872296354,0.238818889254949,0.239742154359344
"STD",0.00493014190001072,0.00452044845656166,0.00491899247790105,0.00450800539202174
"Q.05",0.230281882512977,0.233059504040638,0.230767516320745,0.232360230800479
"Q.95",0.24650037503837,0.247930285696166,0.246949334288429,0.247190077256382
"theta0",5106.8736095642,5106.8736095642,5106.8736095642,5106.8736095642
"theta1",1606.97019324312,1606.97019324312,1606.97019324312,1606.97019324312
