"","AA","AB","BA","BB"
"EV",0.412910618968294,0.41575976344423,0.416483170389024,0.416337669965597
"STD",0.0058675332590485,0.00535069854131698,0.00590941526446508,0.00536538088661122
"Q.05",0.403273371625007,0.406969877322125,0.406776611980759,0.40752361251699
"Q.95",0.422575999059305,0.424572232827961,0.426217025452252,0.425174270021493
"theta0",3638.25023555028,3638.25023555028,3638.25023555028,3638.25023555028
"theta1",2584.98992053434,2584.98992053434,2584.98992053434,2584.98992053434
