"","AA","AB","BA","BB"
"EV",0.41313977649875,0.416713825848414,0.416109198944076,0.417513574346894
"STD",0.00564544117057329,0.00520481894425525,0.00630159884665565,0.00616224812996004
"Q.05",0.403866765514081,0.408163159595354,0.405759484040555,0.407392130943595
"Q.95",0.42243875761188,0.425285604634913,0.426490101831692,0.427664313862926
"theta0",3368.89011373614,3368.89011373614,3368.89011373614,3368.89011373614
"theta1",2398.50393884464,2398.50393884464,2398.50393884464,2398.50393884464
