"","AA","AB","BA","BB"
"EV",0.275540849800923,0.277880206030427,0.270806799779361,0.276997833681585
"STD",0.00528003252095239,0.00650698407012742,0.00631977988077816,0.00591803250456176
"Q.05",0.266891677072948,0.267230576046614,0.260464522851055,0.26730796692933
"Q.95",0.284261324616312,0.288636450858721,0.281254523947181,0.286776408318583
"theta0",2994.56643042775,2994.56643042775,2994.56643042775,2994.56643042775
"theta1",1137.65908146276,1137.65908146276,1137.65908146276,1137.65908146276
