"","AA","AB","BA","BB"
"EV",0.247365247328855,0.223712710492287,0.231595550562126,0.232258823769801
"STD",0.0064615602483792,0.0103311377098062,0.00762964848900422,0.0111351871413417
"Q.05",0.236801581782444,0.206914168208087,0.219146262004096,0.214156482386138
"Q.95",0.258057793977467,0.240897736569079,0.244244589017701,0.250784967653187
"theta0",871.328290967169,871.328290967169,871.328290967169,871.328290967169
"theta1",265.781408404157,265.781408404157,265.781408404157,265.781408404157
