"","AA","AB","BA","BB"
"EV",0.414742108260288,0.416167123593845,0.418244548401282,0.416540204184469
"STD",0.00489737148845972,0.00598132340418536,0.00573011626092807,0.00616403122823322
"Q.05",0.406696181975188,0.406342674092153,0.408831815840524,0.406416019507294
"Q.95",0.42280719485917,0.426019650194849,0.427682374637658,0.426694067556275
"theta0",3601.48100160258,3601.48100160258,3601.48100160258,3601.48100160258
"theta1",2569.95708747243,2569.95708747243,2569.95708747243,2569.95708747243
