"","AA","AB","BA","BB"
"EV",0.238397554232677,0.239289446412,0.244790968021856,0.232950860349605
"STD",0.00672480093033746,0.00706305231283827,0.00593639249769706,0.0063908890958026
"Q.05",0.227410648027238,0.227753365454435,0.23508197873954,0.222508493440271
"Q.95",0.249532688300363,0.250988073147574,0.254610620042403,0.24353208563579
"theta0",2140.97160787491,2140.97160787491,2140.97160787491,2140.97160787491
"theta1",671.896289824626,671.896289824626,671.896289824626,671.896289824626
