"","AA","AB","BA","BB"
"EV",0.24084238159133,0.237834877239841,0.241762093132966,0.242365839742999
"STD",0.00513443153750404,0.00469554256609756,0.00559373950030368,0.00543183810965577
"Q.05",0.232439613025641,0.230147761445903,0.232611499067022,0.233478483532826
"Q.95",0.249330141920193,0.245594520150842,0.251012950184252,0.251347356651427
"theta0",4025.40708019669,4025.40708019669,4025.40708019669,4025.40708019669
"theta1",1276.13056065822,1276.13056065822,1276.13056065822,1276.13056065822
