"","AA","AB","BA","BB"
"EV",0.416487367459044,0.41226681835527,0.41707741496203,0.413303321978122
"STD",0.00573159199862922,0.0062551305946278,0.0056090115155818,0.00618351743852542
"Q.05",0.407072499721678,0.401994059388078,0.40786354357342,0.403147794412524
"Q.95",0.425927912072951,0.422571801890635,0.42631569286047,0.423489945051466
"theta0",3164.11604697998,3164.11604697998,3164.11604697998,3164.11604697998
"theta1",2242.66648399125,2242.66648399125,2242.66648399125,2242.66648399125
