"","AA","AB","BA","BB"
"EV",0.41640810525081,0.408333118729047,0.472240696972658,0.416055927327369
"STD",0.00929257680978393,0.00887367612557498,0.0203604551066934,0.0193898972294688
"Q.05",0.401156644289818,0.393770937054589,0.438799383055754,0.384307521246155
"Q.95",0.431727150590677,0.422963274934024,0.505787279360759,0.448100441913349
"theta0",156.765059961466,156.765059961466,156.765059961466,156.765059961466
"theta1",117.442379574763,117.442379574763,117.442379574763,117.442379574763
