"","AA","AB","BA","BB"
"EV",0.276417918589879,0.274057871674328,0.272713642189262,0.281580539001656
"STD",0.00597860794750247,0.00668587638171362,0.00584040243835744,0.00668202452406314
"Q.05",0.266629507310102,0.263118445803794,0.263151574758674,0.270644514271357
"Q.95",0.28629721650259,0.285112780002358,0.282364621329802,0.292626229480717
"theta0",2598.21929146395,2598.21929146395,2598.21929146395,2598.21929146395
"theta1",991.47327413242,991.47327413242,991.47327413242,991.47327413242
