"","AA","AB","BA","BB"
"EV",0.412035084623101,0.412821079163554,0.414512827127496,0.418846117572714
"STD",0.00675587368232005,0.00616830492964876,0.0066235466279395,0.00577212884398075
"Q.05",0.400941388061743,0.402690589896403,0.403635521850908,0.409364364462668
"Q.95",0.423166478801817,0.42298269397059,0.425425284297533,0.428353136213773
"theta0",2705.26982929533,2705.26982929533,2705.26982929533,2705.26982929533
"theta1",1915.62816358094,1915.62816358094,1915.62816358094,1915.62816358094
