"","AA","AB","BA","BB"
"EV",0.27645638924628,0.272314541563774,0.275885884064991,0.275657775430044
"STD",0.00504620798988037,0.00549264848460877,0.00506821105994351,0.00553338609102471
"Q.05",0.268188527430391,0.263319432728391,0.26758223999803,0.266595355031487
"Q.95",0.284788977975882,0.281388497185436,0.284255071174216,0.284798444934633
"theta0",4111.90600395272,4111.90600395272,4111.90600395272,4111.90600395272
"theta1",1560.36279130732,1560.36279130732,1560.36279130732,1560.36279130732
