"","AA","AB","BA","BB"
"EV",0.238964933979393,0.240242302477617,0.237610664674354,0.239570022121954
"STD",0.00491140249113078,0.00433112214985129,0.00519386283113708,0.00494526711436275
"Q.05",0.230925884095627,0.233148674366213,0.22911209528052,0.231475654244631
"Q.95",0.24708273496439,0.247396647741897,0.246198109188872,0.247743907990865
"theta0",4831.86793324824,4831.86793324824,4831.86793324824,4831.86793324824
"theta1",1518.37595247161,1518.37595247161,1518.37595247161,1518.37595247161
