"","AA","AB","BA","BB"
"EV",0.271522608652203,0.276982563786158,0.278175873268341,0.27521614908222
"STD",0.00569504411947363,0.00585712664653225,0.00562567177260491,0.00576656787464568
"Q.05",0.262197783292522,0.267391971925433,0.268962293022355,0.26577368219452
"Q.95",0.280932650274093,0.286660055483183,0.287468979677388,0.284743852658176
"theta0",3304.94062259312,3304.94062259312,3304.94062259312,3304.94062259312
"theta1",1256.62764150199,1256.62764150199,1256.62764150199,1256.62764150199
