"","AA","AB","BA","BB"
"EV",0.280958905720241,0.276968441828302,0.277091907384961,0.271663005046035
"STD",0.00666564131623966,0.00637800040208851,0.00618173380004773,0.00573641405842988
"Q.05",0.270049790644014,0.266529189515882,0.266972312441063,0.26227071448632
"Q.95",0.291977607205225,0.287510751858515,0.287308232997633,0.281141673585912
"theta0",2656.66806631834,2656.66806631834,2656.66806631834,2656.66806631834
"theta1",1016.20294484057,1016.20294484057,1016.20294484057,1016.20294484057
