"","AA","AB","BA","BB"
"EV",0.278927541284532,0.273868156745583,0.276102557544989,0.276101825602832
"STD",0.0056168281156659,0.00492848068936883,0.00578459941805871,0.00534420163191259
"Q.05",0.269728181066989,0.265792987020498,0.26663044294693,0.267347840025293
"Q.95",0.28820577833576,0.282006148374605,0.285659934592185,0.284928582994663
"theta0",3890.19893801813,3890.19893801813,3890.19893801813,3890.19893801813
"theta1",1484.91628780242,1484.91628780242,1484.91628780242,1484.91628780242
