"","AA","AB","BA","BB"
"EV",0.418521769919767,0.412675381793692,0.415631085598359,0.416643586099905
"STD",0.00629022587201231,0.00596598123841402,0.00592028744448936,0.00565899444759663
"Q.05",0.408190233414426,0.402876715770121,0.405906842130911,0.407347785526189
"Q.95",0.428883438734387,0.422503216244655,0.425383022102158,0.42596436757959
"theta0",3131.87127259909,3131.87127259909,3131.87127259909,3131.87127259909
"theta1",2229.7506523794,2229.7506523794,2229.7506523794,2229.7506523794
