"","AA","AB","BA","BB"
"EV",0.278211873519091,0.277431931455804,0.273501198889748,0.270756099377449
"STD",0.00615784767103263,0.00561123802616722,0.00646719504626506,0.00608599163452301
"Q.05",0.268130830980168,0.268242087965933,0.262917947339214,0.260794544857672
"Q.95",0.288388181254412,0.286701289745106,0.284192903274416,0.280815474818585
"theta0",2847.68800619773,2847.68800619773,2847.68800619773,2847.68800619773
"theta1",1080.06244201266,1080.06244201266,1080.06244201266,1080.06244201266
