"","AA","AB","BA","BB"
"EV",0.41597542194987,0.415126673116969,0.415025194919023,0.415314477285162
"STD",0.0046737499599558,0.00539311932121094,0.00556775548600953,0.0057967190833737
"Q.05",0.408296337622293,0.406267280834608,0.405879322129909,0.405792971592829
"Q.95",0.423671689314113,0.424009190847102,0.424195746587815,0.42486263731988
"theta0",4164.71232555331,4164.71232555331,4164.71232555331,4164.71232555331
"theta1",2958.90240480112,2958.90240480112,2958.90240480112,2958.90240480112
