"","AA","AB","BA","BB"
"EV",0.413125187928925,0.418254831367465,0.416431561686905,0.414824589604608
"STD",0.00623128316488871,0.00604974423061798,0.00580840630972228,0.0054099066719369
"Q.05",0.402891366276095,0.408317781239556,0.406890698382743,0.405937700085636
"Q.95",0.423390656388062,0.428219849669992,0.425998813499474,0.423734836553453
"theta0",3265.93772327531,3265.93772327531,3265.93772327531,3265.93772327531
"theta1",2323.19564676201,2323.19564676201,2323.19564676201,2323.19564676201
