"","AA","AB","BA","BB"
"EV",0.416290286820758,0.416669453945172,0.415879444240192,0.41489028274169
"STD",0.00554380462502102,0.0052499954776929,0.0053654429601196,0.00493211998355676
"Q.05",0.407183511476778,0.408044667546254,0.407065350413889,0.406787317777074
"Q.95",0.425421143705686,0.425315733133188,0.424716211840946,0.423012645132663
"theta0",4250.44370558982,4250.44370558982,4250.44370558982,4250.44370558982
"theta1",3026.93049223999,3026.93049223999,3026.93049223999,3026.93049223999
