"","AA","AB","BA","BB"
"EV",0.274302515834111,0.27533997019722,0.274081466952534,0.279601445486409
"STD",0.00560733683558884,0.0058825357149759,0.00524583606014372,0.00570625617352735
"Q.05",0.265119882390828,0.265708452525847,0.265488429278387,0.270256072869723
"Q.95",0.283566237537256,0.285060114613361,0.282745577592822,0.28902785914547
"theta0",3526.66300631711,3526.66300631711,3526.66300631711,3526.66300631711
"theta1",1343.33414338643,1343.33414338643,1343.33414338643,1343.33414338643
