"","AA","AB","BA","BB"
"EV",0.411327442627179,0.41781853000754,0.419548610339572,0.41682503996368
"STD",0.006407496649582,0.00747296052341792,0.00691307032013986,0.00591713224233408
"Q.05",0.400805044510514,0.405547894104563,0.408195442597371,0.407105764254357
"Q.95",0.421884040180995,0.430132086700169,0.430937691741257,0.426571565262757
"theta0",2372.24164041041,2372.24164041041,2372.24164041041,2372.24164041041
"theta1",1692.48583046434,1692.48583046434,1692.48583046434,1692.48583046434
