"","AA","AB","BA","BB"
"EV",0.276587777285022,0.272334157936986,0.275754342609852,0.275676319720804
"STD",0.00500288932871414,0.00547696503419869,0.00512209903627558,0.00556086945754008
"Q.05",0.268390585511138,0.263364615429822,0.26736279279465,0.266569078938589
"Q.95",0.284848533196482,0.281382087213074,0.28421289600563,0.284862579192252
"theta0",4102.40555350263,4102.40555350263,4102.40555350263,4102.40555350263
"theta1",1556.83173491526,1556.83173491526,1556.83173491526,1556.83173491526
