"","AA","AB","BA","BB"
"EV",0.239832577657779,0.2395175529721,0.240755559186625,0.238682958591882
"STD",0.00477659839744384,0.00495576300183579,0.00451230646582717,0.0044847553895764
"Q.05",0.232012901782805,0.231406104766987,0.233366398832948,0.231339171507448
"Q.95",0.247726308434642,0.247708885208678,0.248210397683634,0.246092531140361
"theta0",5205.44175818334,5205.44175818334,5205.44175818334,5205.44175818334
"theta1",1641.16892451325,1641.16892451325,1641.16892451325,1641.16892451325
