"","AA","AB","BA","BB"
"EV",0.276893090296133,0.27538956263573,0.272142876744141,0.274116989907123
"STD",0.00534462043324217,0.00480433701410209,0.00595944239647241,0.00580810090182841
"Q.05",0.268138227464651,0.267516719979018,0.262387021022322,0.264607147367409
"Q.95",0.285720350990529,0.283321496239148,0.281991660723305,0.283713940865233
"theta0",3825.82305121813,3825.82305121813,3825.82305121813,3825.82305121813
"theta1",1448.57775813598,1448.57775813598,1448.57775813598,1448.57775813598
