"","AA","AB","BA","BB"
"EV",0.275998734629445,0.275731163109677,0.275797897809666,0.274566253877751
"STD",0.00476253895805423,0.00478644006883342,0.00480641316441212,0.00479808070263805
"Q.05",0.268194011465694,0.267887470544356,0.267921584403094,0.266703788996003
"Q.95",0.283861288155085,0.283633372947451,0.283733191560606,0.282487981970363
"theta0",5214.63058437568,5214.63058437568,5214.63058437568,5214.63058437568
"theta1",1983.23604255143,1983.23604255143,1983.23604255143,1983.23604255143
