"","AA","AB","BA","BB"
"EV",0.237817870259298,0.239212384392683,0.241889305537325,0.236647708932794
"STD",0.00513903285126173,0.00550172600631672,0.00489365629343916,0.00566677870579007
"Q.05",0.229408489391552,0.230212338552108,0.233878395612437,0.227380112616634
"Q.95",0.246314138450119,0.248311091053309,0.249976882388823,0.246021792178823
"theta0",3829.41249101197,3829.41249101197,3829.41249101197,3829.41249101197
"theta1",1202.00567246738,1202.00567246738,1202.00567246738,1202.00567246738
