"","AA","AB","BA","BB"
"EV",0.27585034483091,0.274404541313831,0.276278150909733,0.273880268685158
"STD",0.00499784202353952,0.0052810319288504,0.00461471947464861,0.0050806738044424
"Q.05",0.267661549255854,0.26575401288493,0.268714746927789,0.265556735782697
"Q.95",0.284102890888333,0.28312694409482,0.283895748871754,0.282270558664805
"theta0",4747.43018104454,4747.43018104454,4747.43018104454,4747.43018104454
"theta1",1801.74870230032,1801.74870230032,1801.74870230032,1801.74870230032
