"","AA","AB","BA","BB"
"EV",0.277844740310519,0.277077549833958,0.27289296366947,0.276592653133731
"STD",0.00577676780351779,0.00573477229631157,0.00519345671817167,0.00513657722332043
"Q.05",0.268384893712806,0.267686384852369,0.264385654658547,0.268177288697247
"Q.95",0.287388630110892,0.286551967958093,0.281470489647447,0.285075022718976
"theta0",3802.31478881271,3802.31478881271,3802.31478881271,3802.31478881271
"theta1",1450.29383767493,1450.29383767493,1450.29383767493,1450.29383767493
