"","AA","AB","BA","BB"
"EV",0.274718125854411,0.276175523273772,0.276294716121244,0.274532612999763
"STD",0.00490483241050773,0.00453680781990815,0.00527127293097854,0.0050781699984181
"Q.05",0.266681374775988,0.268739381471771,0.267659652637812,0.266213019089127
"Q.95",0.282816744046482,0.283664080350276,0.285000486885097,0.282918607416976
"theta0",4869.20535563944,4869.20535563944,4869.20535563944,4869.20535563944
"theta1",1850.99616027462,1850.99616027462,1850.99616027462,1850.99616027462
