"","AA","AB","BA","BB"
"EV",0.413721358002987,0.415796253511892,0.420170967806235,0.414112368558069
"STD",0.00659849618270296,0.00611416778362125,0.00642493335546509,0.00581553780279811
"Q.05",0.402885297464413,0.405753988068877,0.409618167086181,0.404560197147168
"Q.95",0.42459264770296,0.425867994731416,0.430754535626574,0.423691771510621
"theta0",2790.48868405932,2790.48868405932,2790.48868405932,2790.48868405932
"theta1",1987.36914486694,1987.36914486694,1987.36914486694,1987.36914486694
