"","AA","AB","BA","BB"
"EV",0.23938517707319,0.240116225539426,0.242128379901673,0.237150517048262
"STD",0.00487761916066059,0.00497928944352636,0.00544416494894572,0.00540776122893338
"Q.05",0.231401043405743,0.231966298814896,0.233221038690999,0.228304020582139
"Q.95",0.247446763553354,0.248346473969281,0.251130460117733,0.246093659330843
"theta0",4059.41965097204,4059.41965097204,4059.41965097204,4059.41965097204
"theta1",1279.83675467535,1279.83675467535,1279.83675467535,1279.83675467535
