"","AA","AB","BA","BB"
"EV",0.237912275993938,0.240536985569684,0.239201880668671,0.241573928553149
"STD",0.00481940908584374,0.00464545377838198,0.00525697304298004,0.00519947674467203
"Q.05",0.230023344936975,0.232930843384914,0.230600108284602,0.233065043872625
"Q.95",0.245877572181414,0.248212841706704,0.247893735401833,0.250169546850939
"theta0",4485.17257865441,4485.17257865441,4485.17257865441,4485.17257865441
"theta1",1414.92963108424,1414.92963108424,1414.92963108424,1414.92963108424
