"","AA","AB","BA","BB"
"EV",0.240103510539681,0.238581576094023,0.239969913678147,0.239234160949532
"STD",0.00466672028768526,0.00489943095245099,0.00432798668255449,0.00472104378078028
"Q.05",0.232462812371274,0.230562126768198,0.232881454620547,0.231505150864693
"Q.95",0.247814767026325,0.246679594637877,0.247119112695,0.247035803651836
"theta0",5288.49237466537,5288.49237466537,5288.49237466537,5288.49237466537
"theta1",1665.29638927032,1665.29638927032,1665.29638927032,1665.29638927032
