"","AA","AB","BA","BB"
"EV",0.274802445807076,0.274949525257177,0.276849408218645,0.275531603675211
"STD",0.00521662181489701,0.00488552610975834,0.00506980206031299,0.00455967296888762
"Q.05",0.266256894966253,0.266944238705517,0.268542955058499,0.268058232745144
"Q.95",0.283417941386336,0.283016097649555,0.285221023033441,0.283058148742459
"theta0",4896.00879589356,4896.00879589356,4896.00879589356,4896.00879589356
"theta1",1862.14606410606,1862.14606410606,1862.14606410606,1862.14606410606
