"","AA","AB","BA","BB"
"EV",0.270413526418442,0.278752424373605,0.284477494570445,0.266894324099604
"STD",0.00728877565523524,0.00809037474629533,0.00770957067899454,0.00831552834947642
"Q.05",0.258495054333173,0.265527066975938,0.27186809878103,0.25331050121344
"Q.95",0.282472643784224,0.292141661269171,0.29723006707328,0.280665583984315
"theta0",1269.66833251259,1269.66833251259,1269.66833251259,1269.66833251259
"theta1",481.939330312725,481.939330312725,481.939330312725,481.939330312725
