"","AA","AB","BA","BB"
"EV",0.225785989251362,0.238121855147699,0.243980083040046,0.243035245466646
"STD",0.00828780866572243,0.00849502005513106,0.00716902904556881,0.0072161234742147
"Q.05",0.212277046182858,0.224267898395568,0.232269539156239,0.231248841902797
"Q.95",0.239540097915514,0.252212838323801,0.25585291455315,0.254987118494062
"theta0",1171.55868637688,1171.55868637688,1171.55868637688,1171.55868637688
"theta1",365.38737896542,365.38737896542,365.38737896542,365.38737896542
