"","AA","AB","BA","BB"
"EV",0.272030551504147,0.277413135901394,0.276300162396884,0.277792675910967
"STD",0.00548274988246448,0.00585335063810166,0.00539944137936718,0.0057889194639817
"Q.05",0.263051657325998,0.267828572607669,0.267456023837394,0.268313033942384
"Q.95",0.281088157873071,0.287084236509131,0.285218486508886,0.287356744634546
"theta0",3484.91805832413,3484.91805832413,3484.91805832413,3484.91805832413
"theta1",1327.78426583453,1327.78426583453,1327.78426583453,1327.78426583453
