"","AA","AB","BA","BB"
"EV",0.415157651033683,0.416235823507884,0.416465571023502,0.415656142981716
"STD",0.00486418380709762,0.0051258346969849,0.00558360651255237,0.0056636461613253
"Q.05",0.407166136258488,0.407814821608583,0.407293472345959,0.406352868585119
"Q.95",0.423167969677821,0.424677426211692,0.42566204424615,0.424984753054323
"theta0",4212.06586688578,4212.06586688578,4212.06586688578,4212.06586688578
"theta1",2998.93160960065,2998.93160960065,2998.93160960065,2998.93160960065
