"","AA","AB","BA","BB"
"EV",0.277148991353628,0.275154914015593,0.274844021456558,0.276111478065193
"STD",0.00508177560503115,0.00537569029384846,0.00446957395745165,0.00519863594908362
"Q.05",0.268822931700071,0.266349801605972,0.267517926332319,0.267594964311094
"Q.95",0.285540389366404,0.284034127481656,0.282221445744401,0.28469684805422
"theta0",4706.91446291922,4706.91446291922,4706.91446291922,4706.91446291922
"theta1",1792.75239629823,1792.75239629823,1792.75239629823,1792.75239629823
