"","AA","AB","BA","BB"
"EV",0.27567135700717,0.281268765989437,0.273418254327033,0.272913082022095
"STD",0.00680367838247905,0.00622754482803867,0.00641690177112312,0.00565885612613359
"Q.05",0.264539574793224,0.271073169409297,0.262916914816409,0.263646846522743
"Q.95",0.286921442308726,0.291559813921375,0.284026425219649,0.282262674941666
"theta0",2627.73885151826,2627.73885151826,2627.73885151826,2627.73885151826
"theta1",1000.85996911016,1000.85996911016,1000.85996911016,1000.85996911016
