"","AA","AB","BA","BB"
"EV",0.241260855189602,0.238555778429389,0.237868263895117,0.240851520957932
"STD",0.00525815381722957,0.00497136002766114,0.00504636667590263,0.00468033715389796
"Q.05",0.232656538080224,0.230419190588359,0.229609731073249,0.233188453325768
"Q.95",0.249954061032786,0.246773273841772,0.246210549865853,0.248585204791134
"theta0",4448.72813183049,4448.72813183049,4448.72813183049,4448.72813183049
"theta1",1402.10711218558,1402.10711218558,1402.10711218558,1402.10711218558
