"","AA","AB","BA","BB"
"EV",0.41288770387439,0.418355685708675,0.414999147518243,0.412294779303174
"STD",0.00593196501196546,0.00559293527530416,0.00678987171287413,0.00670921398417639
"Q.05",0.403144787776892,0.409167990321949,0.403849035219758,0.40127751555135
"Q.95",0.422659382144756,0.427567253136405,0.426185977116337,0.423349104861329
"theta0",2822.02743895866,2822.02743895866,2822.02743895866,2822.02743895866
"theta1",1998.96905787073,1998.96905787073,1998.96905787073,1998.96905787073
