"","AA","AB","BA","BB"
"EV",0.240758029618442,0.237569422815526,0.239417427318018,0.241007834303694
"STD",0.00446174215058191,0.00495067062805405,0.00536846995218878,0.00561818208915435
"Q.05",0.233451304852379,0.229466797108491,0.230634130632057,0.231817735457068
"Q.95",0.248128967519026,0.245752816434194,0.248294533355774,0.250299586289262
"theta0",4305.8375115941,4305.8375115941,4305.8375115941,4305.8375115941
"theta1",1357.47461751659,1357.47461751659,1357.47461751659,1357.47461751659
