"","AA","AB","BA","BB"
"EV",0.238572794861536,0.240412973368586,0.241431605612446,0.238592166390809
"STD",0.00484342748412063,0.00463519611578687,0.00506225789129282,0.00490930268732645
"Q.05",0.230644568367499,0.232823578199677,0.233146196370486,0.230556635861938
"Q.95",0.246577808835459,0.24807183255787,0.249799308333719,0.246706577531779
"theta0",4731.43704696469,4731.43704696469,4731.43704696469,4731.43704696469
"theta1",1492.17709550297,1492.17709550297,1492.17709550297,1492.17709550297
