"","AA","AB","BA","BB"
"EV",0.417025656258103,0.413589162609352,0.417816460090435,0.415766749784551
"STD",0.00595789860379107,0.00558121665853921,0.00583679159271889,0.0053539492882349
"Q.05",0.407239477237656,0.404421430261758,0.408228801571127,0.406971529279119
"Q.95",0.426839391307083,0.422782138011351,0.427430299390441,0.424584579020487
"theta0",3535.19759445044,3535.19759445044,3535.19759445044,3535.19759445044
"theta1",2518.78403168082,2518.78403168082,2518.78403168082,2518.78403168082
