"","AA","AB","BA","BB"
"EV",0.238304819880328,0.241580519073916,0.240492669122141,0.238600628530039
"STD",0.00510874688082726,0.00530397531951253,0.00457865359323883,0.00489051961981053
"Q.05",0.229944600745697,0.232901516398185,0.232995414242856,0.230595688580757
"Q.95",0.24675062508108,0.250349773538491,0.248057667202191,0.246683842093095
"theta0",4512.68347241085,4512.68347241085,4512.68347241085,4512.68347241085
"theta1",1423.12641198237,1423.12641198237,1423.12641198237,1423.12641198237
