"","AA","AB","BA","BB"
"EV",0.415986565861337,0.417019061447434,0.414522187629123,0.416907857820313
"STD",0.0055451939971568,0.00570992182503845,0.00503355194010333,0.00535549243151212
"Q.05",0.406877557537897,0.407639655989849,0.406252828404666,0.408109943189208
"Q.95",0.425119760289295,0.426423778486298,0.422811843082159,0.425728070231855
"theta0",3996.56367646749,3996.56367646749,3996.56367646749,3996.56367646749
"theta1",2848.1924023834,2848.1924023834,2848.1924023834,2848.1924023834
