"","AA","AB","BA","BB"
"EV",0.239182204186092,0.240249109746649,0.240242054803619,0.238824264943391
"STD",0.00448343861213275,0.00497427686888345,0.00436611657372388,0.00492722130511306
"Q.05",0.231840452915284,0.232107310825074,0.233091360516127,0.230759488336019
"Q.95",0.246589482667531,0.248470997404145,0.247454451620267,0.246968375618754
"theta0",5219.83626001326,5219.83626001326,5219.83626001326,5219.83626001326
"theta1",1645.05014157367,1645.05014157367,1645.05014157367,1645.05014157367
