"","AA","AB","BA","BB"
"EV",0.240454409945659,0.240313128195354,0.238823599834924,0.239334755740398
"STD",0.00478582294479643,0.00456489229993325,0.00473506374798168,0.0044713340385096
"Q.05",0.232619549018328,0.232838345330494,0.231071847417854,0.232012703767281
"Q.95",0.248363303196325,0.247855328593767,0.24664861829073,0.246721914932646
"theta0",5305.81663947071,5305.81663947071,5305.81663947071,5305.81663947071
"theta1",1673.13023661799,1673.13023661799,1673.13023661799,1673.13023661799
