"","AA","AB","BA","BB"
"EV",0.23795365060928,0.240401016665184,0.241124257630639,0.240541326135285
"STD",0.00461247719502486,0.00522638583085088,0.00464818362710916,0.00524037781252243
"Q.05",0.23040185994061,0.231848671156794,0.23351352833793,0.231966161675646
"Q.95",0.245575368881815,0.249041686765594,0.248804509006412,0.249205205463833
"theta0",4616.35051638711,4616.35051638711,4616.35051638711,4616.35051638711
"theta1",1457.90081593611,1457.90081593611,1457.90081593611,1457.90081593611
