"","AA","AB","BA","BB"
"EV",0.277158260963687,0.276399670266391,0.276293229088571,0.267886538647404
"STD",0.00608833146535224,0.00612411168988982,0.00699227998725068,0.00699108135360407
"Q.05",0.267190823333426,0.266374178020112,0.264854298753299,0.256453192963689
"Q.95",0.287219485680057,0.286520539789886,0.287856594609819,0.27945147392367
"theta0",2323.04581373286,2323.04581373286,2323.04581373286,2323.04581373286
"theta1",878.690028832586,878.690028832586,878.690028832586,878.690028832586
