"","AA","AB","BA","BB"
"EV",0.273929949076617,0.279683024999736,0.278016483947878,0.270897706841289
"STD",0.00626121747618234,0.00641832911927024,0.00616603488991523,0.00618483822088526
"Q.05",0.263681942999315,0.269177142170727,0.267922165002427,0.260775123049956
"Q.95",0.284279316222063,0.290291387055777,0.288206447108374,0.28112122023569
"theta0",2602.92924413959,2602.92924413959,2602.92924413959,2602.92924413959
"theta1",990.486619117413,990.486619117413,990.486619117413,990.486619117413
