"","AA","AB","BA","BB"
"EV",0.239500099900367,0.237436363769274,0.239418351136231,0.240775483891603
"STD",0.00451478160671912,0.0051784912856029,0.00552714576590458,0.00471586914390733
"Q.05",0.232107184296346,0.228962866580311,0.23037688337131,0.233054530125929
"Q.95",0.246959320867445,0.245998314056193,0.248559256412828,0.248568166822185
"theta0",4532.88205814652,4532.88205814652,4532.88205814652,4532.88205814652
"theta1",1425.87527351956,1425.87527351956,1425.87527351956,1425.87527351956
