"","AA","AB","BA","BB"
"EV",0.272988374523813,0.279201677904199,0.276829974109113,0.277310776324094
"STD",0.00525514334209935,0.00616821213372356,0.00532449985629139,0.00615534739419544
"Q.05",0.26438041818908,0.269103428734913,0.268107949281198,0.267234098921114
"Q.95",0.28166818022278,0.28939487954198,0.285623883049089,0.287483219341575
"theta0",3398.92934460293,3398.92934460293,3398.92934460293,3398.92934460293
"theta1",1299.55320002804,1299.55320002804,1299.55320002804,1299.55320002804
