"","AA","AB","BA","BB"
"EV",0.416177803882021,0.415476987989094,0.414374028299715,0.417313584753507
"STD",0.00528183857677628,0.00551232895482221,0.00525115347718975,0.00552134242818843
"Q.05",0.407500837974004,0.406421973027188,0.405747656349762,0.408243505269773
"Q.95",0.424876659891849,0.424556056629445,0.423022530141439,0.426407242465443
"theta0",4008.1692836065,4008.1692836065,4008.1692836065,4008.1692836065
"theta1",2853.25139209369,2853.25139209369,2853.25139209369,2853.25139209369
