"","AA","AB","BA","BB"
"EV",0.232610288877182,0.254605726411904,0.230296705548287,0.248933733809005
"STD",0.00704501735526605,0.00872587577455787,0.00916891911007007,0.0105951701999451
"Q.05",0.221107214580814,0.240365396980367,0.215361591388329,0.231678698227543
"Q.95",0.244282501089565,0.269070075528252,0.245522899414395,0.266531873839476
"theta0",726.154112862974,726.154112862974,726.154112862974,726.154112862974
"theta1",231.351629357464,231.351629357464,231.351629357464,231.351629357464
