"","AA","AB","BA","BB"
"EV",0.273584000135561,0.275527780566048,0.275875262148334,0.275905816032977
"STD",0.0052076411647446,0.00497864125189462,0.00509876885751187,0.00460716404396923
"Q.05",0.265053388225582,0.267370391369277,0.267521754709942,0.268354818738919
"Q.95",0.282184887330298,0.283748568232635,0.284295110248436,0.283510965028302
"theta0",4791.55462409277,4791.55462409277,4791.55462409277,4791.55462409277
"theta1",1819.589361015,1819.589361015,1819.589361015,1819.589361015
