"","AA","AB","BA","BB"
"EV",0.416041893937845,0.415219546192527,0.415238386370461,0.415961594244247
"STD",0.00484108590886097,0.0050747359821295,0.00557854069770358,0.00563546947199569
"Q.05",0.408088180461759,0.406882521406688,0.40607478794789,0.406704493530342
"Q.95",0.424014027652161,0.423577022431835,0.424426693554338,0.425243682985825
"theta0",4268.03203391256,4268.03203391256,4268.03203391256,4268.03203391256
"theta1",3035.49242935825,3035.49242935825,3035.49242935825,3035.49242935825
