"","AA","AB","BA","BB"
"EV",0.27695650582146,0.270835730117657,0.27346302169687,0.275273269239905
"STD",0.00490747162478276,0.00627839078971042,0.00586243464671495,0.00656063617002771
"Q.05",0.268914982505384,0.260560831306796,0.263864825610011,0.264537239768104
"Q.95",0.285059040162664,0.281214678981704,0.283150353515258,0.286119591985817
"theta0",3213.35794813961,3213.35794813961,3213.35794813961,3213.35794813961
"theta1",1213.60655958229,1213.60655958229,1213.60655958229,1213.60655958229
