"","AA","AB","BA","BB"
"EV",0.414789507546988,0.415552015129281,0.416160533659153,0.420804765187155
"STD",0.00549047965937493,0.00639736786304195,0.00620171546393823,0.00676203606428535
"Q.05",0.405770440170325,0.405045360528518,0.405974616683948,0.409698976196483
"Q.95",0.42383264392261,0.426091039115911,0.426376637972343,0.431944350928673
"theta0",2857.69813599878,2857.69813599878,2857.69813599878,2857.69813599878
"theta1",2042.58972838806,2042.58972838806,2042.58972838806,2042.58972838806
