"","AA","AB","BA","BB"
"EV",0.404805249915398,0.417915037839791,0.414910592957659,0.42004523483736
"STD",0.00844658932836761,0.00677159325627475,0.00934624527005973,0.00826743594925465
"Q.05",0.390943683908866,0.40679422966602,0.399571892357626,0.406471798643309
"Q.95",0.418730947080295,0.429071042399718,0.430318958503999,0.433669707940402
"theta0",1316.4302779571,1316.4302779571,1316.4302779571,1316.4302779571
"theta1",931.658435311085,931.658435311085,931.658435311085,931.658435311085
