"","AA","AB","BA","BB"
"EV",0.239656018058845,0.239320412927943,0.240665422530939,0.240300795641707
"STD",0.00453786727623491,0.00432814694157893,0.0048748345128063,0.00478655882924619
"Q.05",0.232225435957822,0.232231825992284,0.23268549165925,0.232464774156797
"Q.95",0.247153515522257,0.24647000919391,0.248722057279512,0.248210948433353
"theta0",5356.53405587446,5356.53405587446,5356.53405587446,5356.53405587446
"theta1",1691.47975847716,1691.47975847716,1691.47975847716,1691.47975847716
