"","AA","AB","BA","BB"
"EV",0.420755839235396,0.40939084216121,0.417197278587545,0.419745867879419
"STD",0.00773125661784178,0.00673750462955634,0.00786318261219323,0.00701137794923163
"Q.05",0.408060968851739,0.398327861611554,0.404287247401696,0.408231459291029
"Q.95",0.433494921665173,0.420492518031917,0.430155211288292,0.431297123755289
"theta0",1787.27614507713,1787.27614507713,1787.27614507713,1787.27614507713
"theta1",1277.20197074926,1277.20197074926,1277.20197074926,1277.20197074926
