"","AA","AB","BA","BB"
"EV",0.262630209578809,0.266042370760603,0.282370206798279,0.276411870032579
"STD",0.0080071582500728,0.0111047106532033,0.0064808993562956,0.0104189736178111
"Q.05",0.249549291125038,0.247945598636873,0.271761466817225,0.259412703839841
"Q.95",0.275889927482257,0.284475450912467,0.293081560442342,0.293687222651717
"theta0",953.459145141762,953.459145141762,953.459145141762,953.459145141762
"theta1",356.001611271911,356.001611271911,356.001611271911,356.001611271911
