"","AA","AB","BA","BB"
"EV",0.238938560402619,0.240449875015965,0.238583477730554,0.24059253105142
"STD",0.00469184960434443,0.00462969522151486,0.00475761596773541,0.00471322307037438
"Q.05",0.231257192515875,0.232869436652064,0.23079504160395,0.232875933557947
"Q.95",0.246691807478059,0.248099595474511,0.246445998740489,0.248380865031801
"theta0",5132.15286184188,5132.15286184188,5132.15286184188,5132.15286184188
"theta1",1617.5651251414,1617.5651251414,1617.5651251414,1617.5651251414
