"","AA","AB","BA","BB"
"EV",0.415103005933587,0.415329200941267,0.418213968356595,0.416378169425168
"STD",0.00563643908906766,0.0050079738936998,0.0059728045694918,0.00564669635267592
"Q.05",0.405844450152161,0.407101711070875,0.408403129808207,0.407102585624801
"Q.95",0.42438682881317,0.423576580328028,0.428052082431493,0.425678709399041
"theta0",3755.3893490665,3755.3893490665,3755.3893490665,3755.3893490665
"theta1",2677.93791779755,2677.93791779755,2677.93791779755,2677.93791779755
