"","AA","AB","BA","BB"
"EV",0.236782898619793,0.235925492192765,0.236639984975982,0.244566026880052
"STD",0.00667406680709159,0.00600434018814916,0.00637552745417112,0.00565755558447294
"Q.05",0.225879126334438,0.226109519053626,0.226220837297059,0.235310659014706
"Q.95",0.247834260006501,0.245861601702691,0.247193938417921,0.253922054376885
"theta0",2520.69639370257,2520.69639370257,2520.69639370257,2520.69639370257
"theta1",789.418685616659,789.418685616659,789.418685616659,789.418685616659
