"","AA","AB","BA","BB"
"EV",0.274191056035539,0.27486095371187,0.276837404733912,0.275917876336179
"STD",0.00477436705055959,0.00529921416148758,0.00475925167339719,0.00519718078953652
"Q.05",0.266367378098667,0.266180655411159,0.269037885604002,0.267403781815949
"Q.95",0.282073560407461,0.283613401263243,0.284694350394628,0.28450087795453
"theta0",4715.0203012581,4715.0203012581,4715.0203012581,4715.0203012581
"theta1",1792.57769274009,1792.57769274009,1792.57769274009,1792.57769274009
