"","AA","AB","BA","BB"
"EV",0.238878638563997,0.241307369714767,0.239710294588905,0.241315216997368
"STD",0.00475255776476344,0.00528297125447759,0.00438513341206179,0.00517944458922572
"Q.05",0.231098369685,0.232662639957281,0.232528702679449,0.232839022481064
"Q.95",0.246732688729963,0.25004180152044,0.246954349842636,0.249877627080099
"theta0",4724.99126592992,4724.99126592992,4724.99126592992,4724.99126592992
"theta1",1494.6479870429,1494.6479870429,1494.6479870429,1494.6479870429
