"","AA","AB","BA","BB"
"EV",0.27282239192252,0.273399154560571,0.278943190354617,0.270572207367292
"STD",0.00575771096588884,0.00696463308669057,0.00556338765120742,0.00684816340951965
"Q.05",0.263395054398355,0.262006427234008,0.269830978975662,0.259370133647141
"Q.95",0.282336077777304,0.284917752360738,0.288132776302019,0.281898298674697
"theta0",2677.99626074663,2677.99626074663,2677.99626074663,2677.99626074663
"theta1",1010.4061603618,1010.4061603618,1010.4061603618,1010.4061603618
