"","AA","AB","BA","BB"
"EV",0.413819085097227,0.41621668378727,0.416636936875627,0.417301052219614
"STD",0.00530888182528985,0.00572220598606289,0.00531874405945226,0.00575230550908452
"Q.05",0.405098079139774,0.406817256989196,0.407899354688857,0.407852072514817
"Q.95",0.422562865821275,0.425641791155155,0.425396587633688,0.426775628528189
"theta0",3786.49023536578,3786.49023536578,3786.49023536578,3786.49023536578
"theta1",2697.19805491655,2697.19805491655,2697.19805491655,2697.19805491655
