"","AA","AB","BA","BB"
"EV",0.408834502401123,0.418411478748941,0.424352807306223,0.412311192365756
"STD",0.00705516826154432,0.0090829933971442,0.00754453891245512,0.00927193631782006
"Q.05",0.397251001674665,0.403502445799492,0.411963014268355,0.397095291958492
"Q.95",0.420460712900261,0.433383447111027,0.43678269916748,0.427597879249954
"theta0",1296.86518010447,1296.86518010447,1296.86518010447,1296.86518010447
"theta1",923.723241853393,923.723241853393,923.723241853393,923.723241853393
