"","AA","AB","BA","BB"
"EV",0.414237715064039,0.418433148303281,0.416069056672597,0.416029163179983
"STD",0.00537506602928931,0.00593885898712284,0.00535433531020429,0.00593443110662106
"Q.05",0.405408068978023,0.408677953931404,0.407273159806766,0.406281651477255
"Q.95",0.423090587113477,0.428215232755602,0.424887479661888,0.425804361495313
"theta0",3595.95815012757,3595.95815012757,3595.95815012757,3595.95815012757
"theta1",2563.57490488183,2563.57490488183,2563.57490488183,2563.57490488183
