"","AA","AB","BA","BB"
"EV",0.238190752529682,0.238138685794283,0.237189467006015,0.24315275282082
"STD",0.00572385418286494,0.00520586734458777,0.00572746791507226,0.00526829152833471
"Q.05",0.22882979382086,0.229620418061313,0.227822999081258,0.234531366760053
"Q.95",0.247659235595617,0.246745924389428,0.24666432071176,0.251862248721558
"theta0",3489.53671792821,3489.53671792821,3489.53671792821,3489.53671792821
"theta1",1096.986923241,1096.986923241,1096.986923241,1096.986923241
