"","AA","AB","BA","BB"
"EV",0.414352505843474,0.41493267569286,0.415282165508639,0.417150941004476
"STD",0.00553646737796467,0.00532959360035729,0.00546995162933142,0.00520320666947664
"Q.05",0.405258062895736,0.406177532694179,0.406296701320264,0.408602861594242
"Q.95",0.423471555841201,0.423710457154746,0.42429137270838,0.425720002860846
"theta0",4022.77336478083,4022.77336478083,4022.77336478083,4022.77336478083
"theta1",2858.86430298973,2858.86430298973,2858.86430298973,2858.86430298973
