"","AA","AB","BA","BB"
"EV",0.272803957294478,0.275806906215011,0.276421155828,0.278847529069992
"STD",0.00574284863754113,0.0048887779247315,0.00634115754836044,0.0061141991128145
"Q.05",0.263400848191035,0.267796134758905,0.266042098227889,0.268837405372995
"Q.95",0.282292980012488,0.283878693437082,0.286902458393511,0.288951171514307
"theta0",3383.47586207925,3383.47586207925,3383.47586207925,3383.47586207925
"theta1",1289.68758937161,1289.68758937161,1289.68758937161,1289.68758937161
