"","AA","AB","BA","BB"
"EV",0.237656679459354,0.237494208684327,0.242430779210349,0.239550670660795
"STD",0.00532398284349426,0.00538328842598075,0.00509070673075075,0.00520930763276892
"Q.05",0.228946332676737,0.2286874164084,0.234098761948257,0.231026379721977
"Q.95",0.246460382464095,0.246396553197784,0.250845463279228,0.248163210953995
"theta0",3881.03028209275,3881.03028209275,3881.03028209275,3881.03028209275
"theta1",1220.83083103088,1220.83083103088,1220.83083103088,1220.83083103088
