"","AA","AB","BA","BB"
"EV",0.414136490587927,0.414859329310424,0.418278795325765,0.415714566682234
"STD",0.00550526042262811,0.00563076822706815,0.00562088785494424,0.00571246878291389
"Q.05",0.405093273940523,0.405610114506774,0.409045252593691,0.40633119422622
"Q.95",0.423204102702926,0.424133837079272,0.4275364733134,0.425123694693795
"theta0",3618.49856640348,3618.49856640348,3618.49856640348,3618.49856640348
"theta1",2574.92309677451,2574.92309677451,2574.92309677451,2574.92309677451
