"","AA","AB","BA","BB"
"EV",0.240202744471587,0.238965919791775,0.239480097167712,0.240822106222953
"STD",0.00438790569149261,0.00448252263563486,0.00499253782496793,0.00503772000250458
"Q.05",0.233016528446271,0.231625709615666,0.231308767703422,0.232576826567062
"Q.95",0.247451296918385,0.246371725409202,0.247732521225187,0.249149216469534
"theta0",5132.33505252875,5132.33505252875,5132.33505252875,5132.33505252875
"theta1",1619.63423484446,1619.63423484446,1619.63423484446,1619.63423484446
