"","AA","AB","BA","BB"
"EV",0.23968421206081,0.239412914481078,0.237897202913953,0.240316034194038
"STD",0.00470090568414345,0.00504249946041099,0.00494259712446123,0.0043880243224311
"Q.05",0.231987906387369,0.231160243547952,0.229807635521269,0.233129600907365
"Q.95",0.247452315106087,0.24774834877565,0.246067098138354,0.247564759999182
"theta0",4997.19390266184,4997.19390266184,4997.19390266184,4997.19390266184
"theta1",1572.31934605588,1572.31934605588,1572.31934605588,1572.31934605588
