"","AA","AB","BA","BB"
"EV",0.236925102582674,0.242530882434726,0.241819560370306,0.241479591602695
"STD",0.00509182120968758,0.00603549660434867,0.00633103268107168,0.00499030038484426
"Q.05",0.228592838245409,0.232661633481389,0.231470363510863,0.233311362364683
"Q.95",0.245343177284314,0.25251626197464,0.252297152412719,0.249727765289298
"theta0",3400.30873268477,3400.30873268477,3400.30873268477,3400.30873268477
"theta1",1077.88855842215,1077.88855842215,1077.88855842215,1077.88855842215
