"","AA","AB","BA","BB"
"EV",0.417148869830196,0.414544959989834,0.411539869119854,0.413744653334465
"STD",0.00521364354906319,0.006228657475252,0.00629224604412332,0.00668561681418207
"Q.05",0.408583665351545,0.404315169221609,0.401206394937556,0.402765750648912
"Q.95",0.425735141585753,0.424805822771142,0.421906239097913,0.42475971149177
"theta0",3032.84881976555,3032.84881976555,3032.84881976555,3032.84881976555
"theta1",2144.85661363881,2144.85661363881,2144.85661363881,2144.85661363881
