"","AA","AB","BA","BB"
"EV",0.238919552104594,0.242108614458495,0.240631583972141,0.23724275930745
"STD",0.00491791087747711,0.00548939042133049,0.00498800306229905,0.00542956208106628
"Q.05",0.2308699138908,0.23312768447874,0.23246732586447,0.228360765581705
"Q.95",0.247048174333677,0.251185877117784,0.248876167543872,0.246222119552912
"theta0",4002.28714527614,4002.28714527614,4002.28714527614,4002.28714527614
"theta1",1262.03531530874,1262.03531530874,1262.03531530874,1262.03531530874
