"","AA","AB","BA","BB"
"EV",0.274636898406046,0.27544814914753,0.273607805788201,0.282196276866253
"STD",0.00563504958147491,0.00627308117917234,0.00648514953792904,0.00687898997714316
"Q.05",0.265408992100429,0.265180302451206,0.262995284996324,0.270939319930995
"Q.95",0.28394651340682,0.285816711702429,0.284329304805024,0.293568980953098
"theta0",2589.93393776905,2589.93393776905,2589.93393776905,2589.93393776905
"theta1",989.695491231087,989.695491231087,989.695491231087,989.695491231087
