"","AA","AB","BA","BB"
"EV",0.274611218955259,0.275477292082488,0.276697798525825,0.275433418340441
"STD",0.00508877819064809,0.00474267956995363,0.00505235121570727,0.00464429907872612
"Q.05",0.266274297651287,0.267705094603655,0.26841985816821,0.267821866418946
"Q.95",0.283014783420768,0.283307039420247,0.285040518508872,0.283100173151012
"theta0",5003.2579505659,5003.2579505659,5003.2579505659,5003.2579505659
"theta1",1903.14574405752,1903.14574405752,1903.14574405752,1903.14574405752
