"","AA","AB","BA","BB"
"EV",0.23757259919914,0.240077493148508,0.243569273485417,0.23960039198856
"STD",0.00490639693602389,0.00581662405885692,0.0054253894093641,0.00552784247445184
"Q.05",0.229542074005541,0.230565002962619,0.234692032207675,0.230557729618889
"Q.95",0.245682452185033,0.249699627174638,0.252539699173238,0.248742395713193
"theta0",3629.01472946685,3629.01472946685,3629.01472946685,3629.01472946685
"theta1",1147.34385318862,1147.34385318862,1147.34385318862,1147.34385318862
