"","AA","AB","BA","BB"
"EV",0.274825852056505,0.276925179960706,0.277012142858222,0.277937836493635
"STD",0.0044512784271845,0.00529962709840553,0.00552520779062311,0.00573092991234634
"Q.05",0.267529643380002,0.268243708403733,0.267962703171241,0.268552694437293
"Q.95",0.282172976677094,0.285677819976572,0.286138894839715,0.287405641274285
"theta0",4308.39122265601,4308.39122265601,4308.39122265601,4308.39122265601
"theta1",1648.04290311801,1648.04290311801,1648.04290311801,1648.04290311801
