"","AA","AB","BA","BB"
"EV",0.279272926612958,0.271308690643435,0.27476928402703,0.278074333944161
"STD",0.0059878111639445,0.00576336860688751,0.00634553906875288,0.00629256422428035
"Q.05",0.269468644967284,0.261872576164826,0.264383665545321,0.267773861894052
"Q.95",0.289166643513202,0.280832203805516,0.285258429154342,0.28847437825571
"theta0",2815.35789222769,2815.35789222769,2815.35789222769,2815.35789222769
"theta1",1072.52670945185,1072.52670945185,1072.52670945185,1072.52670945185
