"","AA","AB","BA","BB"
"EV",0.240062315102765,0.239125805518437,0.240564094515448,0.238339959160573
"STD",0.00432400226583899,0.0046636785219567,0.00512179143626023,0.00516102756024521
"Q.05",0.232980334818864,0.231490297909905,0.232181986706177,0.229894620088614
"Q.95",0.247204886036693,0.246832242531693,0.249030933752897,0.246872624761619
"theta0",4918.18836132782,4918.18836132782,4918.18836132782,4918.18836132782
"theta1",1549.1225950507,1549.1225950507,1549.1225950507,1549.1225950507
