"","AA","AB","BA","BB"
"EV",0.414532230729198,0.416633006885161,0.415735999653869,0.415730581626562
"STD",0.00517877965001748,0.00511517429429895,0.00540772047760998,0.00533779966434164
"Q.05",0.406024581416164,0.408229445786638,0.406852564242012,0.406961862458924
"Q.95",0.423061361862078,0.425056980320625,0.424642509204869,0.424521783525649
"theta0",4256.38363446568,4256.38363446568,4256.38363446568,4256.38363446568
"theta1",3027.73807693707,3027.73807693707,3027.73807693707,3027.73807693707
