"","AA","AB","BA","BB"
"EV",0.410027405818684,0.41328540845026,0.419334832395813,0.410931173330351
"STD",0.00685483562605874,0.00812271728629364,0.00592665420484509,0.00782422549489399
"Q.05",0.39877195594502,0.399951353325264,0.409599502076397,0.398086901314278
"Q.95",0.421322610573155,0.426673142108601,0.429096630412558,0.423826689371395
"theta0",2005.67352710642,2005.67352710642,2005.67352710642,2005.67352710642
"theta1",1413.46984371457,1413.46984371457,1413.46984371457,1413.46984371457
