"","AA","AB","BA","BB"
"EV",0.415457709374277,0.416163818075442,0.41522093876598,0.415192780799805
"STD",0.00531782800963177,0.00487953760332959,0.00547387999601725,0.00517126479999828
"Q.05",0.406721795699129,0.40814698859622,0.4062290390294,0.406697373519669
"Q.95",0.424216014329336,0.424199332864825,0.424236633836955,0.423709432199956
"theta0",4375.25831567191,4375.25831567191,4375.25831567191,4375.25831567191
"theta1",3110.3887005757,3110.3887005757,3110.3887005757,3110.3887005757
