"","AA","AB","BA","BB"
"EV",0.273858661300673,0.274227986645156,0.278980673328138,0.26967811357389
"STD",0.00607292049215124,0.0068456270544584,0.00566493477026703,0.0065937029678855
"Q.05",0.263917387151586,0.263028526840102,0.269702850477048,0.258890398304484
"Q.95",0.283895335499851,0.285548377532651,0.288338701587497,0.280581487340706
"theta0",2613.65111123973,2613.65111123973,2613.65111123973,2613.65111123973
"theta1",987.380775543771,987.380775543771,987.380775543771,987.380775543771
