"","AA","AB","BA","BB"
"EV",0.414833836501154,0.416957288180416,0.416353569161302,0.415484835002337
"STD",0.00497252083541506,0.00549283144979149,0.00526734322906037,0.00564934250915339
"Q.05",0.406664583364761,0.407934037916171,0.407700362272769,0.406205051822458
"Q.95",0.423022820056194,0.426003979995369,0.425028497864961,0.424789880230487
"theta0",4119.27366494846,4119.27366494846,4119.27366494846,4119.27366494846
"theta1",2933.20928171083,2933.20928171083,2933.20928171083,2933.20928171083
