"","AA","AB","BA","BB"
"EV",0.275594078656387,0.274427860369778,0.27466336857528,0.277679685037955
"STD",0.00500332565034484,0.00509512477819833,0.00501825411253968,0.00513418210552776
"Q.05",0.267396388795894,0.266080624592742,0.266441518144476,0.269267983848902
"Q.95",0.283855768875234,0.28284198779731,0.282950004801026,0.286157842217931
"theta0",4551.46124836161,4551.46124836161,4551.46124836161,4551.46124836161
"theta1",1731.6056085845,1731.6056085845,1731.6056085845,1731.6056085845
