"","AA","AB","BA","BB"
"EV",0.238967783657964,0.238087664792145,0.242020181716248,0.239887148119314
"STD",0.00536322975829691,0.00496946851824794,0.00518274460761916,0.00461711104346215
"Q.05",0.230193156985275,0.22995428551104,0.233538409381823,0.232327351200339
"Q.95",0.247836319125929,0.246302144228991,0.250587873324645,0.247516111099109
"theta0",4374.87351899198,4374.87351899198,4374.87351899198,4374.87351899198
"theta1",1379.63747053727,1379.63747053727,1379.63747053727,1379.63747053727
