"","AA","AB","BA","BB"
"EV",0.278052436178402,0.274196928631482,0.278810563272667,0.277514822085559
"STD",0.00554123534312933,0.00469572174807315,0.00616548670304377,0.00596309106621649
"Q.05",0.268976586003899,0.266501646258328,0.26871688090523,0.267751363212692
"Q.95",0.287205506660338,0.281949112821557,0.288999363964246,0.287368033112318
"theta0",3697.09139700819,3697.09139700819,3697.09139700819,3697.09139700819
"theta1",1417.52100185896,1417.52100185896,1417.52100185896,1417.52100185896
