"","AA","AB","BA","BB"
"EV",0.408161887985953,0.426011738646433,0.452401049586091,0.413374636467461
"STD",0.00718600488619607,0.0122480874449813,0.0155011330566389,0.0194349885592162
"Q.05",0.396364147477353,0.405916313113826,0.426954824521532,0.381557814450548
"Q.95",0.420004287227703,0.446210484430363,0.477952419421115,0.445499031519436
"theta0",280.027773472048,280.027773472048,280.027773472048,280.027773472048
"theta1",206.973787060018,206.973787060018,206.973787060018,206.973787060018
