"","AA","AB","BA","BB"
"EV",0.27824214588594,0.269579592783741,0.274256544440535,0.277636574950607
"STD",0.00571583679571689,0.00652357709442367,0.0062818513577016,0.00692434132988516
"Q.05",0.268881527180818,0.258906033861353,0.263974821862561,0.266307633556239
"Q.95",0.287684824459747,0.280366436923639,0.284640074506749,0.289086449049035
"theta0",2531.83775275718,2531.83775275718,2531.83775275718,2531.83775275718
"theta1",960.043067898467,960.043067898467,960.043067898467,960.043067898467
