"","AA","AB","BA","BB"
"EV",0.241008459837697,0.23482799025014,0.237366555031669,0.237297159239193
"STD",0.00460848044599173,0.0060109880484594,0.00599193210494381,0.00643920928609406
"Q.05",0.233462469456647,0.225001666834917,0.227570159645704,0.226774319605839
"Q.95",0.24862284249194,0.2447756076064,0.24728143872916,0.247956906770533
"theta0",3232.42426354732,3232.42426354732,3232.42426354732,3232.42426354732
"theta1",1007.56140120669,1007.56140120669,1007.56140120669,1007.56140120669
