"","AA","AB","BA","BB"
"EV",0.415545129999921,0.414731927439825,0.416745029175621,0.417387875760213
"STD",0.00507864829364888,0.00529846442095595,0.00560027904942225,0.00572124314976112
"Q.05",0.407201643955535,0.406027884622308,0.40754553542977,0.407989838389386
"Q.95",0.423909015757628,0.423458400953404,0.425968956558496,0.426811205904834
"theta0",3971.7243670036,3971.7243670036,3971.7243670036,3971.7243670036
"theta1",2830.4155342224,2830.4155342224,2830.4155342224,2830.4155342224
