"","AA","AB","BA","BB"
"EV",0.274885965225749,0.275147921502598,0.27809040443385,0.277575657031346
"STD",0.00462771686500232,0.00532888243399247,0.00548236334907588,0.00583566886998625
"Q.05",0.26730159281828,0.266419158767271,0.269110562206192,0.26801986863319
"Q.95",0.282525348448235,0.283949503610276,0.287145815215589,0.287217366768154
"theta0",4136.1536896116,4136.1536896116,4136.1536896116,4136.1536896116
"theta1",1580.18071572438,1580.18071572438,1580.18071572438,1580.18071572438
