"","AA","AB","BA","BB"
"EV",0.411567353508629,0.410645509295349,0.417655047526439,0.417389372909375
"STD",0.00737984810507285,0.00689223928765883,0.00682285619070426,0.00588152459211271
"Q.05",0.399451044878204,0.399328603743916,0.406450243867795,0.407728407851396
"Q.95",0.423728901979088,0.422002310503023,0.428895702114468,0.427077067555464
"theta0",2308.02514807811,2308.02514807811,2308.02514807811,2308.02514807811
"theta1",1632.72605841358,1632.72605841358,1632.72605841358,1632.72605841358
