"","AA","AB","BA","BB"
"EV",0.273990796160814,0.274508873192223,0.275253260486496,0.276640583810065
"STD",0.00525853137842644,0.00495464952515951,0.00510134792956848,0.00466390203034693
"Q.05",0.265377071068846,0.266390857960521,0.26689568424332,0.268996796029965
"Q.95",0.282675982093077,0.282690107458846,0.283677522047772,0.284339592652756
"theta0",4736.92838527442,4736.92838527442,4736.92838527442,4736.92838527442
"theta1",1797.71925288293,1797.71925288293,1797.71925288293,1797.71925288293
