"","AA","AB","BA","BB"
"EV",0.274849161588079,0.27412674266108,0.276710939428536,0.277975887582762
"STD",0.00532221713574433,0.00484999953640925,0.00552556195177886,0.00523229425178115
"Q.05",0.266131344360797,0.266179615076381,0.267661000991346,0.269404022399062
"Q.95",0.283639761684099,0.282134601710672,0.285838356529209,0.286616636273693
"theta0",4226.57432406384,4226.57432406384,4226.57432406384,4226.57432406384
"theta1",1610.61622365211,1610.61622365211,1610.61622365211,1610.61622365211
