"","AA","AB","BA","BB"
"EV",0.415425124797785,0.413445110299769,0.415003001467974,0.417710232075179
"STD",0.00594425056963643,0.00550443828253179,0.00583404821458392,0.00531970141120874
"Q.05",0.405661612989778,0.404403346810635,0.405420318257878,0.408970928721523
"Q.95",0.425216626491435,0.422511470431747,0.424612788694519,0.426471311780624
"theta0",3591.1277203854,3591.1277203854,3591.1277203854,3591.1277203854
"theta1",2551.75112831777,2551.75112831777,2551.75112831777,2551.75112831777
