"","AA","AB","BA","BB"
"EV",0.239764523229539,0.239391762896377,0.23963989657097,0.240066847478652
"STD",0.00449072861749568,0.004759626715745,0.00431229047432968,0.00470060887716609
"Q.05",0.232410759010721,0.231599848827536,0.232577101979522,0.232370932807053
"Q.95",0.24718377198126,0.24725742391849,0.246763124729114,0.24783436670511
"theta0",5530.67672155412,5530.67672155412,5530.67672155412,5530.67672155412
"theta1",1743.88720632423,1743.88720632423,1743.88720632423,1743.88720632423
