"","AA","AB","BA","BB"
"EV",0.27689049772391,0.275240836108138,0.274853378950668,0.274584405696292
"STD",0.00479990676572916,0.00516228368391662,0.00470053514310012,0.00510787288153699
"Q.05",0.269024590214778,0.266783835685357,0.267150111809668,0.266216333672031
"Q.95",0.284814796426899,0.28376613048554,0.282613414427265,0.283019634113457
"theta0",4854.48539079294,4854.48539079294,4854.48539079294,4854.48539079294
"theta1",1845.04969485422,1845.04969485422,1845.04969485422,1845.04969485422
