"","AA","AB","BA","BB"
"EV",0.240993907010622,0.237973219109678,0.238702464314462,0.239019686115716
"STD",0.00442942850425958,0.00475482740865523,0.00520718825274642,0.00530501101211033
"Q.05",0.23373981794527,0.230189479171915,0.230181877062009,0.230339785803619
"Q.95",0.248311182477482,0.245831260509219,0.247311731755131,0.247791435084786
"theta0",4655.45884593974,4655.45884593974,4655.45884593974,4655.45884593974
"theta1",1463.54648615548,1463.54648615548,1463.54648615548,1463.54648615548
