"","AA","AB","BA","BB"
"EV",0.415988604144651,0.417473723640184,0.414482165036759,0.415786168745439
"STD",0.00560671921541461,0.00556191789547507,0.00524899823341708,0.00520085817782663
"Q.05",0.406778663099365,0.4083370513527,0.405859314299308,0.407242125920762
"Q.95",0.425223270445157,0.426634273106314,0.423127097891745,0.42435154041222
"theta0",3992.84340172803,3992.84340172803,3992.84340172803,3992.84340172803
"theta1",2843.47738987823,2843.47738987823,2843.47738987823,2843.47738987823
