"","AA","AB","BA","BB"
"EV",0.239794589697956,0.239940357465433,0.240087426115045,0.23960498284531
"STD",0.00435746906052731,0.00513855508205382,0.00503886560849146,0.00427813059828082
"Q.05",0.232658089689248,0.231531135099338,0.231840484471922,0.232597904585944
"Q.95",0.246992732480227,0.248435223910906,0.248416639286267,0.246671554786091
"theta0",5247.72392619271,5247.72392619271,5247.72392619271,5247.72392619271
"theta1",1655.94982947444,1655.94982947444,1655.94982947444,1655.94982947444
