"","AA","AB","BA","BB"
"EV",0.415792979603955,0.410590795647254,0.417302613592996,0.418421329970275
"STD",0.00661883181386947,0.00644189976426829,0.006429750994803,0.00630483436473718
"Q.05",0.404923125689515,0.400012145392045,0.406742497063218,0.408065853728544
"Q.95",0.426697378799913,0.421204319738905,0.427894711761954,0.428807118036005
"theta0",2534.6921711861,2534.6921711861,2534.6921711861,2534.6921711861
"theta1",1802.04841753625,1802.04841753625,1802.04841753625,1802.04841753625
