"","AA","AB","BA","BB"
"EV",0.274626928017054,0.275085783530916,0.275074199060656,0.276436858438486
"STD",0.00505482351973617,0.00472306450148591,0.00499998851740632,0.00464101694198124
"Q.05",0.266345409374647,0.267345687376704,0.266882067861175,0.268830480019101
"Q.95",0.282974196350842,0.28288310439257,0.283330468386774,0.284097992030544
"theta0",5066.55293387808,5066.55293387808,5066.55293387808,5066.55293387808
"theta1",1924.81906472711,1924.81906472711,1924.81906472711,1924.81906472711
