"","AA","AB","BA","BB"
"EV",0.41569315090024,0.41523709742456,0.415976730878648,0.415607185654349
"STD",0.00461191241666706,0.00560877582490782,0.00554557301840648,0.00581220490554158
"Q.05",0.40811558582568,0.40602390001148,0.406867102261684,0.406060229589104
"Q.95",0.423287506758717,0.424475272618428,0.425110551903507,0.425180840631784
"theta0",4118.97927394928,4118.97927394928,4118.97927394928,4118.97927394928
"theta1",2929.64312321888,2929.64312321888,2929.64312321888,2929.64312321888
