"","AA","AB","BA","BB"
"EV",0.240861626499281,0.24236581328225,0.237349979183806,0.235729028413274
"STD",0.00516693306415677,0.00591353596288246,0.00563586373292717,0.00615607224449696
"Q.05",0.232405934278991,0.232694898785138,0.228132400812334,0.225666654856225
"Q.95",0.249403379045996,0.25214833428039,0.246672390198182,0.245917855515789
"theta0",3142.52837414552,3142.52837414552,3142.52837414552,3142.52837414552
"theta1",987.404170975114,987.404170975114,987.404170975114,987.404170975114
