"","AA","AB","BA","BB"
"EV",0.234831993188322,0.229868744768212,0.248402716646725,0.239406867534325
"STD",0.00730642281683518,0.00813821072344275,0.00702609959613495,0.0079460721316283
"Q.05",0.222904015559475,0.216598169553582,0.236921752707584,0.226440010263884
"Q.95",0.24693919886777,0.243369265687256,0.26003502380719,0.252579313995891
"theta0",1270.73313809956,1270.73313809956,1270.73313809956,1270.73313809956
"theta1",397.192100774481,397.192100774481,397.192100774481,397.192100774481
