"","AA","AB","BA","BB"
"EV",0.275853061447735,0.275079797740939,0.275652622925331,0.275113398122293
"STD",0.00446919704075371,0.00474841763878907,0.00494388992272189,0.00506714017534909
"Q.05",0.268527407899247,0.267298309278609,0.267551926190688,0.266811672912054
"Q.95",0.2832296895407,0.282919129341427,0.283815783699571,0.283480978852274
"theta0",5207.50398454534,5207.50398454534,5207.50398454534,5207.50398454534
"theta1",1979.5437944631,1979.5437944631,1979.5437944631,1979.5437944631
