"","AA","AB","BA","BB"
"EV",0.237029950035423,0.24133719272275,0.241963520032321,0.241409510353552
"STD",0.00500003731447839,0.00490900730669658,0.00588457042357589,0.00582794603791195
"Q.05",0.228847087273425,0.233301418544585,0.232339851886823,0.231878118263254
"Q.95",0.245295498627339,0.24945040119375,0.251698001507673,0.251049996488154
"theta0",3700.38089350284,3700.38089350284,3700.38089350284,3700.38089350284
"theta1",1171.38124933493,1171.38124933493,1171.38124933493,1171.38124933493
