"","AA","AB","BA","BB"
"EV",0.23923740633153,0.23864771073835,0.240895688227307,0.238403609996904
"STD",0.00460331519059234,0.00500962961228297,0.00452145122680274,0.00494975612135648
"Q.05",0.231700245560146,0.230448777590448,0.233491588692186,0.230302246285478
"Q.95",0.24684362030095,0.246928751541073,0.248365670601124,0.24658526134027
"theta0",4973.3420211545,4973.3420211545,4973.3420211545,4973.3420211545
"theta1",1564.54344473059,1564.54344473059,1564.54344473059,1564.54344473059
