"","AA","AB","BA","BB"
"EV",0.236980839208965,0.241760363761486,0.239237989164941,0.237574441916016
"STD",0.00536919832420934,0.00474250562023136,0.00568251749408933,0.005290556775017
"Q.05",0.228197137678975,0.233995764607621,0.229943870946117,0.228918514622551
"Q.95",0.24585992133603,0.249597028253017,0.248637342550507,0.246322607466944
"theta0",3900.15471486927,3900.15471486927,3900.15471486927,3900.15471486927
"theta1",1224.18807802785,1224.18807802785,1224.18807802785,1224.18807802785
