"","AA","AB","BA","BB"
"EV",0.241664125872122,0.238718763632014,0.240797787739184,0.241204515639284
"STD",0.00498933190283386,0.00430017193280824,0.00543894668049111,0.00528573171758315
"Q.05",0.233497424321889,0.231675919498873,0.23189936553624,0.232555323633527
"Q.95",0.249910642227497,0.245822074173748,0.249791613049909,0.249943565311814
"theta0",4535.02274470273,4535.02274470273,4535.02274470273,4535.02274470273
"theta1",1436.86170656014,1436.86170656014,1436.86170656014,1436.86170656014
