"","AA","AB","BA","BB"
"EV",0.237667610071503,0.240236323204087,0.24038280174923,0.239967369596425
"STD",0.00489017589307937,0.0049346905215267,0.00466533145454182,0.00470425182195442
"Q.05",0.229663477762612,0.232159003780519,0.232744300494792,0.232265542662656
"Q.95",0.245750496196015,0.248392468211413,0.248091687564636,0.247740959929625
"theta0",4880.00623775525,4880.00623775525,4880.00623775525,4880.00623775525
"theta1",1537.43764217345,1537.43764217345,1537.43764217345,1537.43764217345
