"","AA","AB","BA","BB"
"EV",0.236505134212473,0.238189558290617,0.24139086039599,0.236452504894409
"STD",0.00548532831443812,0.00610580829517596,0.00463192396182807,0.00585962106224143
"Q.05",0.227532672637026,0.228207797040595,0.233806570069796,0.226871492263177
"Q.95",0.245577466392519,0.248293678369274,0.249044064124318,0.246147526709516
"theta0",3548.15713429324,3548.15713429324,3548.15713429324,3548.15713429324
"theta1",1109.08902265751,1109.08902265751,1109.08902265751,1109.08902265751
