"","AA","AB","BA","BB"
"EV",0.275195229237218,0.274820036588528,0.277621691474883,0.278069251437001
"STD",0.00518033376282368,0.00469901365042119,0.00567883602743888,0.00552232933754895
"Q.05",0.26670878948842,0.267119260045519,0.268321573174155,0.269024230814238
"Q.95",0.28375046248166,0.282577557393806,0.287003148685676,0.287190957552717
"theta0",4201.52983423222,4201.52983423222,4201.52983423222,4201.52983423222
"theta1",1605.1677090434,1605.1677090434,1605.1677090434,1605.1677090434
