"","AA","AB","BA","BB"
"EV",0.239484220858857,0.240179568655872,0.240863682389946,0.238486941060165
"STD",0.00471971895742947,0.00466849741612348,0.00472813052214369,0.00463730175098088
"Q.05",0.231757308169393,0.232535956229498,0.233122726519395,0.230894569394719
"Q.95",0.247283603876646,0.247893757201622,0.248676698415369,0.246149742885372
"theta0",5158.387917795,5158.387917795,5158.387917795,5158.387917795
"theta1",1626.83748622797,1626.83748622797,1626.83748622797,1626.83748622797
