"","AA","AB","BA","BB"
"EV",0.271650124427418,0.277651329876613,0.275554020265208,0.274518572382359
"STD",0.00578852808781998,0.00515306964397624,0.00602350716167357,0.00549283985113719
"Q.05",0.262172908479953,0.269208813387608,0.265692713763989,0.265522569546752
"Q.95",0.281215302906297,0.286160805054915,0.285508120088784,0.283592272502974
"theta0",3540.11593693404,3540.11593693404,3540.11593693404,3540.11593693404
"theta1",1341.7993119751,1341.7993119751,1341.7993119751,1341.7993119751
