"","AA","AB","BA","BB"
"EV",0.408998654681933,0.42090111446562,0.419835419096897,0.412285831995051
"STD",0.00800157417942629,0.00783521526039485,0.00734379261592306,0.00710468694022018
"Q.05",0.39586445515453,0.408035794368114,0.407775981087848,0.400620302665655
"Q.95",0.422187690262332,0.433811756537385,0.431935234857649,0.423992927045456
"theta0",1611.65752654329,1611.65752654329,1611.65752654329,1611.65752654329
"theta1",1145.7120992023,1145.7120992023,1145.7120992023,1145.7120992023
