"","AA","AB","BA","BB"
"EV",0.237506956528937,0.240279626466777,0.240638910772709,0.239678933907176
"STD",0.00508826161817964,0.00481192029559614,0.00505723355821757,0.00457440978798784
"Q.05",0.229180318426174,0.232402289957399,0.232361904244093,0.232188782713271
"Q.95",0.245918951109234,0.248231892696584,0.24899848438662,0.24723707225793
"theta0",4695.69993858802,4695.69993858802,4695.69993858802,4695.69993858802
"theta1",1479.0687052703,1479.0687052703,1479.0687052703,1479.0687052703
