"","AA","AB","BA","BB"
"EV",0.23964581879529,0.240816570537789,0.239067627474949,0.238527635806521
"STD",0.00460910395565459,0.00456518873249408,0.0048141182867902,0.00477702824598285
"Q.05",0.232099128238084,0.233341190114794,0.231187018315618,0.230707587655539
"Q.95",0.247261547193602,0.248359150370279,0.24702384622812,0.246422402721919
"theta0",5157.05841121669,5157.05841121669,5157.05841121669,5157.05841121669
"theta1",1624.28478832314,1624.28478832314,1624.28478832314,1624.28478832314
