"","AA","AB","BA","BB"
"EV",0.281584055283817,0.271837601710872,0.266981124244872,0.278118002249833
"STD",0.00643759026615871,0.00796342106656633,0.00715540608210905,0.00866606835313679
"Q.05",0.271046138387566,0.258822312147024,0.255281053149415,0.263958245026846
"Q.95",0.292223756527872,0.285019199436065,0.278819881671721,0.292466608214949
"theta0",1535.10034369564,1535.10034369564,1535.10034369564,1535.10034369564
"theta1",581.22054767984,581.22054767984,581.22054767984,581.22054767984
