"","AA","AB","BA","BB"
"EV",0.414941054644028,0.415716508625649,0.41624068944086,0.415014111861629
"STD",0.00532821552565919,0.00557640211258964,0.00483848201769054,0.0053205799141358
"Q.05",0.406188171386384,0.406556344581415,0.408291226062829,0.406273745636179
"Q.95",0.423716562295468,0.42490121504581,0.424208507156412,0.42377701714185
"theta0",4279.31799236291,4279.31799236291,4279.31799236291,4279.31799236291
"theta1",3041.79141468036,3041.79141468036,3041.79141468036,3041.79141468036
