"","AA","AB","BA","BB"
"EV",0.240375010561532,0.238936607966268,0.239988727898667,0.241025299170926
"STD",0.0046258339802779,0.0043284126876771,0.00505774170605732,0.00495455540006691
"Q.05",0.232800882860354,0.231847666859082,0.231711075671597,0.232915413140585
"Q.95",0.248018339500626,0.246086723031888,0.248349324138742,0.249214228207191
"theta0",5089.22085598342,5089.22085598342,5089.22085598342,5089.22085598342
"theta1",1607.91137517775,1607.91137517775,1607.91137517775,1607.91137517775
