"","AA","AB","BA","BB"
"EV",0.414574761919917,0.41284782755228,0.424943901381275,0.409664907205709
"STD",0.00661082665098024,0.00826981875870491,0.00859296577215973,0.00949329627730659
"Q.05",0.403718298867967,0.39927293127669,0.410835262624152,0.394087789243082
"Q.95",0.425466215049019,0.426478663374622,0.439104138193553,0.425318622356545
"theta0",1323.54358954846,1323.54358954846,1323.54358954846,1323.54358954846
"theta1",940.905088968882,940.905088968882,940.905088968882,940.905088968882
