"","AA","AB","BA","BB"
"EV",0.239095488184931,0.23994555555373,0.238613723064602,0.241119001826267
"STD",0.00478368409353374,0.004804331126469,0.00463733897200318,0.00466444636735875
"Q.05",0.231264453221801,0.23208066789251,0.231021260573939,0.233481768617413
"Q.95",0.247001165664183,0.247885304021881,0.246276557009085,0.248826246994568
"theta0",5070.56128393165,5070.56128393165,5070.56128393165,5070.56128393165
"theta1",1598.61129950244,1598.61129950244,1598.61129950244,1598.61129950244
