"","AA","AB","BA","BB"
"EV",0.270949665846848,0.257543742985693,0.275217882685095,0.285579822436769
"STD",0.0108732947949405,0.00889305500349166,0.00921354675196557,0.00732564935585059
"Q.05",0.253221273443948,0.243030503187251,0.26017209021975,0.27359446265383
"Q.95",0.288990086608583,0.27228516390601,0.290481349566832,0.297693488694618
"theta0",765.366399868233,765.366399868233,765.366399868233,765.366399868233
"theta1",286.431065189235,286.431065189235,286.431065189235,286.431065189235
