"","AA","AB","BA","BB"
"EV",0.240755062931239,0.238587076232764,0.240044614309724,0.239881780840458
"STD",0.00484374699202298,0.00464049946175675,0.00474156752993907,0.00447137669827455
"Q.05",0.232825753861931,0.23098946972707,0.232281963424726,0.232559539285162
"Q.95",0.248760055080019,0.24625516275107,0.247880134110462,0.247268892699082
"theta0",5212.53479583035,5212.53479583035,5212.53479583035,5212.53479583035
"theta1",1644.48724720726,1644.48724720726,1644.48724720726,1644.48724720726
