"","AA","AB","BA","BB"
"EV",0.413076059931619,0.41687370826801,0.416132228303357,0.417266645213521
"STD",0.00564758678829247,0.00517780090783615,0.00636337646609662,0.00626992760228745
"Q.05",0.403799539663009,0.408367353046956,0.405681197954083,0.406968644353234
"Q.95",0.422378590329979,0.425400914973285,0.426615052057026,0.427595071129504
"theta0",3332.77901646801,3332.77901646801,3332.77901646801,3332.77901646801
"theta1",2372.48860244748,2372.48860244748,2372.48860244748,2372.48860244748
