"","AA","AB","BA","BB"
"EV",0.237903767418218,0.241740321509127,0.238919666324339,0.24802146346951
"STD",0.00666599867229009,0.00788507059440457,0.00524090008120238,0.00748026761780659
"Q.05",0.227012528257593,0.228870627649606,0.2303441408371,0.235803840138163
"Q.95",0.248941135717303,0.254809320062886,0.247584893529633,0.260411073837345
"theta0",2075.73748946313,2075.73748946313,2075.73748946313,2075.73748946313
"theta1",661.455342827278,661.455342827278,661.455342827278,661.455342827278
