"","AA","AB","BA","BB"
"EV",0.416914207709718,0.415802486535234,0.418037573340568,0.413381600871694
"STD",0.00588063213758354,0.00534625273599161,0.00609044861721821,0.0057397973159522
"Q.05",0.407254787983927,0.407019888442266,0.408033797314553,0.40395378218073
"Q.95",0.426600511314811,0.424607618268618,0.428069774743284,0.422836185869294
"theta0",3418.28166342861,3418.28166342861,3418.28166342861,3418.28166342861
"theta1",2435.32667794619,2435.32667794619,2435.32667794619,2435.32667794619
