"","AA","AB","BA","BB"
"EV",0.274673556764892,0.275543068896294,0.277465910811912,0.278456207161867
"STD",0.00475683931936185,0.00515676314466992,0.00559743313551983,0.00571588743560501
"Q.05",0.266878398439786,0.267095006308961,0.268298569349465,0.269095446459687
"Q.95",0.282526921865075,0.284059141487318,0.286712358166948,0.2878989112461
"theta0",4128.53928781735,4128.53928781735,4128.53928781735,4128.53928781735
"theta1",1578.13710833954,1578.13710833954,1578.13710833954,1578.13710833954
