"","AA","AB","BA","BB"
"EV",0.275275346321095,0.274972998175984,0.278024464146581,0.275436907924061
"STD",0.00443053594522163,0.00551608050390118,0.00561563450399537,0.00584922118405734
"Q.05",0.268012942426943,0.265938978188813,0.268827292232379,0.265859657120513
"Q.95",0.28258804094012,0.284085136244041,0.287300959269711,0.285101727296357
"theta0",4141.75197112175,4141.75197112175,4141.75197112175,4141.75197112175
"theta1",1578.38606811316,1578.38606811316,1578.38606811316,1578.38606811316
