"","AA","AB","BA","BB"
"EV",0.239784484283636,0.239612533467437,0.23887439537423,0.240585673247926
"STD",0.00451513834179434,0.00455185752733322,0.00467394089012076,0.00468565831471096
"Q.05",0.232390923542667,0.232159156805487,0.231222225163527,0.23291399731379
"Q.95",0.247244234651357,0.247133258412609,0.246597927684297,0.248328252145482
"theta0",5387.78982301852,5387.78982301852,5387.78982301852,5387.78982301852
"theta1",1698.81936280399,1698.81936280399,1698.81936280399,1698.81936280399
