"","AA","AB","BA","BB"
"EV",0.416299238423118,0.415598534092791,0.414106320341147,0.415711988947305
"STD",0.00538349238656623,0.00503136273494698,0.00568074154355544,0.00522375305292986
"Q.05",0.407455471335977,0.407332631536206,0.404775251362226,0.407130390818741
"Q.95",0.425165711619399,0.423884444797742,0.423463374798158,0.424315124210312
"theta0",4145.34829075799,4145.34829075799,4145.34829075799,4145.34829075799
"theta1",2945.96832088817,2945.96832088817,2945.96832088817,2945.96832088817
