"","AA","AB","BA","BB"
"EV",0.415026439754864,0.421417891291638,0.413820364718677,0.416867969151839
"STD",0.00537436667498058,0.00730323483023803,0.00730045093578434,0.00782862491903932
"Q.05",0.406197827599816,0.409424529656166,0.401833572797637,0.404014672854006
"Q.95",0.4238780455205,0.433450357141945,0.425850230054314,0.429768946238993
"theta0",2254.34079915556,2254.34079915556,2254.34079915556,2254.34079915556
"theta1",1611.04041269844,1611.04041269844,1611.04041269844,1611.04041269844
