"","AA","AB","BA","BB"
"EV",0.239908162962939,0.238667521136793,0.239013531679144,0.242132464237415
"STD",0.00467577856884402,0.00520781697749346,0.00473379660788169,0.00523548782114493
"Q.05",0.23225274966757,0.230145920971342,0.231263796856624,0.233564786669551
"Q.95",0.247634501535495,0.247277843690947,0.246836400169299,0.25078775328255
"theta0",4525.94841700992,4525.94841700992,4525.94841700992,4525.94841700992
"theta1",1428.76542825381,1428.76542825381,1428.76542825381,1428.76542825381
