"","AA","AB","BA","BB"
"EV",0.415289619349319,0.416862572030906,0.417028925122506,0.414966958812209
"STD",0.00565301002758686,0.00556456312593499,0.00553813711398721,0.00489603081058193
"Q.05",0.406003850915693,0.40772165370707,0.407931335293061,0.406923205726903
"Q.95",0.424600744525087,0.426027577276348,0.426150323149333,0.423029808204118
"theta0",4010.38315543892,4010.38315543892,4010.38315543892,4010.38315543892
"theta1",2857.19558173917,2857.19558173917,2857.19558173917,2857.19558173917
