"","AA","AB","BA","BB"
"EV",0.413984839484431,0.417572029733662,0.419333705240846,0.416136874767921
"STD",0.00519668813919381,0.00637868598041293,0.00609226175143924,0.00663600962113757
"Q.05",0.405447880814332,0.407095602897513,0.409326717680668,0.405238779534074
"Q.95",0.422543575788323,0.428079823817896,0.429368661092128,0.427069544833569
"theta0",3062.81337796249,3062.81337796249,3062.81337796249,3062.81337796249
"theta1",2188.57092303657,2188.57092303657,2188.57092303657,2188.57092303657
