"","AA","AB","BA","BB"
"EV",0.274304389333724,0.276241886109341,0.272513526292893,0.275316563858064
"STD",0.00530031868024174,0.00460216508980777,0.00575072306590189,0.00558878997520355
"Q.05",0.265622425171937,0.268698991291226,0.263097667630841,0.266163893865289
"Q.95",0.28305880248891,0.283838693504954,0.282015701990061,0.284549240941584
"theta0",4148.34194507739,4148.34194507739,4148.34194507739,4148.34194507739
"theta1",1570.36667036679,1570.36667036679,1570.36667036679,1570.36667036679
