"","AA","AB","BA","BB"
"EV",0.413895931879422,0.414827526775348,0.419007573093478,0.414026040077751
"STD",0.00573178423203424,0.00611019888059186,0.00578194030476289,0.00610143824850802
"Q.05",0.404481172197113,0.404791950493439,0.409509697516751,0.404004980094792
"Q.95",0.423337214960139,0.424892899366032,0.428530747026847,0.424077107512983
"theta0",3164.15191380117,3164.15191380117,3164.15191380117,3164.15191380117
"theta1",2248.75523386079,2248.75523386079,2248.75523386079,2248.75523386079
