"","AA","AB","BA","BB"
"EV",0.415669267350513,0.415102121481819,0.417283950921851,0.414784270717247
"STD",0.00540267804887786,0.00532753829227885,0.00532905776809545,0.00525435206114639
"Q.05",0.40679411433968,0.406350326583143,0.408529355654554,0.406152594560542
"Q.95",0.424567470788829,0.423876489646132,0.426060518782334,0.423437991214749
"theta0",4118.77663599987,4118.77663599987,4118.77663599987,4118.77663599987
"theta1",2930.47140906782,2930.47140906782,2930.47140906782,2930.47140906782
