"","AA","AB","BA","BB"
"EV",0.241193465482278,0.236857116829055,0.24189981537476,0.237865482226643
"STD",0.00497662145513943,0.00525333527460561,0.0056023973901775,0.00576971392077614
"Q.05",0.233047593145716,0.228261985136768,0.232735089651373,0.228430081081558
"Q.95",0.249418996890404,0.245543632007849,0.251165022147822,0.247410376667838
"theta0",3649.60129072324,3649.60129072324,3649.60129072324,3649.60129072324
"theta1",1149.1085261824,1149.1085261824,1149.1085261824,1149.1085261824
