"","AA","AB","BA","BB"
"EV",0.240970238411717,0.239586375410316,0.238844892628872,0.239586408907679
"STD",0.00477130984508795,0.00454608910540416,0.00476547608691943,0.00457104722482268
"Q.05",0.233158896376299,0.232142407248011,0.231043585160998,0.232101759692676
"Q.95",0.248854910700049,0.247097533012182,0.246720399884923,0.247138987438662
"theta0",5234.49872579574,5234.49872579574,5234.49872579574,5234.49872579574
"theta1",1650.78143575763,1650.78143575763,1650.78143575763,1650.78143575763
