"","AA","AB","BA","BB"
"EV",0.275818612364142,0.276080127575772,0.27377777444666,0.275998229768516
"STD",0.00512378298571862,0.00491024370392104,0.00500554422669977,0.00472000984799064
"Q.05",0.267424300238203,0.268034260469068,0.265576858729885,0.268262945569375
"Q.95",0.28427994325389,0.28418743485995,0.282043531643822,0.283790316121682
"theta0",4849.08847375894,4849.08847375894,4849.08847375894,4849.08847375894
"theta1",1843.2438435542,1843.2438435542,1843.2438435542,1843.2438435542
