"","AA","AB","BA","BB"
"EV",0.276768173501256,0.270614222522721,0.276738049359912,0.275185469531382
"STD",0.00518269969013081,0.00601465613776583,0.00590500984612106,0.00641083113347329
"Q.05",0.268277509778991,0.26076890650361,0.267069485115271,0.264693380875962
"Q.95",0.285326971032539,0.280555169765714,0.286495085524204,0.285782932585351
"theta0",3166.90882530197,3166.90882530197,3166.90882530197,3166.90882530197
"theta1",1200.24117647595,1200.24117647595,1200.24117647595,1200.24117647595
