"","AA","AB","BA","BB"
"EV",0.275673321909604,0.27297738854862,0.275850077666671,0.276506228592647
"STD",0.00460418072824075,0.0056307986649502,0.00521556547278181,0.00576442777174347
"Q.05",0.268127239060701,0.263756872071715,0.26730600373351,0.267066880359757
"Q.95",0.283273570719491,0.282280402187455,0.284463578726332,0.286030016557219
"theta0",4169.01811076118,4169.01811076118,4169.01811076118,4169.01811076118
"theta1",1583.40912257868,1583.40912257868,1583.40912257868,1583.40912257868
