"","AA","AB","BA","BB"
"EV",0.427268449749113,0.39663860688119,0.416928297209808,0.428760504051984
"STD",0.00801946383027514,0.00921533859247038,0.0124038118804087,0.0157603296390187
"Q.05",0.41409912897473,0.381522170091432,0.396584907584119,0.402917679340992
"Q.95",0.440481255412555,0.411838497420891,0.437391361810676,0.454767878235709
"theta0",459.703964675883,459.703964675883,459.703964675883,459.703964675883
"theta1",329.353911516716,329.353911516716,329.353911516716,329.353911516716
