"","AA","AB","BA","BB"
"EV",0.241225386552622,0.274714307239237,0.288789892829492,0.278820656859194
"STD",0.011513106505729,0.0115104149738097,0.00928411197495554,0.00885425410388809
"Q.05",0.222502706804104,0.255952467521858,0.27361992741714,0.26435505499564
"Q.95",0.260374677189207,0.293817147912663,0.304161550489597,0.293482474403157
"theta0",328.005414208002,328.005414208002,328.005414208002,328.005414208002
"theta1",121.858112658152,121.858112658152,121.858112658152,121.858112658152
