"","AA","AB","BA","BB"
"EV",0.236996248236531,0.242559081535782,0.242059417965924,0.236320290434356
"STD",0.00550833947424114,0.00543715782740189,0.00615189989821987,0.0060702784334773
"Q.05",0.227986191290162,0.233663006362585,0.232001168727643,0.226397028396098
"Q.95",0.246106684196294,0.251549380126745,0.252238702915081,0.246366017582379
"theta0",3020.53506617386,3020.53506617386,3020.53506617386,3020.53506617386
"theta1",951.197188635927,951.197188635927,951.197188635927,951.197188635927
