"","AA","AB","BA","BB"
"EV",0.413965272278917,0.415426371971044,0.417003452846579,0.415115847527517
"STD",0.00527853335653645,0.00591721036061766,0.00503287324244779,0.00586770486543829
"Q.05",0.405294035978796,0.405707211217296,0.408734895180377,0.405477940184069
"Q.95",0.4226589831333,0.425173268050125,0.425291678382195,0.424781134020668
"theta0",3837.9264258297,3837.9264258297,3837.9264258297,3837.9264258297
"theta1",2726.91673413045,2726.91673413045,2726.91673413045,2726.91673413045
