"","AA","AB","BA","BB"
"EV",0.239136341418014,0.241511748530653,0.240547169607329,0.24019760807137
"STD",0.00416527234317318,0.00502094551878026,0.0051671134491807,0.00534240225264741
"Q.05",0.232313433170901,0.233293598371101,0.232091275221263,0.231456487874471
"Q.95",0.246015822757558,0.249810810807784,0.249089311703328,0.2490311443766
"theta0",4739.67994890546,4739.67994890546,4739.67994890546,4739.67994890546
"theta1",1499.6665323751,1499.6665323751,1499.6665323751,1499.6665323751
