"","AA","AB","BA","BB"
"EV",0.419031671436788,0.416815888968529,0.412447620059925,0.418121414386644
"STD",0.00621791893759734,0.00670829207369443,0.00569431475484524,0.00640010583233604
"Q.05",0.408818630908986,0.405799122916618,0.403094555332355,0.407609748159822
"Q.95",0.429273961120262,0.427867684946527,0.421827330425966,0.428664436823415
"theta0",2782.57023640609,2782.57023640609,2782.57023640609,2782.57023640609
"theta1",1987.07456311611,1987.07456311611,1987.07456311611,1987.07456311611
