"","AA","AB","BA","BB"
"EV",0.413615170518281,0.418928802450702,0.415263489598928,0.415257633424888
"STD",0.00569483285398626,0.00583302337854618,0.00584127055689378,0.00592811074502473
"Q.05",0.404261066834727,0.409347138347955,0.405668915769737,0.405520623306719
"Q.95",0.42299554727283,0.428536240392762,0.424885146404179,0.425022539993698
"theta0",3304.72006500222,3304.72006500222,3304.72006500222,3304.72006500222
"theta1",2351.82683688078,2351.82683688078,2351.82683688078,2351.82683688078
