"","AA","AB","BA","BB"
"EV",0.274132600673213,0.27252736927104,0.28075475865191,0.2736023592516
"STD",0.00555733137935676,0.00646871068392628,0.00620129990058578,0.00678198840002271
"Q.05",0.265031542638751,0.261942008262589,0.270602094098249,0.262506704344366
"Q.95",0.283313397520514,0.283221943534077,0.291002399708087,0.284817204877537
"theta0",2667.00825858249,2667.00825858249,2667.00825858249,2667.00825858249
"theta1",1012.95106197564,1012.95106197564,1012.95106197564,1012.95106197564
