"","AA","AB","BA","BB"
"EV",0.276193068403514,0.275245309455437,0.274605047594172,0.275780530794461
"STD",0.00484409740241263,0.00441256079129233,0.00531274158240775,0.00523480309258986
"Q.05",0.268255155459986,0.268012273050354,0.265902746259628,0.267205087434065
"Q.95",0.284190731776312,0.282528239328905,0.283379991537533,0.284425947119765
"theta0",4904.68788461603,4904.68788461603,4904.68788461603,4904.68788461603
"theta1",1864.72720021398,1864.72720021398,1864.72720021398,1864.72720021398
