"","AA","AB","BA","BB"
"EV",0.415429041093941,0.414384543438177,0.416069375707744,0.417893545835796
"STD",0.00505064585373391,0.00592349834483016,0.00546155140040824,0.00602551662221842
"Q.05",0.407131518358993,0.404655251019038,0.407097575886775,0.407996300709843
"Q.95",0.423746768533057,0.424141993122601,0.425064612895348,0.427818664927866
"theta0",3686.57332561433,3686.57332561433,3686.57332561433,3686.57332561433
"theta1",2625.49915110883,2625.49915110883,2625.49915110883,2625.49915110883
