"","AA","AB","BA","BB"
"EV",0.276159154529112,0.275617583706331,0.275367433491446,0.274934686127635
"STD",0.00473031017342677,0.00477634093540303,0.0047463394996272,0.0047756704452689
"Q.05",0.268407021205604,0.267790401456036,0.267589281868491,0.267108733160072
"Q.95",0.283968276691394,0.283503080903849,0.28320326630978,0.282819205143972
"theta0",5297.73293275309,5297.73293275309,5297.73293275309,5297.73293275309
"theta1",2014.80102579531,2014.80102579531,2014.80102579531,2014.80102579531
