"","AA","AB","BA","BB"
"EV",0.278470112996158,0.273133726018408,0.274538156055434,0.274739830729683
"STD",0.00521018119433448,0.00522515397917676,0.00573731127025665,0.0057476517638978
"Q.05",0.269934215334476,0.264574653037747,0.265143573063794,0.265328334587732
"Q.95",0.287074086631119,0.281763761422469,0.284017497047541,0.284236275877942
"theta0",3754.77438346776,3754.77438346776,3754.77438346776,3754.77438346776
"theta1",1425.85375356092,1425.85375356092,1425.85375356092,1425.85375356092
