"","AA","AB","BA","BB"
"EV",0.275860947047044,0.26999153740688,0.271896058829999,0.280172183720906
"STD",0.0072692817659429,0.00649142778404872,0.00683602260728596,0.00590065663770303
"Q.05",0.263971631726518,0.259370144807883,0.260713184542305,0.270509698742159
"Q.95",0.287885146406514,0.280724792724308,0.283201422111177,0.289920994936609
"theta0",2258.75713050252,2258.75713050252,2258.75713050252,2258.75713050252
"theta1",854.568289584049,854.568289584049,854.568289584049,854.568289584049
