"","AA","AB","BA","BB"
"EV",0.278988903549674,0.273376771766904,0.276700677459824,0.275310585263368
"STD",0.00558642868815738,0.00513153618367999,0.00584628637750733,0.00552221996987242
"Q.05",0.26983910289481,0.26497036691355,0.267127837748461,0.266266464830288
"Q.95",0.288216697178341,0.281851507230649,0.286360259495377,0.284432820854878
"theta0",3683.59611104279,3683.59611104279,3683.59611104279,3683.59611104279
"theta1",1404.95950525613,1404.95950525613,1404.95950525613,1404.95950525613
