"","AA","AB","BA","BB"
"EV",0.277787546860044,0.274249976206038,0.275288302082645,0.275026788460972
"STD",0.00511644606867046,0.00503417698991165,0.00513003846884002,0.00503988647236266
"Q.05",0.269404765068514,0.266002232427373,0.266883903178581,0.266769556512876
"Q.95",0.286236278414288,0.282563098452467,0.283760122814125,0.283349207118228
"theta0",4512.1285654062,4512.1285654062,4512.1285654062,4512.1285654062
"theta1",1716.61463618985,1716.61463618985,1716.61463618985,1716.61463618985
