"","AA","AB","BA","BB"
"EV",0.415839051598241,0.414286472323649,0.415528819466806,0.418075180125267
"STD",0.00572958643070089,0.00516791041016102,0.00589291456893985,0.00554918484914315
"Q.05",0.40642757945022,0.405796689308343,0.40584949140335,0.408959306093878
"Q.95",0.425276393418688,0.42279771229679,0.425235620232325,0.427214639297444
"theta0",3701.00303589855,3701.00303589855,3701.00303589855,3701.00303589855
"theta1",2635.64805114069,2635.64805114069,2635.64805114069,2635.64805114069
