"","AA","AB","BA","BB"
"EV",0.414963613708243,0.415498257490773,0.414312803348152,0.417201862307462
"STD",0.00509082198977703,0.00606955916790333,0.00564040131487064,0.00525304109144369
"Q.05",0.406600227215798,0.405529208927556,0.405047873047098,0.408572005909035
"Q.95",0.423347647362304,0.425496462025593,0.423603285991106,0.425853091185346
"theta0",3852.65965406854,3852.65965406854,3852.65965406854,3852.65965406854
"theta1",2738.69734946977,2738.69734946977,2738.69734946977,2738.69734946977
