"","AA","AB","BA","BB"
"EV",0.23800277984381,0.239879909951955,0.240526178351198,0.2429325971771
"STD",0.00493163402618752,0.00484962499179598,0.00552428029439779,0.00546907947138556
"Q.05",0.229931037793988,0.23194124961169,0.231489001267462,0.233984452983496
"Q.95",0.246154437096171,0.247894883098751,0.249661955518991,0.251975836868244
"theta0",4047.31510906213,4047.31510906213,4047.31510906213,4047.31510906213
"theta1",1280.50619681823,1280.50619681823,1280.50619681823,1280.50619681823
