"","AA","AB","BA","BB"
"EV",0.417043756576807,0.4144011913914,0.411267895528342,0.41368374239558
"STD",0.00516286144374955,0.00655029074611867,0.00636000324410318,0.00687349193520627
"Q.05",0.408561892534641,0.403644022273103,0.400823378864956,0.402396847264534
"Q.95",0.425546307118405,0.425192786543084,0.421746130493226,0.425008882848722
"theta0",2909.48975998017,2909.48975998017,2909.48975998017,2909.48975998017
"theta1",2056.38813816373,2056.38813816373,2056.38813816373,2056.38813816373
