"","AA","AB","BA","BB"
"EV",0.417174050106897,0.412919811965286,0.410977172670421,0.421372405211441
"STD",0.00707116179388847,0.00711276096722837,0.00690670801878513,0.00694247825784751
"Q.05",0.405562253472337,0.401240888341221,0.399636471758854,0.409970584360609
"Q.95",0.428824593051403,0.424640075844312,0.422357778505465,0.432809582792856
"theta0",2009.506258248,2009.506258248,2009.506258248,2009.506258248
"theta1",1429.16172130524,1429.16172130524,1429.16172130524,1429.16172130524
