"","AA","AB","BA","BB"
"EV",0.273992861512485,0.275886820010007,0.277791024229363,0.275309502754769
"STD",0.0047959844992847,0.00579970025340045,0.00504283409117203,0.00527830720792285
"Q.05",0.266133933330283,0.266390152801678,0.269528378367557,0.266663200264259
"Q.95",0.281911228988226,0.285469319619144,0.286117733972474,0.28402717133041
"theta0",4273.9126316404,4273.9126316404,4273.9126316404,4273.9126316404
"theta1",1627.26492190147,1627.26492190147,1627.26492190147,1627.26492190147
