"","AA","AB","BA","BB"
"EV",0.276462439763387,0.274691230297087,0.274916373087149,0.275658019017214
"STD",0.00471861194315411,0.00530216588807056,0.00452811063436709,0.00526612969989465
"Q.05",0.26872934923218,0.2660061585458,0.267494658999853,0.267031498356901
"Q.95",0.284252122312568,0.283448613907236,0.282390744297749,0.284355410994454
"theta0",4883.52217256943,4883.52217256943,4883.52217256943,4883.52217256943
"theta1",1856.45608559306,1856.45608559306,1856.45608559306,1856.45608559306
