"","AA","AB","BA","BB"
"EV",0.271536862930882,0.277041583602243,0.279023895111314,0.273802571468476
"STD",0.00584497793965763,0.00618786989850192,0.00572401406840546,0.00609982241459078
"Q.05",0.261967694211135,0.266912008537445,0.269649726490749,0.263817490706192
"Q.95",0.281195786574487,0.287268114263075,0.288479927396738,0.283883935756981
"theta0",2983.99598497147,2983.99598497147,2983.99598497147,2983.99598497147
"theta1",1133.89815446026,1133.89815446026,1133.89815446026,1133.89815446026
