"","AA","AB","BA","BB"
"EV",0.412819532599362,0.417660047333483,0.416334715589136,0.415202948505086
"STD",0.0061150886160946,0.0059901914768383,0.00566002121257866,0.0054190827840613
"Q.05",0.402776311623199,0.407820786939838,0.407037279705592,0.406300949691588
"Q.95",0.422893344818605,0.427526938454922,0.425657239370557,0.424128273777053
"theta0",3372.66824063646,3372.66824063646,3372.66824063646,3372.66824063646
"theta1",2397.58999583656,2397.58999583656,2397.58999583656,2397.58999583656
