"","AA","AB","BA","BB"
"EV",0.273963513246871,0.274592297644221,0.276686601401613,0.274137883096596
"STD",0.00496493455783614,0.00554856109178318,0.00457322097361966,0.00545579735606672
"Q.05",0.265828829310962,0.265505416196428,0.26919089687171,0.265202384706128
"Q.95",0.28216191132806,0.283758421960092,0.284235383802546,0.283150229855161
"theta0",4488.72174264824,4488.72174264824,4488.72174264824,4488.72174264824
"theta1",1701.36002669129,1701.36002669129,1701.36002669129,1701.36002669129
