"","AA","AB","BA","BB"
"EV",0.262133705123022,0.229110002501645,0.230575061532391,0.244544222279168
"STD",0.00987168396380872,0.0131151735835106,0.00664913601060716,0.0107730373484613
"Q.05",0.246033138812959,0.207840484076734,0.219714907103484,0.227007853491047
"Q.95",0.278507005597455,0.250980306499483,0.241587954371096,0.262445871567
"theta0",489.783542776946,489.783542776946,489.783542776946,489.783542776946
"theta1",156.022402744657,156.022402744657,156.022402744657,156.022402744657
