"","AA","AB","BA","BB"
"EV",0.416319586975958,0.415169800757692,0.415367965232214,0.416257051321995
"STD",0.00537909489265721,0.00490885826026724,0.00550258294529555,0.00521133871721972
"Q.05",0.407483031813183,0.407104973824082,0.406328955294952,0.407695748760258
"Q.95",0.425178805332585,0.423253775697445,0.424430976590314,0.424839642115196
"theta0",4295.25113179965,4295.25113179965,4295.25113179965,4295.25113179965
"theta1",3056.89741462204,3056.89741462204,3056.89741462204,3056.89741462204
