"","AA","AB","BA","BB"
"EV",0.417172657841396,0.412145410590048,0.41625505093332,0.41321953723821
"STD",0.00530090527237205,0.00608061341626618,0.00638147848740589,0.00665434397107003
"Q.05",0.408464269971404,0.402158850469325,0.40577431028271,0.402292022800646
"Q.95",0.425902817623936,0.422162466649482,0.426767716647065,0.424183101164634
"theta0",3016.49400455447,3016.49400455447,3016.49400455447,3016.49400455447
"theta1",2137.28610218984,2137.28610218984,2137.28610218984,2137.28610218984
