"","AA","AB","BA","BB"
"EV",0.276095191883208,0.272745192481359,0.275365464728397,0.276132523519556
"STD",0.00481562765175927,0.00557998697459978,0.0049400238239442,0.00564098177419663
"Q.05",0.268203776082282,0.263607574033586,0.267271138719368,0.266894534289146
"Q.95",0.284045696503815,0.281963951568736,0.283522277285979,0.285451576750128
"theta0",4243.29019160746,4243.29019160746,4243.29019160746,4243.29019160746
"theta1",1610.26576555783,1610.26576555783,1610.26576555783,1610.26576555783
