"","AA","AB","BA","BB"
"EV",0.273792721357021,0.274712312774594,0.27904881110441,0.27552866433297
"STD",0.00503557542337275,0.00565784884201275,0.00547346719334067,0.00589646141458575
"Q.05",0.265542796599587,0.265447216257647,0.270083235323379,0.265874394847029
"Q.95",0.282108261552895,0.284059739052204,0.288089226765086,0.285271868206631
"theta0",3709.63330579213,3709.63330579213,3709.63330579213,3709.63330579213
"theta1",1412.598365297,1412.598365297,1412.598365297,1412.598365297
