"","AA","AB","BA","BB"
"EV",0.275377460339947,0.278769753141733,0.273249656995181,0.276727802451295
"STD",0.00483422251221019,0.00589961173707094,0.00571853647995448,0.00621625662300597
"Q.05",0.267455832449503,0.269109383702552,0.263886045888072,0.266552086538916
"Q.95",0.28335892159935,0.288517236016639,0.282698201899644,0.28700157208894
"theta0",3535.54148583157,3535.54148583157,3535.54148583157,3535.54148583157
"theta1",1348.06416018366,1348.06416018366,1348.06416018366,1348.06416018366
