"","AA","AB","BA","BB"
"EV",0.23952564347002,0.239641143177187,0.240255266214365,0.239302809594806
"STD",0.00429720632150578,0.00466936942932654,0.00455923603071226,0.00481270437715492
"Q.05",0.232487471412951,0.231996238260472,0.232789716396784,0.23142444379532
"Q.95",0.246623872934773,0.247356905657388,0.247788092631357,0.247256621578905
"theta0",5479.75054918054,5479.75054918054,5479.75054918054,5479.75054918054
"theta1",1727.50188632066,1727.50188632066,1727.50188632066,1727.50188632066
