"","AA","AB","BA","BB"
"EV",0.231500303507666,0.244907636868488,0.237954067961931,0.244442840262004
"STD",0.0066967353983271,0.00612207861758676,0.00805887860238628,0.00867873846855139
"Q.05",0.22056247172345,0.234896708457079,0.224805671912363,0.230286714241164
"Q.95",0.242592105022023,0.255036169591788,0.25131600473677,0.258836113137358
"theta0",1541.91743091634,1541.91743091634,1541.91743091634,1541.91743091634
"theta1",486.144553008909,486.144553008909,486.144553008909,486.144553008909
