"","AA","AB","BA","BB"
"EV",0.245686604915365,0.235005797768452,0.23398739559579,0.228700212840786
"STD",0.00624719839841191,0.00714902938330396,0.00826705399550152,0.00894100193362094
"Q.05",0.235471992543777,0.223332761287416,0.220505293207195,0.214134302116827
"Q.95",0.256023043856149,0.246850220138469,0.247700288422519,0.243545905026619
"theta0",1349.1544699711,1349.1544699711,1349.1544699711,1349.1544699711
"theta1",416.413972147429,416.413972147429,416.413972147429,416.413972147429
