"","AA","AB","BA","BB"
"EV",0.275854351323044,0.273756416401937,0.276231324266456,0.274625653947154
"STD",0.00490421858644276,0.00521779881000996,0.00469432018856384,0.00508816586965276
"Q.05",0.267818365882017,0.265209193226628,0.268537942607516,0.266289728537797
"Q.95",0.283951719098548,0.282374107930737,0.283980803574089,0.283028200034284
"theta0",4773.67230159376,4773.67230159376,4773.67230159376,4773.67230159376
"theta1",1811.83427464679,1811.83427464679,1811.83427464679,1811.83427464679
