"","AA","AB","BA","BB"
"EV",0.274981863498104,0.27427528831743,0.275878813794888,0.276355950568231
"STD",0.0048379329857156,0.00520224152686524,0.00459319335364349,0.00508869384460589
"Q.05",0.267054258563753,0.265753321849531,0.268350636821725,0.26801877666804
"Q.95",0.282969552807712,0.28286706046144,0.283460824245464,0.284758990465518
"theta0",4896.91674607856,4896.91674607856,4896.91674607856,4896.91674607856
"theta1",1860.99674228135,1860.99674228135,1860.99674228135,1860.99674228135
