"","AA","AB","BA","BB"
"EV",0.238012248779636,0.240201429890748,0.239228398447966,0.239984647008172
"STD",0.00499877069200204,0.00471308302550066,0.00485978629311126,0.00439069119278722
"Q.05",0.229831174483296,0.232485155449069,0.231273354092419,0.232793934955195
"Q.95",0.246275424162049,0.247989624648021,0.247260411012606,0.24723786589444
"theta0",5059.79482935362,5059.79482935362,5059.79482935362,5059.79482935362
"theta1",1592.27041939528,1592.27041939528,1592.27041939528,1592.27041939528
