"","AA","AB","BA","BB"
"EV",0.415710766431796,0.417016690048224,0.414651880604192,0.412200334477985
"STD",0.00518557267372716,0.00589331733283233,0.0061406112254661,0.00639375775156364
"Q.05",0.407191813987388,0.407336444927337,0.404566460777151,0.401700283413064
"Q.95",0.42425094260419,0.426723899990777,0.424767459942382,0.42273408178132
"theta0",3271.22374431759,3271.22374431759,3271.22374431759,3271.22374431759
"theta1",2319.64513351547,2319.64513351547,2319.64513351547,2319.64513351547
