"","AA","AB","BA","BB"
"EV",0.275387317887728,0.276958579968335,0.275160952798862,0.276635860821383
"STD",0.00434745320656364,0.00534746758509142,0.00514213263740138,0.00551427070863562
"Q.05",0.268260618435326,0.268199056624002,0.266736849429646,0.267604355832753
"Q.95",0.282562403022289,0.285790546499903,0.283652854177889,0.285744566959669
"theta0",4642.70749389982,4642.70749389982,4642.70749389982,4642.70749389982
"theta1",1770.25304893894,1770.25304893894,1770.25304893894,1770.25304893894
