"","AA","AB","BA","BB"
"EV",0.239028535091914,0.237863406193158,0.239749400486041,0.242952422264748
"STD",0.00498128490590481,0.00557939458812963,0.00492828040805646,0.00556054534514512
"Q.05",0.23087565504759,0.228737482235605,0.231682651522397,0.233855434919389
"Q.95",0.247262389144579,0.247091718755584,0.247895027153841,0.252147700253452
"theta0",3909.56295234224,3909.56295234224,3909.56295234224,3909.56295234224
"theta1",1233.96674692963,1233.96674692963,1233.96674692963,1233.96674692963
