"","AA","AB","BA","BB"
"EV",0.416587818141429,0.429639925348232,0.402110207542631,0.410606713988378
"STD",0.00827374737791995,0.00951021073022966,0.00962270427744793,0.0107803612656618
"Q.05",0.403005210000164,0.414026196362186,0.386324829366506,0.392922953024477
"Q.95",0.430223875470477,0.445312742504606,0.41798137305304,0.428388167532107
"theta0",717.764445294609,717.764445294609,717.764445294609,717.764445294609
"theta1",508.637692140699,508.637692140699,508.637692140699,508.637692140699
