"","AA","AB","BA","BB"
"EV",0.238622341405926,0.239876975579715,0.239135737554922,0.241315477450239
"STD",0.00470206653892894,0.00473740975611934,0.00475320533346662,0.00476619954860491
"Q.05",0.230924402764793,0.232121140688936,0.231354349545868,0.233512377119233
"Q.95",0.246392625859278,0.24770563334317,0.246990799909383,0.249191582132169
"theta0",5021.77277621452,5021.77277621452,5021.77277621452,5021.77277621452
"theta1",1583.61327819919,1583.61327819919,1583.61327819919,1583.61327819919
