"","AA","AB","BA","BB"
"EV",0.239239668883137,0.242802651975079,0.238849052965862,0.240617505334976
"STD",0.00477697138062079,0.00535936308973648,0.00480450942794706,0.00535334963610821
"Q.05",0.231419533975294,0.234033117749375,0.230984153226213,0.231858437265023
"Q.95",0.247134165050835,0.251663583019858,0.246789371114745,0.249469108204245
"theta0",4290.93269072319,4290.93269072319,4290.93269072319,4290.93269072319
"theta1",1357.89517893768,1357.89517893768,1357.89517893768,1357.89517893768
