"","AA","AB","BA","BB"
"EV",0.239798570153511,0.239450847763693,0.241186661673853,0.239674845216729
"STD",0.00446805737838518,0.0043688343685055,0.00508411017555868,0.00505431551695047
"Q.05",0.23248175826241,0.232295887095116,0.232865734927535,0.231402860102015
"Q.95",0.247180192167555,0.246667916085092,0.249590730226685,0.248029836317683
"theta0",5101.94985799716,5101.94985799716,5101.94985799716,5101.94985799716
"theta1",1611.45898561522,1611.45898561522,1611.45898561522,1611.45898561522
