"","AA","AB","BA","BB"
"EV",0.242620040219149,0.238283366875602,0.237156721531326,0.241127995134042
"STD",0.0052190715387774,0.00571812079358955,0.00504496368430121,0.00568183495417036
"Q.05",0.234078946466745,0.228931696873182,0.228900675152871,0.231834318523168
"Q.95",0.251247913323708,0.247742279257466,0.245496875033437,0.250525558363572
"theta0",3618.61775038496,3618.61775038496,3618.61775038496,3618.61775038496
"theta1",1141.50097689579,1141.50097689579,1141.50097689579,1141.50097689579
