"","AA","AB","BA","BB"
"EV",0.276606443909368,0.27491404302012,0.275795312798859,0.275457036301851
"STD",0.00482581516687797,0.00449219020236179,0.00515535854127006,0.00503263221547543
"Q.05",0.268698294303459,0.267550996207018,0.267349484164562,0.267211548300335
"Q.95",0.284573729485718,0.282328915521256,0.284308999519839,0.283767336273099
"theta0",5039.69254167175,5039.69254167175,5039.69254167175,5039.69254167175
"theta1",1918.33303402902,1918.33303402902,1918.33303402902,1918.33303402902
