"","AA","AB","BA","BB"
"EV",0.278877545174103,0.28085278626404,0.272983255465673,0.27587795657671
"STD",0.00593051284761716,0.00709267122901878,0.0053167128273865,0.00689100024125872
"Q.05",0.269166774526626,0.2692485821152,0.264274876665589,0.264603991256609
"Q.95",0.288676280697586,0.292581161829603,0.281765179950672,0.287273114256903
"theta0",2697.59928067894,2697.59928067894,2697.59928067894,2697.59928067894
"theta1",1034.32057542826,1034.32057542826,1034.32057542826,1034.32057542826
