"","AA","AB","BA","BB"
"EV",0.272207264650538,0.275168986471516,0.276728874601336,0.276059919552517
"STD",0.00545809598943653,0.00601644911631001,0.0047467535292888,0.00578386920518715
"Q.05",0.263268521904773,0.265319301063169,0.268949783087053,0.266589007542971
"Q.95",0.281223920981499,0.285111487070498,0.284565132998363,0.285616096861672
"theta0",3803.13227833601,3803.13227833601,3803.13227833601,3803.13227833601
"theta1",1442.92045782852,1442.92045782852,1442.92045782852,1442.92045782852
