"","AA","AB","BA","BB"
"EV",0.415372825675003,0.417815004953467,0.414084341736452,0.416563123359482
"STD",0.00564771193907321,0.00573748224670686,0.00534439537731519,0.00544372822310892
"Q.05",0.406095735073197,0.408390258323763,0.405305035095297,0.407620491738496
"Q.95",0.424675199175034,0.427265049333195,0.42288665355061,0.42552889474678
"theta0",3747.34781289525,3747.34781289525,3747.34781289525,3747.34781289525
"theta1",2668.93572153602,2668.93572153602,2668.93572153602,2668.93572153602
