"","AA","AB","BA","BB"
"EV",0.415863239678966,0.415529026637596,0.414532892706861,0.416459806996113
"STD",0.00553986695164769,0.00543317834632595,0.00520555291152442,0.00498198196567241
"Q.05",0.406762989328149,0.406603855106397,0.405981315702715,0.408274828549504
"Q.95",0.424987667177878,0.424477550680498,0.423106174078376,0.424664190971131
"theta0",4216.02314116468,4216.02314116468,4216.02314116468,4216.02314116468
"theta1",2998.25901875952,2998.25901875952,2998.25901875952,2998.25901875952
