"","AA","AB","BA","BB"
"EV",0.237476834764652,0.239667744911573,0.242144929982003,0.239471052499972
"STD",0.00478591124588306,0.00563699854213535,0.00486113947659098,0.00543136046492252
"Q.05",0.229642582564641,0.23044750437067,0.234186930371898,0.230585403557495
"Q.95",0.245386614311318,0.248991243257548,0.250178451607719,0.248452687612298
"theta0",4095.58186570473,4095.58186570473,4095.58186570473,4095.58186570473
"theta1",1291.2033795335,1291.2033795335,1291.2033795335,1291.2033795335
