"","AA","AB","BA","BB"
"EV",0.413403153650222,0.415292969655904,0.415743903530427,0.418342938698406
"STD",0.00594992289109161,0.00526795817334896,0.00627846645319323,0.00585465096496973
"Q.05",0.403630694787359,0.406638899938167,0.405432196352027,0.408725894407902
"Q.95",0.423204367289336,0.423969057930485,0.426086712756363,0.427986146239655
"theta0",3334.60423134216,3334.60423134216,3334.60423134216,3334.60423134216
"theta1",2372.39991237689,2372.39991237689,2372.39991237689,2372.39991237689
