"","AA","AB","BA","BB"
"EV",0.275020014456348,0.273721877973257,0.276527710297717,0.274305791835298
"STD",0.00472110208203784,0.00543641227317659,0.00474397244772592,0.0054681378980555
"Q.05",0.267283135055181,0.264818099139297,0.268753198510423,0.26535012584383
"Q.95",0.282814096222082,0.282702172802219,0.284359399111698,0.283338567538915
"theta0",4565.56728727186,4565.56728727186,4565.56728727186,4565.56728727186
"theta1",1730.91037635519,1730.91037635519,1730.91037635519,1730.91037635519
