"","AA","AB","BA","BB"
"EV",0.27659726195069,0.274106969561146,0.276098151249388,0.272740965328173
"STD",0.0050049516137617,0.00546758539834258,0.00502041863829199,0.00547100572069592
"Q.05",0.268396702252192,0.265152256303742,0.267872455999802,0.263781032389751
"Q.95",0.284861434163693,0.283138879686201,0.284388067528863,0.281778901888239
"theta0",4199.68730580457,4199.68730580457,4199.68730580457,4199.68730580457
"theta1",1592.13248614753,1592.13248614753,1592.13248614753,1592.13248614753
