"","AA","AB","BA","BB"
"EV",0.233901320340745,0.234962273778946,0.242174615947412,0.242183062902502
"STD",0.00700761105765445,0.00644906295120037,0.0064767685373739,0.00569485993976436
"Q.05",0.222458138181859,0.224424535435571,0.231588550392894,0.23286783095626
"Q.95",0.24551040004669,0.245639510042238,0.252894739056248,0.251601924294204
"theta0",2279.75080432647,2279.75080432647,2279.75080432647,2279.75080432647
"theta1",713.278984172209,713.278984172209,713.278984172209,713.278984172209
