"","AA","AB","BA","BB"
"EV",0.237465463916476,0.241103782685503,0.241334575395819,0.239455327703423
"STD",0.00488299930212943,0.00467628567774554,0.00550061522960306,0.00539660525011128
"Q.05",0.229473073788328,0.233447257824134,0.232335633947625,0.230626235769978
"Q.95",0.24553648339459,0.248830682596535,0.250430746212139,0.248379191006509
"theta0",4225.13883771274,4225.13883771274,4225.13883771274,4225.13883771274
"theta1",1333.14194331475,1333.14194331475,1333.14194331475,1333.14194331475
