"","AA","AB","BA","BB"
"EV",0.273761722934212,0.275881929508352,0.275776711154136,0.275927830145171
"STD",0.00510257416959768,0.00482384038430151,0.00473422279877654,0.00504905621985535
"Q.05",0.265402483193292,0.267977148772134,0.26801826317939,0.267655435919315
"Q.95",0.282188350095154,0.283846085676028,0.283592388893841,0.284265254532533
"theta0",4879.92231233292,4879.92231233292,4879.92231233292,4879.92231233292
"theta1",1854.20583697918,1854.20583697918,1854.20583697918,1854.20583697918
