"","AA","AB","BA","BB"
"EV",0.278880569736738,0.271273296475741,0.276782163578408,0.2791571220562
"STD",0.00564695245621534,0.00567387131735917,0.00716643950446409,0.00716967436632068
"Q.05",0.269632097338004,0.261983051220436,0.265059699217402,0.267428353813078
"Q.95",0.288208792684069,0.280648266522764,0.288634913319789,0.291014229554722
"theta0",2573.11063447651,2573.11063447651,2573.11063447651,2573.11063447651
"theta1",983.517037789199,983.517037789199,983.517037789199,983.517037789199
