"","AA","AB","BA","BB"
"EV",0.235798146429938,0.232212779688735,0.243670420643501,0.241065793901859
"STD",0.00699756636430989,0.00703832309054878,0.00620926877631833,0.00633270934175258
"Q.05",0.224370185244961,0.22072078409158,0.233518280430495,0.230714201839045
"Q.95",0.247389433429056,0.243874044556243,0.253944544104897,0.251546498798995
"theta0",2016.54137702923,2016.54137702923,2016.54137702923,2016.54137702923
"theta1",630.514573822987,630.514573822987,630.514573822987,630.514573822987
