"","AA","AB","BA","BB"
"EV",0.273823072042675,0.275874033644902,0.2771223481703,0.27305481672155
"STD",0.00511133783470681,0.00586877464252447,0.00484383555404619,0.00573646150121328
"Q.05",0.265449519508097,0.266264784290676,0.269184675766077,0.26366204524592
"Q.95",0.282264215943136,0.285571180165134,0.28511939317821,0.282533166960096
"theta0",3978.22665239974,3978.22665239974,3978.22665239974,3978.22665239974
"theta1",1508.80120671244,1508.80120671244,1508.80120671244,1508.80120671244
