"","AA","AB","BA","BB"
"EV",0.416984385945606,0.416010649408871,0.416372813156803,0.414268463220238
"STD",0.00553084551227533,0.00547889763368902,0.00528254825910739,0.00518514133744005
"Q.05",0.40789876542371,0.407010400265139,0.407694655847264,0.405750411382324
"Q.95",0.426093765470835,0.42503450252275,0.425072812575916,0.422808120176469
"theta0",4050.7883372961,4050.7883372961,4050.7883372961,4050.7883372961
"theta1",2884.46254452655,2884.46254452655,2884.46254452655,2884.46254452655
