"","AA","AB","BA","BB"
"EV",0.274322844227099,0.277585735394374,0.273614799604203,0.270937737362542
"STD",0.00600410807179198,0.00503372529744714,0.00629836459356568,0.00596950927632057
"Q.05",0.26449353226811,0.269338000613467,0.263306406377198,0.261165861199212
"Q.95",0.284245116477267,0.28589739084507,0.284025977242161,0.280803610610255
"theta0",3258.57451216998,3258.57451216998,3258.57451216998,3258.57451216998
"theta1",1230.57835904405,1230.57835904405,1230.57835904405,1230.57835904405
