"","AA","AB","BA","BB"
"EV",0.419426485220989,0.416271672907962,0.40358565429415,0.415731543554847
"STD",0.00776455691583656,0.00719098812972685,0.00908851784818689,0.00866774637125605
"Q.05",0.406677424169458,0.40446366592118,0.38867372989122,0.401503757305933
"Q.95",0.432220927800106,0.428120212566195,0.418572857693202,0.43001863047218
"theta0",1297.38750534059,1297.38750534059,1297.38750534059,1297.38750534059
"theta1",915.667014306168,915.667014306168,915.667014306168,915.667014306168
