"","AA","AB","BA","BB"
"EV",0.274097150141576,0.278532125939984,0.277601598943603,0.272131588964526
"STD",0.00587346488843553,0.00595399793528922,0.00563230621425969,0.00568831774981055
"Q.05",0.264480788165323,0.268783179625579,0.268377355316649,0.262817552403099
"Q.95",0.283802604539308,0.288369941457126,0.2869058645164,0.281530294980109
"theta0",3231.98303121421,3231.98303121421,3231.98303121421,3231.98303121421
"theta1",1229.6054758162,1229.6054758162,1229.6054758162,1229.6054758162
