"","AA","AB","BA","BB"
"EV",0.277980717335473,0.274098950871101,0.273558461766321,0.277641171627319
"STD",0.00565238745446725,0.00492079315594792,0.00602961562356743,0.00572268669628985
"Q.05",0.268723626322964,0.266036279155589,0.263687833235466,0.268269552157976
"Q.95",0.287318197121741,0.282224151900842,0.283523323508528,0.287095380519364
"theta0",3631.0207424303,3631.0207424303,3631.0207424303,3631.0207424303
"theta1",1383.00367245006,1383.00367245006,1383.00367245006,1383.00367245006
