"","AA","AB","BA","BB"
"EV",0.41576544715812,0.416161080251127,0.414426562643015,0.414497566374507
"STD",0.00492409842613794,0.00520858270209164,0.00566381742742605,0.00573062965990797
"Q.05",0.407675539732111,0.407604312681939,0.405123203509012,0.405084602034524
"Q.95",0.423874478468679,0.424739139317722,0.423755650491435,0.423936846972076
"theta0",4078.29307152972,4078.29307152972,4078.29307152972,4078.29307152972
"theta1",2895.73355427072,2895.73355427072,2895.73355427072,2895.73355427072
