"","AA","AB","BA","BB"
"EV",0.417641982772969,0.413699522818905,0.415979202429655,0.416444868459767
"STD",0.00581151304244094,0.00543130062381557,0.00574434914145856,0.00533434483546603
"Q.05",0.408095820805877,0.404777700538338,0.406543490985444,0.407681716677843
"Q.95",0.427214157363519,0.422645217612435,0.425440871234652,0.425230272568231
"theta0",3693.19946234581,3693.19946234581,3693.19946234581,3693.19946234581
"theta1",2630.18129709191,2630.18129709191,2630.18129709191,2630.18129709191
