"","AA","AB","BA","BB"
"EV",0.275118550989292,0.276171531342523,0.273810990635648,0.275672609554189
"STD",0.00503780435694038,0.00466039031669651,0.00514113248214729,0.00486173092297551
"Q.05",0.266864696660556,0.268533565609469,0.265388829235619,0.267706016389771
"Q.95",0.283437498122304,0.283864808772061,0.282301539384348,0.283699599461265
"theta0",4892.29178258272,4892.29178258272,4892.29178258272,4892.29178258272
"theta1",1857.56783267636,1857.56783267636,1857.56783267636,1857.56783267636
