"","AA","AB","BA","BB"
"EV",0.276725285428709,0.272201747866135,0.275620741247348,0.275751875726819
"STD",0.00503281281635078,0.00552330141554244,0.00517266969329197,0.00561834030290598
"Q.05",0.268479226276023,0.263156692316546,0.26714670741535,0.266550906364774
"Q.95",0.285035612196688,0.281326593090702,0.284163169754413,0.285033465044385
"theta0",4014.5085731421,4014.5085731421,4014.5085731421,4014.5085731421
"theta1",1523.37397952571,1523.37397952571,1523.37397952571,1523.37397952571
