"","AA","AB","BA","BB"
"EV",0.415552541932502,0.415356434108061,0.415666504339897,0.416619191371471
"STD",0.00502792955132967,0.00560701419430793,0.00491973488331672,0.00559103559434454
"Q.05",0.407292278690837,0.406146107888249,0.407583769381054,0.407434881305814
"Q.95",0.42383279754942,0.424591685198347,0.423768353035361,0.425827893381282
"theta0",4251.27027012873,4251.27027012873,4251.27027012873,4251.27027012873
"theta1",3025.84605843324,3025.84605843324,3025.84605843324,3025.84605843324
