"","AA","AB","BA","BB"
"EV",0.411865493295803,0.418261668416487,0.423233969525058,0.415432008100282
"STD",0.00608997991732204,0.007839314330691,0.00735269029845548,0.00854705869085715
"Q.05",0.401863625251249,0.405390429674381,0.411159041665209,0.401402034785439
"Q.95",0.421898055030802,0.431179872339637,0.435347572410101,0.429519858456051
"theta0",1791.70109320563,1791.70109320563,1791.70109320563,1791.70109320563
"theta1",1282.6096595646,1282.6096595646,1282.6096595646,1282.6096595646
