"","AA","AB","BA","BB"
"EV",0.417888776294725,0.413829941214433,0.416998772824597,0.4154117698136
"STD",0.00608299811933261,0.00579794073678458,0.00574065584115779,0.00519275546117532
"Q.05",0.407897248055621,0.404306680159217,0.407568953131057,0.406881071977884
"Q.95",0.427908714720475,0.423380363673655,0.42645418398192,0.423963830160638
"theta0",3524.2313115395,3524.2313115395,3524.2313115395,3524.2313115395
"theta1",2510.79314791798,2510.79314791798,2510.79314791798,2510.79314791798
