"","AA","AB","BA","BB"
"EV",0.240800368752306,0.237346975090821,0.240589800511949,0.237099821160725
"STD",0.00493910190049878,0.00537775228200865,0.00490565502230195,0.00538572693844681
"Q.05",0.232715713927983,0.22854923783706,0.232559682862764,0.228289189364186
"Q.95",0.248963692532988,0.246240162351765,0.248697634527779,0.246006345233528
"theta0",4099.72835675516,4099.72835675516,4099.72835675516,4099.72835675516
"theta1",1287.33160088222,1287.33160088222,1287.33160088222,1287.33160088222
