"","AA","AB","BA","BB"
"EV",0.421430493275326,0.412034093988514,0.415193626739027,0.417543567958245
"STD",0.00697051667153613,0.00613994000792421,0.00731535557242088,0.0067108268157247
"Q.05",0.40998268090931,0.401950267751911,0.403182039694425,0.406522483347093
"Q.95",0.432913920958526,0.422149056201244,0.427247732968995,0.428599385086819
"theta0",2238.82293259807,2238.82293259807,2238.82293259807,2238.82293259807
"theta1",1598.4185549998,1598.4185549998,1598.4185549998,1598.4185549998
