"","AA","AB","BA","BB"
"EV",0.277248091697857,0.274838356594649,0.274313739221506,0.276014005994121
"STD",0.00494379226658883,0.00530133568849637,0.00472391702261934,0.00520479718271521
"Q.05",0.269147219576789,0.266154603167819,0.266572400581603,0.26748746250405
"Q.95",0.285410760382026,0.283594328000313,0.282112620131887,0.284609614196052
"theta0",4627.79948116026,4627.79948116026,4627.79948116026,4627.79948116026
"theta1",1760.75684916966,1760.75684916966,1760.75684916966,1760.75684916966
