"","AA","AB","BA","BB"
"EV",0.230668634234031,0.235861733760088,0.25249652188084,0.25601130908552
"STD",0.0067161975172484,0.0105146767775949,0.00837456627066553,0.011984233527838
"Q.05",0.219699682585025,0.218752208442209,0.238826630615505,0.236509547577162
"Q.95",0.241793323544654,0.253340052580488,0.266375668258855,0.275931910931854
"theta0",670.924576535307,670.924576535307,670.924576535307,670.924576535307
"theta1",216.263008404257,216.263008404257,216.263008404257,216.263008404257
