"","AA","AB","BA","BB"
"EV",0.272556644616746,0.279426521977855,0.27634327701245,0.276474883860944
"STD",0.00564687339607781,0.00633768769699179,0.00512898303697435,0.00646375120167037
"Q.05",0.263310042017787,0.269052086289979,0.267940360995882,0.265896160440002
"Q.95",0.281886450133868,0.289901049694985,0.284813112022795,0.287159806819642
"theta0",3182.40219070431,3182.40219070431,3182.40219070431,3182.40219070431
"theta1",1214.44226493263,1214.44226493263,1214.44226493263,1214.44226493263
