"","AA","AB","BA","BB"
"EV",0.41585292246981,0.415996429433989,0.415394743453875,0.41327745779942
"STD",0.00509593660342116,0.00523337682575787,0.00582201408267634,0.00586825623217284
"Q.05",0.40748102902254,0.407399002331628,0.405831733222794,0.403638961602602
"Q.95",0.424245275550238,0.424615395920403,0.424984614218849,0.422943967778771
"theta0",3859.73606748561,3859.73606748561,3859.73606748561,3859.73606748561
"theta1",2739.62077987999,2739.62077987999,2739.62077987999,2739.62077987999
