"","AA","AB","BA","BB"
"EV",0.41198051335912,0.409791340170529,0.419891477967807,0.416583773122788
"STD",0.0078985188036281,0.00735985455637762,0.00718217821887458,0.00619194490012013
"Q.05",0.39901419485841,0.397708280326795,0.408096989146132,0.40641379969767
"Q.95",0.424998399204223,0.421920358844621,0.431724557913225,0.426783678185303
"theta0",1957.74259077796,1957.74259077796,1957.74259077796,1957.74259077796
"theta1",1386.34404519112,1386.34404519112,1386.34404519112,1386.34404519112
