"","AA","AB","BA","BB"
"EV",0.41280004647861,0.417195141924415,0.411832310726641,0.414154742432149
"STD",0.00608748128205393,0.00522179118082294,0.00674889598300573,0.00653057132002975
"Q.05",0.402802102532089,0.408616562220573,0.400750099184296,0.403429958777757
"Q.95",0.422828313212242,0.425794842345028,0.422952234314197,0.424913849597389
"theta0",2993.34361870079,2993.34361870079,2993.34361870079,2993.34361870079
"theta1",2114.75161746291,2114.75161746291,2114.75161746291,2114.75161746291
