"","Mean","SD","MCSE","ESS","LB","Median","UB"
"u0",10.0522754488416,4.00632439774358,0.129460737654096,23.5706706126219,2.56697437241277,9.56251945851539,17.0218517662984
"u1",8.90782900719525,3.98499526288229,0.128863389911292,21.6139231665739,1.50517167521927,8.41136704246446,15.868549312466
"Deviance",6643.04913760915,3.13512561818865,0.0878976744010075,240.464579347391,6640.4136514592,6641.89094519418,6652.03856564695
"",1,0,0,2.22044604925031e-16,1,1,1
"",NA,NA,NA,NA,NA,NA,NA
"u0",NA,NA,NA,NA,NA,NA,NA
"u1",NA,NA,NA,NA,NA,NA,NA
