"","Mean","SD","MCSE","ESS","LB","Median","UB"
"u0",8.12594743435055,3.18547354192827,0.102127972808631,57.270045368729,1.6749957230203,8.07290656434521,14.2328448678536
"u1",6.98990177135016,3.14813596037745,0.10112401983195,52.6485124900239,0.723990037048643,6.91999493555372,13.0760448844455
"Deviance",6643.94927293381,3.62692823811901,0.104345321706619,242.227905658873,6640.45666780404,6642.72932461774,6653.75868310196
"",1,0,0,2.22044604925031e-16,1,1,1
"",-3321.04579319603,NA,NA,NA,NA,NA,NA
"u0",11.3604041490903,1.12784350606671,0.0757598973991219,11.9254823807723,9.23549286971526,11.2819194812771,13.4568758908769
"u1",10.2062148885073,1.12783264038877,0.0757599009490758,11.9548104937489,8.08198380574034,10.1282588729777,12.3052629622957
"Deviance",6641.490566457,1.40890090268487,0.00899644110796392,20796.7025278928,6640.4277601595,6640.96553533664,6645.49851183861
"",1,0,0,2.22044604925031e-16,1,1,1
