"","Mean","SD","MCSE","ESS","LB","Median","UB"
"u0",9.87809975372763,3.41808682571873,0.110378318400125,26.5904714536944,2.57993761948111,10.325378732915,16.5903321061146
"u1",8.91910198855252,3.3991398368888,0.109840140305467,24.5235245774321,1.66694472897609,9.35895254316051,15.625537251851
"Deviance",7100.40461204225,3.05979115318007,0.0856464695264097,211.051100494581,7098.01969355219,7099.21711928229,7109.41420804413
"",1,0,0,2.22044604925031e-16,1,1,1
"",-3546.29731938418,NA,NA,NA,NA,NA,NA
"u0",8.7681205864081,3.18729596678165,0.140894977601124,22.0309594667894,2.01984509307554,9.11049619799949,14.3954125656716
"u1",7.81296024648188,3.16100329379372,0.13988299365785,20.94060171186,1.18142392855239,8.14268667714833,13.4319163522675
"Deviance",7100.93305523878,3.39785931369001,0.1336942928654,112.281741196299,7098.03929215774,7099.6287190312,7110.50824660785
"",1,0,0,2.22044604925031e-16,1,1,1
