"","Mean","SD","MCSE","ESS","LB","Median","UB"
"u0",8.06604377182395,3.69249506613809,0.118781853672551,40.8875862658032,1.65026237633652,7.8431225026053,17.8262284318701
"u1",7.11025450426257,3.66947560804408,0.118179629600984,37.9860229953611,0.835544631969715,6.87561654780195,16.863403141735
"Deviance",7101.44254082346,3.40760921358867,0.0963835487877039,273.006458724471,7098.05248110592,7100.31339814386,7110.56402330691
"",1,0,0,2.22044604925031e-16,1,1,1
"",-3548.96369323792,NA,NA,NA,NA,NA,NA
"u0",13.1799674937033,3.25106802661179,0.219624590118553,2.08961852036792,8.37998990058028,12.7872044768427,18.7326219389713
"u1",12.2129838046156,3.25132242565873,0.219642394659017,2.05143765706195,7.40505144857217,11.8208953494431,17.7624741405675
"Deviance",7099.10142693268,1.42661556634795,0.00908727645833159,10893.1327010471,7098.00306831598,7098.58620413305,7103.14400692822
"",1,0,0,2.22044604925031e-16,1,1,1
