"","Mean","SD","MCSE","ESS","LB","Median","UB"
"u0",16.6620563304194,6.25855200627435,0.203108375692619,4.92093724906683,4.1644600498987,18.0222088162773,26.3614777661656
"u1",16.3223072364011,6.25636297328708,0.203042279765716,4.95899042885839,3.83325288979923,17.6787144187466,26.0204945768529
"Deviance",8187.10145346906,2.27824819105294,0.0178022320333499,279.264490008942,8185.59595485926,8186.21186887845,8193.94239144267
"",1,0,0,2.22044604925031e-16,1,1,1
"",NA,NA,NA,NA,NA,NA,NA
"u0",NA,NA,NA,NA,NA,NA,NA
"u1",NA,NA,NA,NA,NA,NA,NA
