"","Mean","SD","MCSE","ESS","LB","Median","UB"
"u0",6.31946921146689,2.51116960258354,0.079588907870059,112.001404324654,0.994960768689429,6.48630958003406,10.6600826472565
"u1",5.97878481585819,2.50050361819196,0.0793329022425202,110.111212426917,0.711730983320508,6.13798086640617,10.3173182340178
"Deviance",8189.35089124697,3.49164281810277,0.0981552842790686,340.804428125204,8185.71488296806,8188.24603040291,8198.37585467254
"",1,0,0,2.22044604925031e-16,1,1,1
"",-4092.16861371926,NA,NA,NA,NA,NA,NA
"u0",6.73247561953336,2.54512475248385,0.101665558493886,55.1380373282044,1.30333173144721,6.79552047481862,10.9829944030719
"u1",6.39068763708993,2.53762934514497,0.10144096578795,52.4589940503376,0.998192457782707,6.44819674785969,10.6412456579104
"Deviance",8188.95896503662,3.29223553663033,0.115211233314437,202.10044723775,8185.67768168931,8187.88482282407,8197.77729266461
"",1,0,0,2.22044604925031e-16,1,1,1
