"","Mean","SD","MCSE","ESS","LB","Median","UB"
"u0",9.13720487340997,2.90781579698361,0.0937866538013971,36.0669650786201,2.31184942764241,9.67797039831869,13.5118799059837
"u1",8.79845637325704,2.90158294758738,0.0936147598470089,34.7498890455558,1.97460231038373,9.33716313087675,13.1728510331504
"Deviance",8187.99732662952,2.99265220648737,0.0834923594528329,197.554504703599,8185.63047454455,8186.85958769498,8196.91871636452
"",1,0,0,2.22044604925031e-16,1,1,1
"",-4093.21483848521,NA,NA,NA,NA,NA,NA
"u0",10.0105531345172,2.18833173865153,0.121835976079373,5.7345739581803,5.26241936315591,10.2757650362044,13.4495559801286
"u1",9.6697851450906,2.18866764524722,0.121855040672267,5.7884152450167,4.91350054397087,9.93599423541559,13.1052372447499
"Deviance",8187.18935754969,1.84774814807464,0.0200754469179352,152.358175752369,8185.6250790575,8186.52414702708,8192.25380333463
"",1,0,0,2.22044604925031e-16,1,1,1
