"","Mean","SD","MCSE","ESS","LB","Median","UB"
"u0",6.71206493004555,3.20548393565636,0.102511701534762,76.7748263942757,0.992307840991961,6.30792568353904,13.3994768982677
"u1",6.37841595726251,3.19414533439854,0.102205516960052,75.2797426032571,0.728745126974883,5.96634340488728,13.057906584286
"Deviance",8190.38386352569,3.99199171225083,0.116247889349088,270.151668200103,8185.68162511252,8189.48120396575,8199.97512059277
"",1,0,0,2.22044604925031e-16,1,1,1
"",-4092.30934385342,NA,NA,NA,NA,NA,NA
"u0",11.3557186670296,1.6888995426437,0.113879229866964,5.24457037513003,8.28204619268897,11.165447277938,14.6480972577535
"u1",11.0150993003377,1.68889108909077,0.113878383792161,5.31784987691327,7.93902919173045,10.8242773096673,14.3104654915376
"Deviance",8186.72614047905,1.44767566056159,0.00974315049391078,11717.6081791799,8185.61060362384,8186.2029167572,8190.79809449236
"",1,0,0,2.22044604925031e-16,1,1,1
