"","Mean","SD","MCSE","ESS","LB","Median","UB"
"u0",15.672406675639,6.46307667666062,0.209640686701619,7.12646308267799,3.19242976067385,17.3153562476579,24.5640651127618
"u1",14.7108716040517,6.4518019106094,0.209303171938854,6.79360730633397,2.26573071188893,16.3487506264145,23.5951147381996
"Deviance",7099.89598518722,2.7378495520778,0.0579786779534791,221.246423882462,7097.9993057251,7098.78345534165,7108.21575594777
"",1,0,0,2.22044604925031e-16,1,1,1
"",NA,NA,NA,NA,NA,NA,NA
"u0",NA,NA,NA,NA,NA,NA,NA
"u1",NA,NA,NA,NA,NA,NA,NA
