"","Mean","SD","MCSE","ESS","LB","Median","UB"
"u0",6.36204853211346,2.88344759838188,0.0917123098009753,92.1068947784745,0.94791649833156,6.25039333315728,12.7968873498462
"u1",6.01394803700879,2.87908916077384,0.0916628650232995,90.1959865737134,0.661299088801752,5.89167249271098,12.4560941698234
"Deviance",8189.3160577556,3.39480800748755,0.0940816934390089,397.288108178646,8185.69574048629,8188.28947546433,8197.89720853428
"",1,0,0,2.22044604925031e-16,1,1,1
"",-4093.35307425498,NA,NA,NA,NA,NA,NA
"u0",6.02717340030372,2.58524749276563,0.102455577504146,81.557821008697,0.869470734415628,6.06923583991314,10.2544798297609
"u1",5.67906254625101,2.57869034978789,0.102325933084975,79.4368321216297,0.587785145600619,5.70786248643499,9.91285945450968
"Deviance",8189.48905278801,3.44554645760162,0.120162207761166,260.808237005696,8185.73581830854,8188.49241653437,8198.07727866153
"",1,0,0,2.22044604925031e-16,1,1,1
