"","Mean","SD","MCSE","ESS","LB","Median","UB"
"u0",6.50340183219614,2.48706915468655,0.0788731419421448,115.146154423472,1.07523231591922,6.7662292249332,10.436642296829
"u1",6.16326584377074,2.47693317729945,0.0786369812044143,111.371144128198,0.787246565593016,6.41878272121614,10.0958653586105
"Deviance",8189.20805913565,3.47567923653349,0.0977643634866046,354.372237641464,8185.71218837978,8188.0509989251,8198.31846261646
"",1,0,0,2.22044604925031e-16,1,1,1
"",-4094.15736504442,NA,NA,NA,NA,NA,NA
"u0",5.82953863134032,2.28347377433898,0.108956752042346,73.5667759774019,0.766513540330804,6.04973237637305,9.51358166818423
"u1",5.48939719926294,2.27189707137174,0.108536046902653,71.2255630113144,0.475894150395854,5.70391196620966,9.17445647873334
"Deviance",8189.81555302877,3.60311001189177,0.154098308159329,198.280631603343,8185.81842115095,8188.78004673061,8198.97019575524
"",1,0,0,2.22044604925031e-16,1,1,1
