"","Mean","SD","MCSE","ESS","LB","Median","UB"
"u0",12.3062338128526,6.90617524182844,0.223994591884962,7.18586612943253,2.33235345249631,10.5370032538609,25.7012114434811
"u1",11.9683558653521,6.90228296361466,0.223880747805875,6.84401315820114,2.01393678570287,10.195408066425,25.3594539355901
"Deviance",8188.093743054,3.08989171590588,0.086999856612988,193.746482709588,8185.6020537531,8186.87724338817,8197.03406300628
"",1,0,0,2.22044604925031e-16,1,1,1
"",NA,NA,NA,NA,NA,NA,NA
"u0",NA,NA,NA,NA,NA,NA,NA
"u1",NA,NA,NA,NA,NA,NA,NA
