"","Mean","SD","MCSE","ESS","LB","Median","UB"
"u0",6.58605061697339,3.10922369008553,0.0987297595642319,99.9760879025214,0.840395325429599,6.5168388873702,13.6585811335393
"u1",5.66410575065714,3.0556264277053,0.0972788132952365,92.5093282466883,0.186408835576711,5.57230223103513,12.6911994829398
"Deviance",7101.70113777557,3.46058533459965,0.0952490318212961,473.983858099745,7098.07953616304,7100.56460493742,7110.59851136522
"",1,0,0,2.22044604925031e-16,1,1,1
"",-3549.73768791704,NA,NA,NA,NA,NA,NA
"u0",6.58605061697339,3.10922369008553,0.0987297595642319,99.9760879025214,0.840395325429599,6.5168388873702,13.6585811335393
"u1",5.66410575065714,3.0556264277053,0.0972788132952365,92.5093282466883,0.186408835576711,5.57230223103513,12.6911994829398
"Deviance",7101.70113777557,3.46058533459965,0.0952490318212961,473.983858099745,7098.07953616304,7100.56460493742,7110.59851136522
"",1,0,0,2.22044604925031e-16,1,1,1
